key	英文原文	当前中文	修改列(填这里覆盖)	备注
About.Assets	ASSETS	素材		
About.Contributors	CONTRIBUTORS	贡献者		
About.CoreTeam	CORE TEAM	核心团队		
About.FliteTts	Flite TTS	Flite TTS		
About.FliteTtsBy	by Carnegie Mellon University	由卡内基梅隆大学制作		
About.Job.Art	Art	美术		
About.Job.Audio	Audio	音效		
About.Job.Code	Code	代码		
About.Job.CodeAndDesign	Code & Design	代码与设计		
About.Job.Design	Design	设计		
About.RobotoFont	Roboto Font	Roboto 字体		
About.RobotoFontBy	by Christian Robertson	由 Christian Robertson 制作		
Account.Dialog.DeleteAccount	Delete Account	删除账户		
Account.Dialog.Header	LOGIN TO EXISTING ACCOUNT	登录已有账户		
Account.Dialog.LoggedInAs	Logged in as:	已登录为：		
Account.Dialog.Logout	LOG OUT	注销		
Account.Dialog.LostPassword.Link	Click Here	点此		
Account.Dialog.LostPassword.Prefix	Lost your password? 	忘记密码？ 		
Account.Dialog.Password.Placeholder	Password	密码		
Account.Dialog.Register.Link	Register Here	点此注册		
Account.Dialog.Register.Prefix	Don't have an account? 	还没有账户？ 		
Account.Dialog.Username.Placeholder	Username	用户名		
Account.Dialog.ViewProfile	View Profile	查看资料		
AddNoiseViewModel.NoDescriptionProvided	No description has been provided.	未提供说明。		
AddNoiseViewModel.RecentlyUsedFilter	Recently Used	最近使用		
AddNoiseViewModel.RecentlyUsedFilterDescription	Show recently used at the top of the list.	在列表顶部显示最近使用的项。		
AddNoiseViewModel.RecentlyUsedSubtitle	Recently used	最近使用		
AddNoiseViewModel.Title	Add Noise Modifier	添加噪声修改器		
Career.Contracts.Any.DescriptionFormat	Complete at least {0}	至少完成 {0}		
Career.Contracts.Any.DisplayValueFormat	{0} Complete	{0} 已完成		
Career.Contracts.CompletedFormat	The contract '{0}' has been completed!	合约「{0}」已完成！		
Career.Contracts.CompletedReward	You have completed the contract [highlight]{0}[/highlight]	你完成了合约 [highlight]{0}[/highlight]		
Career.Contracts.CraftEvent.Destroyed	Destroyed	已损毁		
Career.Contracts.CraftEvent.Docked	Docked	已对接		
Career.Contracts.CraftEvent.Explosion	Explosion	爆炸		
Career.Contracts.FailedLog	Contract failed: {0} and player has lost {1}	合约失败：{0}，玩家损失 {1}		
Career.Contracts.Difficulty.Easy	Easy	简单		
Career.Contracts.Difficulty.Hard	Hard	困难		
Career.Contracts.Difficulty.Medium	Medium	中等		
Career.Contracts.FailedFormat	The contract '{0}' has been failed!	合约「{0}」已失败！		
Career.Contracts.Location.GetToFormat	Get to {0}	前往 {0}		
Career.Contracts.Location.TargetTooltip	Target Location	目标位置		
Career.Contracts.Payload.Destroyed	Destroyed	已损毁		
Career.Contracts.Payload.FoundConfirmation	We found it! Please, carry on with your rocket science.	我们找到了！请继续你的火箭研究。		
Career.Contracts.Payload.LaunchWithFormat	Launch with {0}	搭载 {0} 发射		
Career.Contracts.Payload.LostPrompt	We can't find the payload part. Would you like me to check your current craft for it?	找不到载荷零件。要我在当前载具中检查一下吗？		
Career.Contracts.Payload.MissingTooltip	Payload is missing	缺少载荷		
Career.Contracts.Payload.Nominal	Nominal	正常		
Career.Contracts.Payload.NotFoundError	Sadly, we could not find the payload part in this craft.	很遗憾，在此载具中找不到载荷零件。		
Career.Contracts.Payload.WarpBlocked	Cannot warp while carrying this payload.	携带此载荷时无法进行时间加速。		
Career.Contracts.Payloads.VehicleContainer.Name	Vehicle Container	载具容器		
Career.Contracts.Payloads.SuppliesContainer.Name	Supplies Container	补给容器		
Career.Contracts.Payloads.LunarImpactor.Name	Lunar Impactor	月球撞击器		
Career.Contracts.Payloads.LunarLander.Name	Lunar Lander	月球着陆器		
Career.Contracts.Payloads.LunarRover.Name	Lunar Rover	月球巡视车		
Career.Contracts.Payloads.FragileCrate.Name	Fragile Crate	易碎货箱		
Career.Contracts.Payloads.StrandedDrood.Name	Stranded Drood	受困 Drood		
Career.Contracts.Payloads.TravelerProbe.Name	Traveler Probe	旅行者探测器		
Career.Contracts.PayloadDetached.DefaultDescription	Detach the payload	分离载荷		
Career.Contracts.TrackedLaunch.DefaultDescription	Launch a new craft	发射新载具		
Career.Contracts.TrackedLaunch.FlightDescription	This contract is assigned to other craft<br>Click the button to update it	此合约已分配给其他载具<br>点击按钮进行更新		
Career.Contracts.TrackedLaunch.TrackThisCraftPrompt	Would you like to start tracking this craft instead?	要改为跟踪此载具吗？		
Career.Contracts.TrackedLaunch.TrackTooltip	Track this craft	跟踪此载具		
Career.Contracts.TrackedLaunch.WrongCraft	Wrong Craft	载具错误		
Career.Contracts.TrackSpawnedCraft.Destroyed	Destroyed	已损毁		
Career.Exploration.Contact	Contact with the surface	与地表接触		
Career.Exploration.FlyBy	Fly-By (hyperbolic orbit)	飞掠（双曲轨道）		
Career.Exploration.LandmarkFound	Landmark '{0}' found!	发现地标「{0}」！		
Career.Exploration.LandmarkVisited	You have visited the landmark [highlight]{0}[/highlight]	你访问了地标 [highlight]{0}[/highlight]		
Career.Exploration.Landmarks	Visited all landmarks	访问所有地标		
Career.Exploration.Milestones	Completed all milestones	完成所有里程碑		
Career.Exploration.Orbit	Elliptical orbit	椭圆轨道		
Career.LocationNode.PointOfInterest	Point of Interest	兴趣点		
Career.Milestones.Complete	COMPLETE	已完成		
Career.Milestones.TierComplete	Milestone '{0}' tier {1} complete	里程碑「{0}」第 {1} 级完成		
Career.Milestones.TierCompleteReward	You have completed tier [highlight]{0}[/highlight] of [highlight]{1}[/highlight] by exceeding {2}\n\n<size=85%><color=#ffffff50>{3}</color></size>	你超额达成 {2}，完成了 [highlight]{1}[/highlight] 的第 [highlight]{0}[/highlight] 级\n\n<size=85%><color=#ffffff50>{3}</color></size>		
Career.Milestones.PlanetPrefixFormat	{0}: 	{0}：		
Career.Milestones.TierLabel	TIER {0}	等级 {0}		
Career.Orbit.BetweenFormat	{0} between {1} & {2}	{0} 在 {1} 与 {2} 之间		
Career.Orbit.PlusMinusFormat	 (±{0})	 （±{0}）		
Career.Orbit.Property.Apoapsis	Apoapsis	远拱点		
Career.Orbit.Property.Eccentricity	Eccentricity	偏心率		
Career.Orbit.Property.Inclination	Inclination	倾角		
Career.Orbit.Property.Periapsis	Periapsis	近拱点		
Career.Race.CheckpointNameFormat	Checkpoint {0}	检查点 {0}		
Career.Race.FlightDescription.GetToStart	Get to the Start Checkpoint	前往起点检查点		
Career.Race.FlightDescription.Go	Go through all the checkpoints	依次通过所有检查点		
Career.Race.FlightDescription.TimeLeftFormat	You have {0} left	剩余 {0}		
Career.Race.FlightDescription.TimeLeftLapsFormat	You have {0} left to complete {1} laps	剩余 {0}，需完成 {1} 圈		
Career.Race.GoalAllCheckpoints	Go through all checkpoints	通过所有检查点		
Career.Race.GoalCompleteLapsFormat	Complete {0} laps	完成 {0} 圈		
Career.Race.GoalInTimeFormat	 in under {0}.	 且用时少于 {0}。		
Career.Race.GoalPeriod	.	。		
Career.Race.GoalTrackDistanceFormat	 Track distance is {0}.	 赛道距离为 {0}。		
Career.Race.NotStarted	Not started	未开始		
Career.Race.StartCheckpointName	Start Checkpoint	起点检查点		
Career.Race.TargetLocationButton	Target Location	目标位置		
Career.Research.InsufficientTechPoints	Insufficient Tech Points	科技点不足		
Career.Research.PartPriceMassFormat	{0}\n\n<b>Price: {1}\nMass: {2}</b>	{0}\n\n<b>价格：{1}\n质量：{2}</b>		
Career.Research.RequiresContract	Must complete '{0}' contract	必须完成「{0}」合约		
Career.Research.RequiresParent	Requires {0}	需要 {0}		
Career.Research.UnlockButtonFormat	UNLOCK\n<size=75%>{0} TECH POINTS</size>	解锁\n<size=75%>{0} 科技点</size>		
Career.Research.UnlockMoreInTechTreeSuffix	You can unlock more in the Tech Tree.	你可以在科技树中解锁更多。		
Career.Research.VariablePartSuffix	\n<size=30%>\n</size><size=50%>Base mass and price, subject to change based on the part configuration.</size>	\n<size=30%>\n</size><size=50%>基础质量与价格，会根据零件配置而变化。</size>		
Career.Status.NotYetCompleted	Not Yet Completed	尚未完成		
Career.StringProcessor.Compass.E	E	东		
Career.StringProcessor.Compass.N	N	北		
Career.StringProcessor.Compass.S	S	南		
Career.StringProcessor.Compass.W	W	西		
Career.StringProcessor.MachFormat	Mach {0:n1}	马赫 {0:n1}		
Career.Validation.AstronautCrewNotAvailable	The astronaut does not have an available crew member assigned.	该宇航员没有分配可用的乘员。		
Career.Validation.AstronautNoCrew	The astronaut does not have a crew member assigned.	该宇航员没有分配乘员。		
Career.Validation.BadAttachment	The part is using an invalid attachment. Connecting two shafts to each other isn't supported.	该零件使用了无效的连接方式。不支持将两根轴相互连接。		
Career.Validation.ChamberPressureOutOfRange	The chamber pressure has been tinkered to be out of range.	燃烧室压力已被调整到超出范围。		
Career.Validation.ChuteCordTooLong	The cord is too long.	绳索过长。		
Career.Validation.ChuteRadiusTooLarge	The radius is too large.	半径过大。		
Career.Validation.ClampingNotAvailable	Clamping fuselages is not available yet.	机身夹紧功能尚不可用。		
Career.Validation.CommandBatteryTooLarge	There's too much volume in the command disc dedicated to its battery.	指令盘中分配给电池的空间过多。		
Career.Validation.CommandGyroscopesTooLarge	There's too much volume in the command disc dedicated to its gyroscopes.	指令盘中分配给陀螺仪的空间过多。		
Career.Validation.CommandPodTooManyStages	This command unit has too many stages assigned.	此指令单元分配的分级过多。		
Career.Validation.CraftTooHeavyForLocation	This craft is too heavy for the selected launch location. {0} > {1}	此载具对所选发射场来说过重。{0} > {1}		
Career.Validation.CraftTooManyParts	Craft has too many parts. {0} > {1}	载具零件过多。{0} > {1}		
Career.Validation.CraftTooTall	Craft is too tall. {0} > {1}	载具过高。{0} > {1}		
Career.Validation.CraftTooTallForLocation	This craft is too tall for the selected launch location. {0} > {1}	此载具对所选发射场来说过高。{0} > {1}		
Career.Validation.CraftTooWide	Craft is too wide. {0} > {1}	载具过宽。{0} > {1}		
Career.Validation.CraftTooWideForLocation	This craft is too wide for the selected launch location. {0} > {1}	此载具对所选发射场来说过宽。{0} > {1}		
Career.Validation.CrewCompartmentNotAvailable	This crew compartment isn't available yet.	此乘员舱尚不可用。		
Career.Validation.CustomCurvesNotAvailable	Custom nose cone curves are not available yet.	自定义头锥曲线尚不可用。		
Career.Validation.DragDisabled	This part has had its drag disabled, use a non-tinkered part.	此零件的阻力已被禁用，请使用未经调整的零件。		
Career.Validation.DragScaleModified	This part has had its drag scale modified, use a non-tinkered part.	此零件的阻力系数已被修改，请使用未经调整的零件。		
Career.Validation.DuplicateContractReference	Too many parts referencing the same contract {0}#{1}.	引用同一合约 {0}#{1} 的零件过多。		
Career.Validation.EngineTypeNotAvailable	{0} engine type is not available yet.	{0} 发动机类型尚不可用。		
Career.Validation.FuelGrainNotAvailable	{0} fuel grain is not available yet.	{0} 燃料药柱尚不可用。		
Career.Validation.FuelLineNotAvailable	Adding fuel lines to parts is not available yet.	尚不可为零件添加燃料管线。		
Career.Validation.FuelTypeNotAvailable	{0} fuel type is not available yet.	{0} 燃料类型尚不可用。		
Career.Validation.FuselageAsymPinch	The pinch has to be the same on both ends of the fuselage.	机身两端的收缩量必须一致。		
Career.Validation.FuselageTooMuchDeadWeight	The fuselage dedicates too much of its volume to dead weight.	机身用于配重的体积过多。		
Career.Validation.FuselageTooSlanted	The fuselage is too slanted.	机身倾斜过度。		
Career.Validation.GearForwardOffsetOutOfRange	The landing gear forward offset is out of range.	起落架前向偏移超出范围。		
Career.Validation.GearHeightOffsetOutOfRange	The landing gear height offset is out of range.	起落架高度偏移超出范围。		
Career.Validation.GearSideOffsetOutOfRange	The landing gear side offset is out of range.	起落架侧向偏移超出范围。		
Career.Validation.GimbalRangeOutOfRange	The gimbal range has been tinkered to be out of range.	矢量摆动范围已被调整到超出范围。		
Career.Validation.HeatshieldTooMuch	You can't use as much heatshielding treatment yet.	你暂时无法使用这么多隔热层。		
Career.Validation.HybridJetEngineNotAvailable	Hybrid jet engine is not available yet.	混合喷气发动机尚不可用。		
Career.Validation.InsufficientFunds	This craft costs {0} to launch from {1}, but your company has only {2} available. While in debt, milestones and exploration aren't evaluated, so you won't earn their prizes.	此载具从 {1} 发射需花费 {0}，但你的公司只有 {2}。处于负债状态时，里程碑与探索将不予评定，因此无法获得其奖励。		
Career.Validation.InsufficientPayloads	This craft has {0} payload(s) of this type, but only {1} payload(s) are available from active contracts.	此载具有 {0} 个此类载荷，但进行中的合约仅提供 {1} 个。		
Career.Validation.InvalidParts	The craft contains invalid parts for this level.	载具包含此等级不允许的零件。		
Career.Validation.InvalidPartsKey	Invalid Parts	无效零件		
Career.Validation.JetEngineAfterburnerNotAvailable	Jet engine afterburner is not available yet.	喷气发动机加力燃烧室尚不可用。		
Career.Validation.JetEngineBypassRatioTooHigh	Jet engine bypass ratio is too high.	喷气发动机涵道比过高。		
Career.Validation.JetEngineCompressionRatioTooHigh	Jet engine compression ratio is too high.	喷气发动机压缩比过高。		
Career.Validation.JetEngineReverseThrustNotAvailable	Jet engine reverse thrust is not available yet.	喷气发动机反推尚不可用。		
Career.Validation.MassScaleModified	This part has had its mass scale modified, use a non-tinkered part.	此零件的质量系数已被修改，请使用未经调整的零件。		
Career.Validation.MissingPart	The craft is missing a required part.	载具缺少必需的零件。		
Career.Validation.MissingPartKey	Missing Part	缺少零件		
Career.Validation.MissingPartsKey	Missing Parts	缺少多个零件		
Career.Validation.ModifierNewerVersion	The {0} modifier has a newer version, you may miss some features or fixes by keeping it.	{0} 修改器有更新的版本，继续使用可能会缺少部分功能或修复。		
Career.Validation.ModifierOutdated	The {0} modifier is outdated, you need to replace it with a new one.	{0} 修改器已过时，需要替换为新的修改器。		
Career.Validation.MotorBrakeTorqueTooHigh	There's too much brake torque in the motor.	电机的制动扭矩过大。		
Career.Validation.MotorPowerTinkered	This part has been tinkered, its power usage is not the stock one.	此零件经过调整，其耗电量并非标准值。		
Career.Validation.MotorRpmTooHigh	The motor RPMs are too high.	电机转速过高。		
Career.Validation.MotorTorqueTooHigh	There's too much torque in the motor.	电机的扭矩过大。		
Career.Validation.NightVisionNotAvailable	Night vision is not available yet.	夜视功能尚不可用。		
Career.Validation.NozzleExtensionOutOfRange	The nozzle extension has been tinkered to be out of range.	喷管延伸段已被调整到超出范围。		
Career.Validation.NozzleTypeNotAvailable	{0} nozzle is not available yet.	{0} 喷管尚不可用。		
Career.Validation.PartDisconnected	The part '{0}' is not connected to the craft.	零件「{0}」未连接到载具。		
Career.Validation.PartStyleNotAvailable	Part style '{0}' is not available yet.	零件样式「{0}」尚不可用。		
Career.Validation.PartTooLarge	The part is too large.	零件过大。		
Career.Validation.PartTypeNotAvailable	The part '{0}' is not available yet.	零件「{0}」尚不可用。		
Career.Validation.PriceScaleModified	This part has had its price scale modified, use a non-tinkered part.	此零件的价格系数已被修改，请使用未经调整的零件。		
Career.Validation.ProgramInvalidBroadcastPower	The program doesn't have a valid broadcast power consumption.	程序没有有效的广播耗电量。		
Career.Validation.ProgramInvalidCallStackLimit	The program doesn't have a valid call stack size limit.	程序没有有效的调用栈大小上限。		
Career.Validation.ProgramInvalidInstructionLimit	The program doesn't have a valid instruction per frame limit.	程序没有有效的每帧指令数上限。		
Career.Validation.ProgramInvalidInstructionPower	The program doesn't have a valid instruction power consumption.	程序没有有效的指令耗电量。		
Career.Validation.ProgramInvalidThreadLimit	The program doesn't have a valid thread limit.	程序没有有效的线程数上限。		
Career.Validation.PropPitchNotAvailable	Variable pitch propeller blades are not available.	可变距螺旋桨叶片不可用。		
Career.Validation.PropTooManyBlades	There are too many blades in the propeller.	螺旋桨叶片过多。		
Career.Validation.SolarPanelTooManyColumns	There are too many columns of panels.	太阳能板列数过多。		
Career.Validation.SolarPanelTooManyRows	There are too many rows of panels.	太阳能板行数过多。		
Career.Validation.SolarPanelTooStretched	The panels are stretched too much.	太阳能板拉伸过度。		
Career.Validation.ThroatSizeOutOfRange	The throat size has been tinkered to be out of range.	喉部尺寸已被调整到超出范围。		
Career.Validation.TinkerSizeModified	This part has had its tinker size modified, use a non-tinkered part.	此零件的调整尺寸已被修改，请使用未经调整的零件。		
Career.Validation.TooManyActiveCrafts	Can't launch: there are {0} active craft(s) and your Tech Tree allows only {1}. Use the Resume Flight dialog in the main menu to remove active crafts from flight.	无法发射：当前有 {0} 个活动载具，而你的科技树仅允许 {1} 个。请使用主菜单中的「继续飞行」对话框将活动载具移出飞行状态。		
Career.Validation.WheelBrakeTorqueTooHigh	There's too much brake torque in the wheel.	车轮的制动扭矩过大。		
Career.Validation.WheelSuspensionNotAvailable	Integrated suspensions are not available yet.	集成悬挂尚不可用。		
Career.Validation.WheelTorqueTooHigh	There's too much torque in the wheel.	车轮的扭矩过大。		
Career.Validation.WingRootTooLarge	The root of the {0} is too large.	{0} 的翼根过大。		
Career.Validation.WingTipTooLarge	The tip of the {0} is too large.	{0} 的翼尖过大。		
Career.Validation.WingTooLong	The {0} is too long.	{0} 过长。		
Career.Validation.WingTooManyControlSurfaces	The {0} has too many control surfaces.	{0} 的操纵面过多。		
Career.Validation.WingTooThick	The {0} is too thick.	{0} 过厚。		
Career.Validation.XmlEditsDetected	One or more XML edits have been detected.	检测到一处或多处 XML 改动。		
Career.ContractLocations.vulco-zenith.Name	Initial Zenith	初始天顶		
Career.ContractLocations.vulco-zenith.Description	The hottest place in the System. Vulco's tidal locking to Juno makes this face as hot as you can get without touching its parent star. The floor is lava is not a joke anymore.	整个行星系中最热的地方。Vulco 被 Juno 潮汐锁定，使这一面在不接触母恒星的情况下达到最高温度。「地面是岩浆」不再是一句玩笑。		
Career.ContractLocations.vulco-river.Name	Rivers of Eden	伊甸之河		
Career.ContractLocations.vulco-river.Description	The large stresses in Vulco result in lava flows running front to back, resulting in some of the most impressive terrain features in the entire System.	Vulco 内部的巨大应力使岩浆由正面流向背面，造就了整个行星系中最壮观的一些地形。		
Career.ContractLocations.vulco-dark.Name	Tiresias Rift	提瑞西阿斯裂谷		
Career.ContractLocations.vulco-dark.Description	Being tidally locked to a star makes one face crazy hot and the other crazy cold. This rift hasn't seen Juno's light in eons.	被恒星潮汐锁定使一面酷热、另一面极寒。这条裂谷已无数年未见 Juno 的光。		
Career.ContractLocations.vulco-ravine.Name	Hell's Gate	地狱之门		
Career.ContractLocations.vulco-ravine.Description	You won't find Cerberus in this ravine, but Hell's Gate can show you what looking at the heart of a planet through its crust looks like.	你在这条峡谷里找不到刻耳柏洛斯，但地狱之门能让你看到透过地壳直视行星核心的景象。		
Career.ContractLocations.sergeaa-volcano.Name	Hathor Mons	哈索尔山		
Career.ContractLocations.sergeaa-volcano.Description	The largest active volcano in the system, very steep and hard to climb, but even harder to escape once you descend into its crater.	行星系中最大的活火山，极为陡峭难以攀爬；而一旦下到火山口，想要离开更是难上加难。		
Career.ContractLocations.sergeaa-mountain.Name	Horus Mons	荷鲁斯山		
Career.ContractLocations.sergeaa-mountain.Description	The mountains near Hathor Mons formed from one of the volcano's eruptions. They offer easier-to-climb terrain and a great viewing spot to plan your descent into the crater.	哈索尔山附近的山脉由该火山的一次喷发形成。此处地形较易攀爬，也是规划下探火山口的绝佳观景点。		
Career.ContractLocations.sergeaa-spikes.Name	The Jade Crown	翡翠之冠		
Career.ContractLocations.sergeaa-spikes.Description	Sergeaa has a large portion of its surface covered in large obsidian spikes, three of which form a large crown surrounded by some of the most surreal panoramas.	Sergeaa 表面很大一部分覆盖着巨大的黑曜石尖刺，其中三根构成一顶巨大的王冠，四周环绕着最超现实的景色。		
Career.ContractLocations.sergeaa-dormant.Name	Nidra Devi Mons	尼德拉女神山		
Career.ContractLocations.sergeaa-dormant.Description	This volcano has been dormant for millennia, but its crater is almost intact. It may have no lava inside, but descending to its bottom and coming back intact can still be a challenge.	这座火山已休眠数千年，但火山口几乎完好。里面或许没有岩浆，但下到谷底再完好返回仍是一大挑战。		
Career.ContractLocations.sergeaa-lakes.Name	Morrigan Island	摩莉甘岛		
Career.ContractLocations.sergeaa-lakes.Description	A crescent-moon-shaped island at the edge of one of Sergeaa's largest lava lakes, hell's version of Hawaii, surrounded by magma and obsidian spikes.	一座新月形岛屿，位于 Sergeaa 最大岩浆湖之一的边缘，堪称地狱版的夏威夷，四周环绕着岩浆与黑曜石尖刺。		
Career.ContractLocations.oord-beach.Name	Praia de Rodas	罗达斯海滩		
Career.ContractLocations.oord-beach.Description	A strip of sand surrounded by lakes and mountains inside a chain of craters.	一片沙地，位于一连串环形山之中，四周是湖泊与群山。		
Career.ContractLocations.oord-peak.Name	Jingwe's Claw	精卫之爪		
Career.ContractLocations.oord-peak.Description	A series of red steep peaks ripping through the ground like claws.	一系列红色陡峰如利爪般破地而出。		
Career.ContractLocations.oord-wrinkles.Name	Nvwa Mountains	女娲山脉		
Career.ContractLocations.oord-wrinkles.Description	Ripples in the surface, mountain sized waves of dust and rock.	地表的涟漪，如山般巨大的尘埃与岩石波浪。		
Career.ContractLocations.oord-hole.Name	Mel's Hole	梅尔之洞		
Career.ContractLocations.oord-hole.Description	Some say it is a bottomless pit, but it is just a really deep hole.	有人说是无底洞，其实只是一个极深的坑。		
Career.ContractLocations.droo-droneship.Name	Drone Ship	无人船		
Career.ContractLocations.droo-droneship.Description	A conveniently placed barge to try to land your rocket boosters when launching from the DSC.	一艘位置便利的驳船，方便你在从 DSC 发射时尝试回收火箭助推器着陆。		
Career.ContractLocations.droo-spole.Name	South Pole	南极点		
Career.ContractLocations.droo-spole.Description	Every explorer's dream, the South Pole. You won't find Santa Claus here, but its very flat terrain can be great for landspeed records.	每位探险家的梦想——南极点。这里没有圣诞老人，但极其平坦的地形非常适合创造陆上速度纪录。		
Career.ContractLocations.droo-gs-rainforest.Name	Hippolyta Ground Station	希波吕忒地面站		
Career.ContractLocations.droo-gs-rainforest.Description	Where the rainforest meets the desert, only stopped by one of the most spectacular mountain systems on Droo.	雨林与沙漠交汇之处，被 Droo 上最壮观的山脉之一所阻隔。		
Career.ContractLocations.droo-gs-grassland.Name	Bliss Ground Station	极乐地面站		
Career.ContractLocations.droo-gs-grassland.Description	Fresh grass, swirly mountains and a bright Juno, the perfect spot for any hiker wanting to get lost.	清新的草地、盘旋的山峦与明亮的 Juno，是想迷路的徒步者的完美去处。		
Career.ContractLocations.droo-gs-archipelago.Name	Brigo Ground Station	Brigo 地面站		
Career.ContractLocations.droo-gs-archipelago.Description	The smell of the ocean, the water's roar, a cold breeze hitting your face in the smallest island of the largest archipelago on Droo.	海洋的气息、水浪的轰鸣、冷风拂面——这一切都在 Droo 最大群岛中最小的岛屿上。		
Career.ContractLocations.droo-gs-polar.Name	Amundsen Ground Station	阿蒙森地面站		
Career.ContractLocations.droo-gs-polar.Description	Your last chance to touch solid terrain before reaching the icebergs on your way to the South Pole — even if it's entirely covered in snow.	在前往南极点途中遇到冰山之前，这是你最后一次踏上坚实地面的机会——尽管这里完全被积雪覆盖。		
Career.ContractLocations.brigo-crater.Name	Mimas Crater	弥玛斯环形山		
Career.ContractLocations.brigo-crater.Description	Believed to result from whatever caused T.T. to orbit Droo. It resembles the Death Star, but this crater doesn't shoot lasers. Or does it?	据信是导致 T.T. 环绕 Droo 的那次事件的产物。它形似死星，但这座环形山不会发射激光。也许吧？		
Career.ContractLocations.brigo-ejecta.Name	Mimas Ring	弥玛斯环		
Career.ContractLocations.brigo-ejecta.Description	When the Mimas Crater was formed, a lot of ejecta fell back to Brigo, forming a series of rings around it that resulted on large cliffs.	弥玛斯环形山形成时，大量喷出物落回 Brigo，在其周围形成一系列环状结构，造就了巨大的悬崖。		
Career.ContractLocations.brigo-mountains.Name	Cocoa Mountains	可可山脉		
Career.ContractLocations.brigo-mountains.Description	A system of mountains covered in ice and mud, definitely not chocolate icecream.	一片覆盖着冰与泥的山脉，绝对不是巧克力冰淇淋。		
Career.ContractLocations.luna-cliff.Name	Finis Lunae	月之尽头		
Career.ContractLocations.luna-cliff.Description	A cliff looking at mares that reaches as far as the eye can see, with nothing but volcanic rock and craters ahead.	一座面向月海的悬崖，视野所及只有火山岩与环形山。		
Career.ContractLocations.luna-rock.Name	Jund Roocks	Jund 岩		
Career.ContractLocations.luna-rock.Description	Luna can go from very rough terrain to flatlands really fast, resulting in impressive cliffs. Sometimes these cliffs can break apart, resulting in Simple Rocks Too.	Luna 的地形可以从极其崎岖骤然变为平坦，由此形成壮观的悬崖。有时这些悬崖会崩解，于是又有了「Simple Rocks Too」。		
Career.ContractLocations.luna-crater.Name	Ingens Hiatus	巨大深渊		
Career.ContractLocations.luna-crater.Description	Sometimes a crater's scale isn't apparent from afar. Only inside do you realize how small you are. These are the real 'deep' space industries.	有时从远处看不出环形山的规模，只有身处其中才意识到自己多么渺小。这才是真正的「深」空产业。		
Career.ContractLocations.luna-mountain.Name	Galilei Mountain	伽利略山		
Career.ContractLocations.luna-mountain.Description	A mountain generated after a great impact that left one of the largest craters in this moon's surface.	由一次巨大撞击形成的山峰，那次撞击在这颗卫星表面留下了最大的环形山之一。		
Career.ContractLocations.tt-tholins.Name	Tonatiuh Tholins	托纳蒂乌托林		
Career.ContractLocations.tt-tholins.Description	This strange outer space boulder is covered in oxides, making its very rough surface have a tint that resembles that of blood.	这块奇特的外太空巨石被氧化物覆盖，使其极为粗糙的表面呈现出类似血液的色调。		
Career.ContractLocations.tt-core.Name	Ragna Rock	诸神黄昏岩		
Career.ContractLocations.tt-core.Description	T.T. shows clear signs of having been through an intense event, because its surface is partially melted, and parts of its metallic core are entirely exposed.	T.T. 明显经历过剧烈事件：其表面部分熔融，金属核心的部分区域完全裸露。		
Career.ContractLocations.cylero-valles.Name	Valles Lusiades	卢西亚达斯峡谷		
Career.ContractLocations.cylero-valles.Description	A mountain right on the edge of the largest ravine in Cylero, one of the most unique viewpoints to visit while exploring this rare Landmark.	一座位于 Cylero 最大峡谷边缘的山峰，是探索这一罕见地标时最独特的观景点之一。		
Career.ContractLocations.cylero-volcano.Name	Veegxangus Mons	维格桑格斯山		
Career.ContractLocations.cylero-volcano.Description	The largest mountain in the Juno System was once a fiery volcano, now completely dormant. Inside its crater, you can only imagine the insane power this behemoth once had.	Juno 行星系中最大的山峰曾是一座炽热的火山，如今完全休眠。站在火山口内，只能想象这头巨兽昔日拥有的狂暴力量。		
Career.ContractLocations.cylero-poles.Name	Enuma Elish Mountain	埃努玛·埃利什山		
Career.ContractLocations.cylero-poles.Description	A small peak on the edge of one of the arms of the Northern Polar Swirl, looking straight into one of the valleys formed by it.	北极漩涡一条臂边缘的小山峰，正对由其形成的一道山谷。		
Career.ContractLocations.cylero-crater.Name	Polycoria	多瞳		
Career.ContractLocations.cylero-crater.Description	Although rare, impacts can sometimes happen in the exact same place. Here, a small asteroid cleared the central uplifts of a large crater's central plane.	撞击有时会恰好发生在同一地点，尽管这种情况十分罕见。在这里，一颗小行星抹平了一座大环形山中央台地的中央隆起。		
Career.ContractLocations.nebra-origin.Name	Nebra's Origin	Nebra 之源		
Career.ContractLocations.nebra-origin.Description	The volcano marking Nebra's origin, where the main meridian meets its equator. Small but powerful — you may never leave its crater if you aren't careful.	标记 Nebra 起源的火山，位于主子午线与赤道交汇处。虽小却威力十足——稍有不慎，你可能永远无法离开它的火山口。		
Career.ContractLocations.nebra-ring.Name	Ring of Fire	火环		
Career.ContractLocations.nebra-ring.Description	Nebra's very high volcanic activity formed a ring of volcanic islands, one of the best spots for a land base on this moon.	Nebra 极高的火山活动形成了一圈火山岛，是这颗卫星上建立地面基地的最佳地点之一。		
Career.ContractLocations.nebra-volcano.Name	D. Allen Volcano	D. Allen 火山		
Career.ContractLocations.nebra-volcano.Description	A volcano with a collapsed crater that now resembles a teapot. I could swear I saw it up in the sky, green as an emerald in the blue; now I'm wondering if it was really you.	一座火山口坍塌、形似茶壶的火山。我敢发誓曾在天空中见过它，碧绿如蓝幕中的祖母绿；如今我怀疑那到底是不是你。		
Career.ContractLocations.nebra-depth.Name	Litke Basin	利特克海盆		
Career.ContractLocations.nebra-depth.Description	If Nebra's water temperature wasn't enough of a problem for you, the Litke Basin adds total darkness and abyssal pressures to the mix.	如果 Nebra 的水温对你来说还不够麻烦，利特克海盆还额外奉上彻底的黑暗与深渊般的压力。		
Career.ContractLocations.taurus-mountains.Name	Terrace of the Tornat	托尔纳特台地		
Career.ContractLocations.taurus-mountains.Description	A terrace in the side of the largest mountain in Taurus looking into one of the most extreme valleys in the Juno system.	Taurus 最大山峰侧面的台地，俯瞰 Juno 行星系中最极端的山谷之一。		
Career.ContractLocations.taurus-mesa.Name	Niltsi Mesa	尼尔齐方山		
Career.ContractLocations.taurus-mesa.Description	A very thin and tall mesa at the end of the longest depression, surrounded by cliffs from all directions except the entrance of the neck.	一座极细高的方山，坐落于最长洼地的尽头，除颈部入口外四面皆为峭壁。		
Career.ContractLocations.taurus-estuaries.Name	Ezaro Estuary	埃萨罗河口		
Career.ContractLocations.taurus-estuaries.Description	The largest methane ocean in Taurus is surrounded by estuaries that dig into the coast, almost scratching the large mesa mountains.	Taurus 最大的甲烷海洋四周环绕着切入海岸的河口，几乎触及那些巨大的方山。		
Career.ContractLocations.taurus-lake.Name	Pythoness Lake	女祭司湖		
Career.ContractLocations.taurus-lake.Description	Taurus has a large portion of its surface covered in methane. This archipelago is one of the most accessible spots to one of the largest lakes.	Taurus 表面很大一部分被甲烷覆盖。这片群岛是通往最大湖泊之一的最易到达的地点。		
Career.ContractLocations.Droo.Village.Name	Village	村庄		
Career.ContractLocations.Droo.Village.Launchpad.Name	Village Launchpad	村庄发射台		
Career.ContractLocations.Droo.Village.RunwayEnd.Name	Village Runway's Edge	村庄跑道边缘		
Career.ContractLocations.Droo.Village.RunwayTop.Name	Village Runway's Top	村庄跑道顶端		
Career.ContractLocations.Droo.Ali.Name	Ali Base	阿里基地		
Career.ContractLocations.Droo.Ali.Outpost.Name	Ali Outpost	阿里前哨站		
Career.ContractLocations.Droo.Ali.Pad.Name	Ali Launchpad	阿里发射台		
Career.ContractLocations.Droo.DSC.Port.Name	DSC Port	DSC 港口		
Career.ContractLocations.Droo.DroneShip.Name	Droneship	无人船		
Career.ContractLocations.Droo.GS.Rainforest.Name	Hippolyta Ground Station	希波吕忒地面站		
Career.ContractLocations.Droo.GS.Grassland.Name	Bliss Ground Station	极乐地面站		
Career.ContractLocations.Droo.GS.Archipelago.Name	Brigo Ground Station	Brigo 地面站		
Career.ContractLocations.Droo.GS.Polar.Name	Amundsen Ground Station	阿蒙森地面站		
Career.ContractLocations.Luna.Base.Name	Luna Base	Luna 基地		
Planets.Juno.Name	Juno	Juno		
Planets.Vulco.Name	Vulco	Vulco		
Planets.Sergeaa.Name	Sergeaa	Sergeaa		
Planets.Oord.Name	Oord	Oord		
Planets.Droo.Name	Droo	Droo		
Planets.Luna.Name	Luna	Luna		
Planets.Brigo.Name	Brigo	Brigo		
Planets.TT.Name	T.T.	T.T.		
Planets.Cylero.Name	Cylero	Cylero		
Planets.Herma.Name	Herma	Herma		
Planets.Niobe.Name	Niobe	Niobe		
Planets.HandrewsComet.Name	Handrew's Comet	汉德鲁彗星		
Planets.Tydos.Name	Tydos	Tydos		
Planets.Nebra.Name	Nebra	Nebra		
Planets.Miros.Name	Miros	Miros		
Planets.Orcus.Name	Orcus	Orcus		
Planets.Urados.Name	Urados	Urados		
Planets.Jastrus.Name	Jastrus	Jastrus		
Planets.Boreas.Name	Boreas	Boreas		
Planets.Taurus.Name	Taurus	Taurus		
Planets.Hypatchion.Name	Hypatchion	Hypatchion		
Planets.Cladh.Name	Cladh	Cladh		
Systems.JunoSystemClassic.Name	Juno System (Classic)	Juno 行星系（经典）		
Systems.JunoSystem.Name	Juno System	Juno 行星系		
Career.Customers.fizzlebottom.Name	Algernon Fizzlebottom	阿尔杰农·菲泽尔博顿		
Career.Customers.fizzlebottom.Hello	SALUTATIONS	致敬		
Career.Customers.fizzlebottom.LongBio	The Fizzlebottom family is well known for their wealth. Algernon has decided to invest heavily in New Space, throwing money at startups to see how far they get. Your mission is to achieve some of the milestones he's set to unlock new technologies.	菲泽尔博顿家族以富有闻名。阿尔杰农决定大举投资新兴航天，向初创企业砸钱看它们能走多远。你的任务是达成他设定的里程碑，以解锁新技术。		
Career.Customers.buck.Name	Buck Marshall	巴克·马歇尔		
Career.Customers.buck.Hello	MUCHO GUSTO	幸会		
Career.Customers.buck.LongBio	Buck Marshall is the mayor of Juno Village, a small settlement in Droo's largest mountain range. He's been trying to promote the region's aerospace sector, and finally someone gets to use the infrastructure he built, so prepare for some challenges.	巴克·马歇尔是 Juno 村的村长，这座小定居点位于 Droo 最大的山脉中。他一直努力推动该地区的航天产业，如今终于有人要用上他建的基础设施了，准备好迎接挑战吧。		
Career.Customers.schafer.Name	Chuck Schafer	查克·谢弗		
Career.Customers.schafer.Hello	AYE AYE	遵命		
Career.Customers.schafer.LongBio	General Schafer runs the not-so-secret Ali Base, a facility hidden in a salt lake surrounded by mountains. He'll send you some really interesting contracts, but he seems to be hiding something from you.	谢弗将军管理着并不那么秘密的阿里基地，那是一处隐藏在群山环绕的盐湖中的设施。他会给你派发一些非常有趣的合约，但他似乎对你隐瞒着什么。		
Career.Customers.shotwell.Name	Evelyn Shotwell	伊芙琳·肖特韦尔		
Career.Customers.shotwell.Hello	MY PLEASURE	荣幸之至		
Career.Customers.shotwell.LongBio	Evelyn is the director of the Droo Space Center. She'll assign you some of the hardest missions, but rest assured they come with good pay.	伊芙琳是 Droo 航天中心的主任。她会交给你一些最艰难的任务，但请放心，报酬也相当丰厚。		
Career.Customers.pricklespac.Name	Prof von Pricklespac	冯·普里克尔斯帕克教授		
Career.Customers.pricklespac.Hello	GUTEN TAG	日安		
Career.Customers.pricklespac.LongBio	Wacky scientist though he is, Pricklespac is one of the most renowned researchers on Droo. He's looking for help gathering data to prove other forms of life exist in the Juno System.	虽说普里克尔斯帕克是个古怪的科学家，但他是 Droo 上最知名的研究者之一。他正寻求帮助以收集数据，证明 Juno 行星系中还存在其他生命形式。		
Career.LaunchLocations.LunaBase.Name	Luna Base	Luna 基地		
Career.LaunchLocations.LunaBase.Description	A launchpad situated in a southern crater at Luna, no need to worry about getting to orbit through a thick atmosphere.	位于 Luna 南部环形山中的发射台，无需为穿越厚重的大气进入轨道而烦恼。		
Career.LaunchLocations.DSCLaunchPad.Name	DSC Launch Pad	DSC 发射台		
Career.LaunchLocations.DSCLaunchPad.Description	An advanced elevated launchpad with a grid to deflect the rocket exhausts to the sea, perfectly placed at the equator for the most efficient equatorial orbits.	一座先进的高架发射台，配有导流格栅将火箭尾焰引向大海，且恰好位于赤道上，可实现最高效的赤道轨道。		
Career.LaunchLocations.DSCLargePad.Name	DSC Large Pad	DSC 大型发射台		
Career.LaunchLocations.DSCLargePad.Description	A large pad of concrete with a lot of clearance all around it, allowing for the largest crafts and spaceships imaginable to launch.	一块大型混凝土地坪，四周留有充足净空，可发射你能想象到的最庞大的载具与飞船。		
Career.LaunchLocations.DSCWestwardRunway.Name	DSC Westward Runway	DSC 西向跑道		
Career.LaunchLocations.DSCWestwardRunway.Description	A large runway with close access to the hangars of the DSC, pointing East-West while being almost exactly at the equator of Droo.	一条大型跑道，紧邻 DSC 机库，呈东西走向，几乎正好位于 Droo 的赤道上。		
Career.LaunchLocations.DSCEastwardRunway.Name	DSC Eastward Runway	DSC 东向跑道		
Career.LaunchLocations.DSCEastwardRunway.Description	A large runway that requires some taxi-ing, pointing West-East while being almost exactly at the equator of Droo.	一条需要滑行一段距离的大型跑道，呈西东走向，几乎正好位于 Droo 的赤道上。		
Career.LaunchLocations.DSCSecondaryRunway.Name	DSC Secondary Runway	DSC 辅助跑道		
Career.LaunchLocations.DSCSecondaryRunway.Description	A mid-sized runway on the DSC, ending on a sea cliff that gives a last chance to pitch up in an emergency.	DSC 上的一条中型跑道，终止于海边悬崖，为紧急情况提供最后一次拉起的机会。		
Career.LaunchLocations.AliPad.Name	Ali Pad	阿里发射台		
Career.LaunchLocations.AliPad.Description	A secret rocket launch facility surrounded by mountains meant to do potentially explosive tests without harming any equipment.	一处群山环绕的秘密火箭发射设施，用于进行可能发生爆炸的测试而不损坏任何设备。		
Career.LaunchLocations.Ali10L.Name	Ali 10L	阿里 10L		
Career.LaunchLocations.Ali10L.Description	A mid sized runway situated in a secret military base in a salt lake surrounded by tall mountains.	一条中型跑道，位于高山环绕的盐湖中的秘密军事基地内。		
Career.LaunchLocations.Ali28R.Name	Ali 28R	阿里 28R		
Career.LaunchLocations.Ali28R.Description	A mid sized runway situated in a secret military base in a salt lake surrounded by tall mountains.	一条中型跑道，位于高山环绕的盐湖中的秘密军事基地内。		
Career.LaunchLocations.JunoVillagePad.Name	Juno Village Pad	Juno 村发射台		
Career.LaunchLocations.JunoVillagePad.Description	A small pad far from the village to launch and blow things up without minding the neighbors.	远离村庄的小型发射台，可以随意发射和炸东西而不打扰邻居。		
Career.LaunchLocations.JunoVillageRunway.Name	Juno Village Runway	Juno 村跑道		
Career.LaunchLocations.JunoVillageRunway.Description	A small and complicated runway situated in the edge of a mountain, with a ramp to make up for its short length.	一条位于山边的小型复杂跑道，用一段斜坡来弥补其不足的长度。		
Career.LaunchLocations.DSCBay.Name	DSC Bay	DSC 海湾		
Career.LaunchLocations.DSCBay.Description	A spot in the water in front of the DSC port, ideal for launching boats and floatplanes straight from the water. Unlocking it lowers recovery fees for crafts in the water.	位于 DSC 港口前方水域的一处场地，非常适合直接在水上发射船只和水上飞机。解锁后可降低水上载具的回收费用。		
Career.LaunchLocations.LaunchPad.Name	Launch Pad	发射台		
Career.LaunchLocations.LaunchPad.Description	The default launch pad at the Droo Space Center, a reliable starting point for reaching orbit.	Droo 航天中心的默认发射台，是进入轨道的可靠起点。		
Career.LaunchLocations.Runway.Name	Runway	跑道		
Career.LaunchLocations.Runway.Description	The default runway at the Droo Space Center, ideal for taking off with planes and spaceplanes.	Droo 航天中心的默认跑道，非常适合飞机与空天飞机起飞。		
Career.LaunchLocations.Water.Name	Water	水面		
Career.LaunchLocations.Water.Description	A spot in the water off the Droo Space Center, ideal for launching boats and floatplanes.	Droo 航天中心外的一处水域，非常适合发射船只和水上飞机。		
Career.LaunchLocations.Luna.Name	Luna	Luna		
Career.LaunchLocations.Luna.Description	A landing site on the surface of Luna, free of a thick atmosphere on the way to orbit.	Luna 表面的一处着陆点，进入轨道途中没有厚重大气的阻碍。		
Career.Modes.Default.Description	This is the stock career mode.	这是原版生涯模式。		
Career.Modes.Hybrid.Description	Kind of like career, but with all the neat tools from sandbox mode.	类似生涯模式，但拥有沙盒模式中所有好用的工具。		
Career.Milestones.contracts.Name	Fulfilled Contracts	已履行合约		
Career.Milestones.contracts.Description	Who wants to explore when you can farm the same contract over and over? Let's see how many contracts you can get.	能反复刷同一个合约，谁还想去探索呢？看看你能完成多少份合约吧。		
Career.Milestones.contracts.Tier0.Description	Money doesn't grow from trees, you need to complete contracts from time to time to get some.	钱不会从树上长出来，你得时不时完成合约才能赚到一些。		
Career.Milestones.contracts.Tier1.Description	Can you get on track and complete a handful of contracts?	你能步入正轨，完成几份合约吗？		
Career.Milestones.contracts.Tier2.Description	If you try to grow a company, the more contracts you fulfill the better you'll make, 15 is a pretty decent start.	要想壮大公司，完成的合约越多收益越好，15 份是个相当不错的开端。		
Career.Milestones.contracts.Tier3.Description	You are farming those contracts like a champ, what are you doing to need that much cash?	你刷合约刷得真厉害，究竟要干什么才需要这么多钱？		
Career.Milestones.contracts.Tier4.Description	At this point you have earned a good reputation, can you get into the triple digits?	到这一步你已赢得不错的声誉，能突破三位数吗？		
Career.Milestones.money-spent.Name	Money Spent	支出总额		
Career.Milestones.money-spent.Description	Let the money flow, this will account for all your expenses.	让钱流动起来吧，这里会统计你的全部支出。		
Career.Milestones.money-spent.Tier0.Description	The expenses pile up, by the time you realize you are burning millions as if they were paper.	开销不断累积，等你回过神来，已经在把上百万资金当纸一样烧了。		
Career.Milestones.money-spent.Tier1.Description	Right now it may seem surreal to even think you will be expending so much... just wait.	现在光是想想会花掉这么多钱都觉得不真实……等着瞧吧。		
Career.Milestones.money-spent.Tier2.Description	If you manage to spend this much money, you may need to go get some fresh air.	如果你真能花掉这么多钱，可能需要出去透透气。		
Career.Milestones.money-spent.Tier3.Description	Ok, this will actually be challenging, either you are playing a lot or you are making things out of gold if you hit this.	好吧，这确实有挑战性——能达成的话，要么你玩了很久，要么你造的东西都是金子做的。		
Career.Milestones.money-spent.Tier4.Description	A trillion in expenses is what you would expect from a company going all around a stellar system, what are you even doing?	上万亿的支出，是一家业务遍及整个恒星系的公司的水平，你到底在干什么？		
Career.Milestones.launched-crafts.Name	Launched Crafts	已发射载具		
Career.Milestones.launched-crafts.Description	Launch unique crafts into the world.	把不同的载具送上天空。		
Career.Milestones.launched-crafts.Tier0.Description	The more you launch, the more experienced you get. Get familiar with the process.	发射次数越多，经验越丰富。先熟悉整个流程吧。		
Career.Milestones.launched-crafts.Tier1.Description	You seem to be getting familiar with the dynamics, keep on going!	看来你已逐渐熟悉其中的门道，继续加油！		
Career.Milestones.launched-crafts.Tier2.Description	So far you have launched a handful of times, now things get real.	到目前为止你已发射了若干次，现在才是真正的考验。		
Career.Milestones.launched-crafts.Tier3.Description	You must be getting the hang of this by now, what is sure is you are at least trying.	到现在你该渐入佳境了，至少可以肯定你在努力尝试。		
Career.Milestones.launched-crafts.Tier4.Description	At this point are you even flying them or just launching and recovering a cheap craft to get this milestone?	到这个阶段，你到底是在真正飞行，还是只发射并回收一艘廉价载具来刷这个里程碑？		
Career.Milestones.recovery.Name	Scrapping Returns	回收收益		
Career.Milestones.recovery.Description	Recover crafts to get money in return.	回收载具以换取资金。		
Career.Milestones.recovery.Tier0.Description	If you plan ahead, or just get lucky recovering your crafts, your savings will cover a large cut of your future investments.	只要提前规划，或是在回收载具时运气够好，省下的钱就能抵掉未来投资的很大一部分。		
Career.Milestones.recovery.Tier1.Description	Saving $100k in recoveries is really impressive, this is more than what your first crafts cost!	通过回收省下 10 万美元相当了不起，这比你最初的载具造价还高！		
Career.Milestones.recovery.Tier2.Description	Imagine being a millionaire just from the money saved by recovering your crafts.	想象一下，光靠回收载具省下的钱就成了百万富翁。		
Career.Milestones.recovery.Tier3.Description	Many companies fail to understand the importance of recovery and refurbishment. By saving 10M$ you are going to have more saved money than their yearly incomes.	许多公司没能理解回收与翻新的重要性。省下 1000 万美元，你攒下的钱将超过它们的年收入。		
Career.Milestones.recovery.Tier4.Description	Saving a billion just from intelligent planning and engineering, this will put you in everyone's mouths.	仅凭巧妙的规划与工程设计就省下十亿，这会让你成为众人谈论的焦点。		
Career.Milestones.explosion-count.Name	Explosions	爆炸次数		
Career.Milestones.explosion-count.Description	Blow things up, each explosion will add one to the count.	把东西炸掉，每次爆炸都会让计数加一。		
Career.Milestones.explosion-count.Tier0.Description	There's no success without failure, and there's no fun without some explosions. Causing 10 explosions is just the start.	没有失败就没有成功，没有爆炸就没有乐趣。制造 10 次爆炸只是开始。		
Career.Milestones.explosion-count.Tier1.Description	Aerospace is infamous for how easily things go South, but by the time you cause 50 explosions you'll start to get some looks.	航天业出了名地容易出岔子，等你制造 50 次爆炸时，就会开始有人侧目了。		
Career.Milestones.explosion-count.Tier2.Description	If you get past 250 explosions either you are purposely blowing stuff up or you should reconsider your design process.	如果你超过 250 次爆炸，要么你是在故意炸东西，要么就该重新审视你的设计流程了。		
Career.Milestones.explosion-count.Tier3.Description	You are going for 1000 explosions!? How are you even getting this many?	你要冲击 1000 次爆炸！？你到底是怎么炸出这么多来的？		
Career.Milestones.explosion-count.Tier4.Description	You have to be doing something insanely well to earn enough money to blow up this much stuff, so now that you're at it, let's get those fireworks going!	你得把某件事做到极致才能赚到足以炸掉这么多东西的钱。既然已经到这一步，就让烟花绽放吧！		
Career.Milestones.top-altitude.Name	Record Altitude	高度纪录		
Career.Milestones.top-altitude.Description	How high you have gone. When in orbit, this is defined by your apoapsis.	你达到过的最高高度。在轨道上时，以远拱点为准。		
Career.Milestones.top-altitude.Tier0.Description	Higher than the tallest of mountains, your first step towards reaching the stars.	比最高的山峰还高，这是你迈向星辰的第一步。		
Career.Milestones.top-altitude.Tier1.Description	Above 30km the atmosphere is thin enough for wings to be useless and drag low enough for hitting record speeds.	30 千米以上大气稀薄到机翼毫无用处，阻力也低到足以创下速度纪录。		
Career.Milestones.top-altitude.Tier2.Description	At 80km there is no air anymore, you have reached space!	到了 80 千米就没有空气了，你已抵达太空！		
Career.Milestones.top-altitude.Tier3.Description	To reach 300km you need a beefy rocket, no matter if you go straight up or orbit the planet.	要达到 300 千米，你需要一枚强劲的火箭，无论你是垂直上升还是环绕行星。		
Career.Milestones.top-altitude.Tier4.Description	Look down. Isn't it beautiful?	向下看。是不是很美？		
Career.Milestones.top-speed.Name	Top Speed	最高速度		
Career.Milestones.top-speed.Description	You have reached far around Droo, it's time to reach the stars.	你已绕 Droo 飞了很远，是时候去触碰星辰了。		
Career.Milestones.top-speed.Tier0.Description	20km/s is a really fast speed, only for those who dare to get in orbit of Juno.	20 千米/秒是非常快的速度，只有敢于进入 Juno 轨道的人才能达到。		
Career.Milestones.top-speed.Tier1.Description	These are the speeds you would expect to see on a craft exploring the entirety of the Juno system, is it you?	这是在探索整个 Juno 行星系的载具上才会见到的速度，是你吗？		
Career.Milestones.top-speed.Tier2.Description	These are insane speeds, you must be almost touching Juno's corona.	这是疯狂的速度，你大概快要碰到 Juno 的日冕了。		
Career.Milestones.top-speed.Tier3.Description	1% the speed of light, at this point you are pushing the game to its knees.	光速的 1%，到这个程度你已把游戏逼到极限。		
Career.Milestones.top-speed.Tier4.Description	Do you have what it takes to go faster than light? The game sure doesn't, what are you even doing?	你有本事超过光速吗？游戏肯定没有，你到底在干什么？		
Career.Milestones.docks.Name	Unique Docks	独特对接		
Career.Milestones.docks.Description	Try to dock as many unique crafts together as you can.	尝试将尽可能多的不同载具对接在一起。		
Career.Milestones.docks.Tier0.Description	One of the most challenging things you can do in Droo orbit is docking, can you do it at least once?	对接是 Droo 轨道上最具挑战性的操作之一，你至少能做到一次吗？		
Career.Milestones.docks.Tier1.Description	If you want to start colonizing other worlds you need to get some experience docking things together.	如果你想开始殖民其他世界，就需要积累一些对接物体的经验。		
Career.Milestones.docks.Tier2.Description	Space Stations are usually built in orbit, they require lots of docks, can you pull it off?	空间站通常在轨道上建造，需要大量对接，你能做到吗？		
Career.Milestones.docks.Tier3.Description	You seem to be an expert at docking stuff together, a true professional space pilot!	看来你已是物体对接的专家，一位真正的专业太空飞行员！		
Career.Milestones.docks.Tier4.Description	At this point you should already know you don't need to be in orbit for the docks to count, right?	到这一步你应该已经知道，对接不必发生在轨道上也能计数，对吧？		
Career.Milestones.astronauts.Name	Astronaut Wings	宇航员徽章		
Career.Milestones.astronauts.Description	Put your droods on a stable orbit for their first time.	让你的 Drood 首次进入稳定轨道。		
Career.Milestones.astronauts.Tier0.Description	Droods are one of the most important assets you can have, are you going to risk losing them?	Drood 是你最重要的资产之一，你打算冒着失去他们的风险吗？		
Career.Milestones.astronauts.Tier1.Description	Sending a single drood to space is impressive, but by the time you have sent 3 nobody will have a doubt on your skills.	把一名 Drood 送上太空已经很了不起，但等你送出 3 名时，就没人会怀疑你的技术了。		
Career.Milestones.astronauts.Tier2.Description	The best tool you have to explore space is your crew, train at least 10 in the absence of gravity.	探索太空最好的工具就是你的乘员，至少让 10 人在失重环境中接受训练。		
Career.Milestones.astronauts.Tier3.Description	Space Tourism, running a Space Station... you name it. You need to bring more droods up there.	太空旅游、运营空间站……应有尽有。你需要把更多 Drood 送上去。		
Career.Milestones.astronauts.Tier4.Description	For droods to become interplanetary you need to bring more and more to space, let's spread!	要让 Drood 走向行星际，就得把越来越多的人送上太空，让我们扩散开去！		
Career.Milestones.Vulco.Vulco-flyby.Name	Flybys	飞掠次数		
Career.Milestones.Vulco.Vulco-flyby.Description	How many unique crafts have managed to fly by.	有多少不同载具成功飞掠。		
Career.Milestones.Vulco.Vulco-orbit.Name	Orbits	入轨次数		
Career.Milestones.Vulco.Vulco-orbit.Description	How many unique crafts have reached a stable orbit.	有多少不同载具进入稳定轨道。		
Career.Milestones.Vulco.Vulco-landing.Name	Landings	着陆次数		
Career.Milestones.Vulco.Vulco-landing.Description	How many crafts have safely landed.	有多少载具安全着陆。		
Career.Milestones.Vulco.Vulco-height.Name	Highest Climb	最高攀登		
Career.Milestones.Vulco.Vulco-height.Description	The tallest point is 8430m high, can you find it and stand on top of it?	最高点海拔 8430 米，你能找到并站上峰顶吗？		
Career.Milestones.Vulco.Vulco-distance-land.Name	Grounded Distance Traveled	地面行驶距离		
Career.Milestones.Vulco.Vulco-distance-land.Description	How much you have traveled by land.	你在地面上行驶的距离。		
Career.Milestones.Vulco.Vulco-distance-walk.Name	Walked Distance	步行距离		
Career.Milestones.Vulco.Vulco-distance-walk.Description	How much you have walked with a Drood.	你用 Drood 行走的距离。		
Career.Milestones.Vulco.Vulco-speed-land.Name	Land Speed	陆上速度		
Career.Milestones.Vulco.Vulco-speed-land.Description	Drive as fast as possible without going airborne, your record will be set after you have been grounded for more than 10 consecutive seconds.	尽可能快地行驶且不要离地，连续贴地超过 10 秒后才会记录你的成绩。		
Career.Milestones.Sergeaa.Sergeaa-flyby.Name	Flybys	飞掠次数		
Career.Milestones.Sergeaa.Sergeaa-flyby.Description	How many unique crafts have managed to fly by.	有多少不同载具成功飞掠。		
Career.Milestones.Sergeaa.Sergeaa-orbit.Name	Orbits	入轨次数		
Career.Milestones.Sergeaa.Sergeaa-orbit.Description	How many unique crafts have reached a stable orbit.	有多少不同载具进入稳定轨道。		
Career.Milestones.Sergeaa.Sergeaa-landing.Name	Landings	着陆次数		
Career.Milestones.Sergeaa.Sergeaa-landing.Description	How many crafts have safely landed.	有多少载具安全着陆。		
Career.Milestones.Sergeaa.Sergeaa-height.Name	Highest Climb	最高攀登		
Career.Milestones.Sergeaa.Sergeaa-height.Description	The tallest point is 12420m high, can you find it and stand on top of it?	最高点海拔 12420 米，你能找到并站上峰顶吗？		
Career.Milestones.Sergeaa.Sergeaa-distance-land.Name	Grounded Distance Traveled	地面行驶距离		
Career.Milestones.Sergeaa.Sergeaa-distance-land.Description	How much you have traveled by land.	你在地面上行驶的距离。		
Career.Milestones.Sergeaa.Sergeaa-distance-air.Name	Distance Flying	飞行距离		
Career.Milestones.Sergeaa.Sergeaa-distance-air.Description	How much you have traveled flying through the atmosphere.	你在大气中飞行的距离。		
Career.Milestones.Sergeaa.Sergeaa-distance-walk.Name	Walked Distance	步行距离		
Career.Milestones.Sergeaa.Sergeaa-distance-walk.Description	How much you have walked with a Drood.	你用 Drood 行走的距离。		
Career.Milestones.Sergeaa.Sergeaa-speed-land.Name	Land Speed	地面速度		
Career.Milestones.Sergeaa.Sergeaa-speed-land.Description	Drive as fast as possible without going airborne, your record will be set after you have been grounded for more than 10 consecutive seconds.	尽可能快地行驶且不离开地面，连续贴地超过 10 秒后即记录成绩。		
Career.Milestones.Sergeaa.Sergeaa-speed-air.Name	Air Speed	空中速度		
Career.Milestones.Sergeaa.Sergeaa-speed-air.Description	Go as fast as you can while under 30km high and keeping your trajectory mostly horizontal without touching the ground for more than 10 seconds.	在低于 30 千米高度、弹道基本保持水平且离地超过 10 秒的情况下，尽可能飞得快。		
Career.Milestones.Oord.Oord-flyby.Name	Flybys	飞掠次数		
Career.Milestones.Oord.Oord-flyby.Description	How many unique crafts have managed to fly by.	有多少个不同的载具完成了飞掠。		
Career.Milestones.Oord.Oord-orbit.Name	Orbits	入轨次数		
Career.Milestones.Oord.Oord-orbit.Description	How many unique crafts have reached a stable orbit.	有多少个不同的载具进入了稳定轨道。		
Career.Milestones.Oord.Oord-landing.Name	Landings	着陆次数		
Career.Milestones.Oord.Oord-landing.Description	How many crafts have safely landed.	有多少个载具安全着陆。		
Career.Milestones.Oord.Oord-height.Name	Highest Climb	最高攀登		
Career.Milestones.Oord.Oord-height.Description	The tallest point is 12186m high, can you find it and stand on top of it?	最高点高 12186 米，你能找到它并站到顶端吗？		
Career.Milestones.Oord.Oord-depth.Name	Deepest Dive	最深下潜		
Career.Milestones.Oord.Oord-depth.Description	The lowest point is 5520m deep, can you find it and dive to it?	最低点深 5520 米，你能找到它并下潜抵达吗？		
Career.Milestones.Oord.Oord-distance-land.Name	Grounded Distance Traveled	地面行驶距离		
Career.Milestones.Oord.Oord-distance-land.Description	How much you have traveled by land.	你在地面上行驶的总距离。		
Career.Milestones.Oord.Oord-distance-water.Name	Distance Navigating	水面航行距离		
Career.Milestones.Oord.Oord-distance-water.Description	How much you have navigated in the oceans and lakes.	你在海洋和湖泊中航行的总距离。		
Career.Milestones.Oord.Oord-distance-air.Name	Distance Flying	飞行距离		
Career.Milestones.Oord.Oord-distance-air.Description	How much you have traveled flying through the atmosphere.	你在大气层中飞行的总距离。		
Career.Milestones.Oord.Oord-distance-walk.Name	Walked Distance	步行距离		
Career.Milestones.Oord.Oord-distance-walk.Description	How much you have walked with a Drood.	你操控 Drood 步行的总距离。		
Career.Milestones.Oord.Oord-distance-swim.Name	Distance Swum	游泳距离		
Career.Milestones.Oord.Oord-distance-swim.Description	How much you have swum with a Drood.	你操控 Drood 游泳的总距离。		
Career.Milestones.Oord.Oord-speed-land.Name	Land Speed	地面速度		
Career.Milestones.Oord.Oord-speed-land.Description	Drive as fast as possible without going airborne, your record will be set after you have been grounded for more than 10 consecutive seconds.	尽可能快地行驶且不离开地面，连续贴地超过 10 秒后即记录成绩。		
Career.Milestones.Oord.Oord-speed-water.Name	Water Speed	水上速度		
Career.Milestones.Oord.Oord-speed-water.Description	Navigate as fast as possible without going airborne, your record will be set after you have been touching the water for more than 10 consecutive seconds.	尽可能快地航行且不离开水面，连续接触水面超过 10 秒后即记录成绩。		
Career.Milestones.Oord.Oord-speed-air.Name	Air Speed	空中速度		
Career.Milestones.Oord.Oord-speed-air.Description	Go as fast as you can while under 30km high and keeping your trajectory mostly horizontal.	在低于 30 千米高度且弹道基本保持水平的情况下，尽可能飞得快。		
Career.Milestones.Droo.Droo-orbit.Name	Orbits	入轨次数		
Career.Milestones.Droo.Droo-orbit.Description	How many unique crafts have reached a stable orbit.	有多少个不同的载具进入了稳定轨道。		
Career.Milestones.Droo.Droo-orbit.Tier0.RewardMessage	Congrats on achieving your first orbit around Droo!	恭喜你首次环绕 Droo 入轨！		
Career.Milestones.Droo.Droo-flyby.Name	Hyperbolic	双曲轨道		
Career.Milestones.Droo.Droo-flyby.Description	How many unique crafts have managed to get their eccentricity above 1.	有多少个不同的载具把偏心率提升到 1 以上。		
Career.Milestones.Droo.Droo-flyby.Tier0.RewardMessage	Congrats on going hyperbolic for the first time!	恭喜你首次进入双曲轨道！		
Career.Milestones.Droo.Droo-height.Name	Highest Climb	最高攀登		
Career.Milestones.Droo.Droo-height.Description	The tallest point is 7426m high, can you find it and stand on top of it?	最高点高 7426 米，你能找到它并站到顶端吗？		
Career.Milestones.Droo.Droo-depth.Name	Deepest Dive	最深下潜		
Career.Milestones.Droo.Droo-depth.Description	The lowest point is 14114m deep, can you find it and dive to it?	最低点深 14114 米，你能找到它并下潜抵达吗？		
Career.Milestones.Droo.Droo-distance-land.Name	Grounded Distance Traveled	地面行驶距离		
Career.Milestones.Droo.Droo-distance-land.Description	How much you have traveled by land.	你在地面上行驶的总距离。		
Career.Milestones.Droo.Droo-distance-air.Name	Distance Flying	飞行距离		
Career.Milestones.Droo.Droo-distance-air.Description	How much you have traveled flying through the atmosphere.	你在大气层中飞行的总距离。		
Career.Milestones.Droo.Droo-distance-water.Name	Distance Navigating	水面航行距离		
Career.Milestones.Droo.Droo-distance-water.Description	How much you have navigated in the oceans and lakes.	你在海洋和湖泊中航行的总距离。		
Career.Milestones.Droo.Droo-distance-walk.Name	Walked Distance	步行距离		
Career.Milestones.Droo.Droo-distance-walk.Description	How much you have walked with a Drood.	你操控 Drood 步行的总距离。		
Career.Milestones.Droo.Droo-distance-walk.Tier3.RewardMessage	But I would walk 500 miles	但我会走上 500 英里		
Career.Milestones.Droo.Droo-distance-walk.Tier4.RewardMessage	And I would walk 500 more just to be the man who walks a thousand miles to fall down at your door.	我会再走 500 英里，只为成为那个走完一千英里、倒在你门前的人。		
Career.Milestones.Droo.Droo-distance-swim.Name	Distance Swum	游泳距离		
Career.Milestones.Droo.Droo-distance-swim.Description	How much you have swum with a Drood.	你操控 Drood 游泳的总距离。		
Career.Milestones.Droo.Droo-speed-land.Name	Land Speed	地面速度		
Career.Milestones.Droo.Droo-speed-land.Description	Drive as fast as possible without going airborne, your record will be set after you have been grounded for more than 10 consecutive seconds.	尽可能快地行驶且不离开地面，连续贴地超过 10 秒后即记录成绩。		
Career.Milestones.Droo.Droo-speed-water.Name	Water Speed	水上速度		
Career.Milestones.Droo.Droo-speed-water.Description	Navigate as fast as possible without going airborne, your record will be set after you have been touching the water for more than 10 consecutive seconds.	尽可能快地航行且不离开水面，连续接触水面超过 10 秒后即记录成绩。		
Career.Milestones.Droo.Droo-speed-air.Name	Air Speed	空中速度		
Career.Milestones.Droo.Droo-speed-air.Description	Go as fast as you can while under 15km high and keeping your trajectory mostly horizontal.	在低于 15 千米高度且弹道基本保持水平的情况下，尽可能飞得快。		
Career.Milestones.Brigo.Brigo-flyby.Name	Flybys	飞掠次数		
Career.Milestones.Brigo.Brigo-flyby.Description	How many unique crafts have managed to fly by.	有多少个不同的载具完成了飞掠。		
Career.Milestones.Brigo.Brigo-orbit.Name	Orbits	入轨次数		
Career.Milestones.Brigo.Brigo-orbit.Description	How many unique crafts have reached a stable orbit.	有多少个不同的载具进入了稳定轨道。		
Career.Milestones.Brigo.Brigo-landing.Name	Landings	着陆次数		
Career.Milestones.Brigo.Brigo-landing.Description	How many crafts have safely landed.	有多少个载具安全着陆。		
Career.Milestones.Brigo.Brigo-depth.Name	Deepest Point	最深处		
Career.Milestones.Brigo.Brigo-depth.Description	The lowest point in the large crater is 23640m deep, can you find it and go there?	大陨石坑的最低点深 23640 米，你能找到并抵达那里吗？		
Career.Milestones.Brigo.Brigo-distance-land.Name	Grounded Distance Traveled	地面行驶距离		
Career.Milestones.Brigo.Brigo-distance-land.Description	How much you have traveled by land.	你在地面上行驶的总距离。		
Career.Milestones.Brigo.Brigo-distance-walk.Name	Walked Distance	步行距离		
Career.Milestones.Brigo.Brigo-distance-walk.Description	How much you have walked with a Drood.	你操控 Drood 步行的总距离。		
Career.Milestones.Brigo.Brigo-speed-land.Name	Land Speed	地面速度		
Career.Milestones.Brigo.Brigo-speed-land.Description	Drive as fast as possible without going airborne, your record will be set after you have been grounded for more than 10 consecutive seconds.	尽可能快地行驶且不离开地面，连续贴地超过 10 秒后即记录成绩。		
Career.Milestones.Luna.Luna-flyby.Name	Flybys	飞掠次数		
Career.Milestones.Luna.Luna-flyby.Description	How many unique crafts have managed to fly by.	有多少个不同的载具完成了飞掠。		
Career.Milestones.Luna.Luna-orbit.Name	Orbits	入轨次数		
Career.Milestones.Luna.Luna-orbit.Description	How many unique crafts have reached a stable orbit.	有多少个不同的载具进入了稳定轨道。		
Career.Milestones.Luna.Luna-landing.Name	Landings	着陆次数		
Career.Milestones.Luna.Luna-landing.Description	How many crafts have safely landed.	有多少个载具安全着陆。		
Career.Milestones.Luna.Luna-distance-land.Name	Grounded Distance Traveled	地面行驶距离		
Career.Milestones.Luna.Luna-distance-land.Description	How much you have traveled by land.	你在地面上行驶的总距离。		
Career.Milestones.Luna.Luna-distance-walk.Name	Walked Distance	步行距离		
Career.Milestones.Luna.Luna-distance-walk.Description	How much you have walked with a Drood.	你操控 Drood 步行的总距离。		
Career.Milestones.Luna.Luna-speed-land.Name	Land Speed	地面速度		
Career.Milestones.Luna.Luna-speed-land.Description	Drive as fast as possible without going airborne, your record will be set after you have been grounded for more than 10 consecutive seconds.	尽可能快地行驶且不离开地面，连续贴地超过 10 秒后即记录成绩。		
Career.Milestones.T.T..TT-flyby.Name	Flybys	飞掠次数		
Career.Milestones.T.T..TT-flyby.Description	How many unique crafts have managed to fly by.	有多少个不同的载具完成了飞掠。		
Career.Milestones.T.T..TT-orbit.Name	Orbits	入轨次数		
Career.Milestones.T.T..TT-orbit.Description	How many unique crafts have reached a stable orbit.	有多少个不同的载具进入了稳定轨道。		
Career.Milestones.T.T..TT-landing.Name	Landings	着陆次数		
Career.Milestones.T.T..TT-landing.Description	How many crafts have safely landed.	有多少个载具安全着陆。		
Career.Milestones.T.T..TT-distance-land.Name	Grounded Distance Traveled	地面行驶距离		
Career.Milestones.T.T..TT-distance-land.Description	How much you have traveled by land.	你在地面上行驶的总距离。		
Career.Milestones.T.T..TT-distance-walk.Name	Walked Distance	步行距离		
Career.Milestones.T.T..TT-distance-walk.Description	How much you have walked with a Drood.	你操控 Drood 步行的总距离。		
Career.Milestones.Cylero.Cylero-flyby.Name	Flybys	飞掠次数		
Career.Milestones.Cylero.Cylero-flyby.Description	How many unique crafts have managed to fly by.	有多少个不同的载具完成了飞掠。		
Career.Milestones.Cylero.Cylero-orbit.Name	Orbits	入轨次数		
Career.Milestones.Cylero.Cylero-orbit.Description	How many unique crafts have reached a stable orbit.	有多少个不同的载具进入了稳定轨道。		
Career.Milestones.Cylero.Cylero-landing.Name	Landings	着陆次数		
Career.Milestones.Cylero.Cylero-landing.Description	How many crafts have safely landed.	有多少个载具安全着陆。		
Career.Milestones.Cylero.Cylero-height.Name	Highest Climb	最高攀登		
Career.Milestones.Cylero.Cylero-height.Description	The tallest point is 13538m high, can you find it and stand on top of it?	最高点高 13538 米，你能找到它并站到顶端吗？		
Career.Milestones.Cylero.Cylero-distance-land.Name	Grounded Distance Traveled	地面行驶距离		
Career.Milestones.Cylero.Cylero-distance-land.Description	How much you have traveled by land.	你在地面上行驶的总距离。		
Career.Milestones.Cylero.Cylero-distance-air.Name	Distance Flying	飞行距离		
Career.Milestones.Cylero.Cylero-distance-air.Description	How much you have traveled flying through the atmosphere.	你在大气层中飞行的总距离。		
Career.Milestones.Cylero.Cylero-distance-walk.Name	Walked Distance	步行距离		
Career.Milestones.Cylero.Cylero-distance-walk.Description	How much you have walked with a Drood.	你操控 Drood 步行的总距离。		
Career.Milestones.Cylero.Cylero-speed-land.Name	Land Speed	地面速度		
Career.Milestones.Cylero.Cylero-speed-land.Description	Drive as fast as possible without going airborne, your record will be set after you have been grounded for more than 10 consecutive seconds.	尽可能快地行驶且不离开地面，连续贴地超过 10 秒后即记录成绩。		
Career.Milestones.Cylero.Cylero-speed-air.Name	Air Speed	空中速度		
Career.Milestones.Cylero.Cylero-speed-air.Description	Go as fast as you can while under 10km high and keeping your trajectory mostly horizontal.	在低于 10 千米高度且弹道基本保持水平的情况下，尽可能飞得快。		
Career.Milestones.Niobe.Niobe-flyby.Name	Flybys	飞掠次数		
Career.Milestones.Niobe.Niobe-flyby.Description	How many unique crafts have managed to fly by.	有多少个不同的载具完成了飞掠。		
Career.Milestones.Niobe.Niobe-orbit.Name	Orbits	入轨次数		
Career.Milestones.Niobe.Niobe-orbit.Description	How many unique crafts have reached a stable orbit.	有多少个不同的载具进入了稳定轨道。		
Career.Milestones.Niobe.Niobe-landing.Name	Landings	着陆次数		
Career.Milestones.Niobe.Niobe-landing.Description	How many crafts have safely landed.	有多少个载具安全着陆。		
Career.Milestones.Niobe.Niobe-distance-land.Name	Grounded Distance Traveled	地面行驶距离		
Career.Milestones.Niobe.Niobe-distance-land.Description	How much you have traveled by land.	你在地面上行驶的总距离。		
Career.Milestones.Niobe.Niobe-distance-walk.Name	Walked Distance	步行距离		
Career.Milestones.Niobe.Niobe-distance-walk.Description	How much you have walked with a Drood.	你操控 Drood 步行的总距离。		
Career.Milestones.Herma.Herma-flyby.Name	Flybys	飞掠次数		
Career.Milestones.Herma.Herma-flyby.Description	How many unique crafts have managed to fly by.	有多少个不同的载具完成了飞掠。		
Career.Milestones.Herma.Herma-orbit.Name	Orbits	入轨次数		
Career.Milestones.Herma.Herma-orbit.Description	How many unique crafts have reached a stable orbit.	有多少个不同的载具进入了稳定轨道。		
Career.Milestones.Herma.Herma-landing.Name	Landings	着陆次数		
Career.Milestones.Herma.Herma-landing.Description	How many crafts have safely landed.	有多少个载具安全着陆。		
Career.Milestones.Herma.Herma-distance-land.Name	Grounded Distance Traveled	地面行驶距离		
Career.Milestones.Herma.Herma-distance-land.Description	How much you have traveled by land.	你在地面上行驶的总距离。		
Career.Milestones.Herma.Herma-distance-walk.Name	Walked Distance	步行距离		
Career.Milestones.Herma.Herma-distance-walk.Description	How much you have walked with a Drood.	你操控 Drood 步行的总距离。		
Career.Milestones.Handrew's Comet.Comet-flyby.Name	Flybys	飞掠次数		
Career.Milestones.Handrew's Comet.Comet-flyby.Description	How many unique crafts have managed to fly by.	有多少个不同的载具完成了飞掠。		
Career.Milestones.Handrew's Comet.Comet-orbit.Name	Orbits	入轨次数		
Career.Milestones.Handrew's Comet.Comet-orbit.Description	How many unique crafts have reached a stable orbit.	有多少个不同的载具进入了稳定轨道。		
Career.Milestones.Handrew's Comet.Comet-landing.Name	Landings	着陆次数		
Career.Milestones.Handrew's Comet.Comet-landing.Description	How many crafts have safely landed.	有多少个载具安全着陆。		
Career.Milestones.Handrew's Comet.Comet-distance-land.Name	Grounded Distance Traveled	地面行驶距离		
Career.Milestones.Handrew's Comet.Comet-distance-land.Description	How much you have traveled by land.	你在地面上行驶的总距离。		
Career.Milestones.Handrew's Comet.Comet-distance-walk.Name	Walked Distance	步行距离		
Career.Milestones.Handrew's Comet.Comet-distance-walk.Description	How much you have walked with a Drood.	你操控 Drood 步行的总距离。		
Career.Milestones.Tydos.Tydos-flyby.Name	Flybys	飞掠次数		
Career.Milestones.Tydos.Tydos-flyby.Description	How many unique crafts have managed to fly by.	有多少个不同的载具完成了飞掠。		
Career.Milestones.Tydos.Tydos-orbit.Name	Orbits	入轨次数		
Career.Milestones.Tydos.Tydos-orbit.Description	How many unique crafts have reached a stable orbit.	有多少个不同的载具进入了稳定轨道。		
Career.Milestones.Tydos.Tydos-aerobrake.Name	Aerobraking	气动刹车		
Career.Milestones.Tydos.Tydos-aerobrake.Description	How much speed you have lost thanks to aerobrakes.	气动刹车帮你减掉的速度总量。		
Career.Milestones.Tydos.Tydos-depth.Name	Deepest Dive	最深下潜		
Career.Milestones.Tydos.Tydos-depth.Description	In gas giants Sea Level is considered to be where the atmosphere reaches one bar. How deep into Tydos' atmosphere can you go?	在气态巨行星上，海平面定义为大气压达到 1 巴的高度。你能深入 Tydos 大气多深？		
Career.Milestones.Nebra.Nebra-flyby.Name	Flybys	飞掠次数		
Career.Milestones.Nebra.Nebra-flyby.Description	How many unique crafts have managed to fly by.	有多少个不同的载具完成了飞掠。		
Career.Milestones.Nebra.Nebra-orbit.Name	Orbits	入轨次数		
Career.Milestones.Nebra.Nebra-orbit.Description	How many unique crafts have reached a stable orbit.	有多少个不同的载具进入了稳定轨道。		
Career.Milestones.Nebra.Nebra-landing.Name	Landings	着陆次数		
Career.Milestones.Nebra.Nebra-landing.Description	How many crafts have safely landed.	有多少个载具安全着陆。		
Career.Milestones.Nebra.Nebra-height.Name	Highest Climb	最高攀登		
Career.Milestones.Nebra.Nebra-height.Description	The tallest point is 2943m high, can you find it and stand on top of it?	最高点高 2943 米，你能找到它并站到顶端吗？		
Career.Milestones.Nebra.Nebra-depth.Name	Deepest Dive	最深下潜		
Career.Milestones.Nebra.Nebra-depth.Description	The lowest point is 7212m deep, can you find it and dive to it?	最低点深 7212 米，你能找到它并下潜抵达吗？		
Career.Milestones.Nebra.Nebra-distance-land.Name	Grounded Distance Traveled	地面行驶距离		
Career.Milestones.Nebra.Nebra-distance-land.Description	How much you have traveled by land.	你在地面上行驶的总距离。		
Career.Milestones.Nebra.Nebra-distance-water.Name	Distance Navigating	水面航行距离		
Career.Milestones.Nebra.Nebra-distance-water.Description	How much you have navigated in the oceans and lakes.	你在海洋和湖泊中航行的总距离。		
Career.Milestones.Nebra.Nebra-distance-air.Name	Distance Flying	飞行距离		
Career.Milestones.Nebra.Nebra-distance-air.Description	How much you have traveled flying through the atmosphere.	你在大气层中飞行的总距离。		
Career.Milestones.Nebra.Nebra-distance-walk.Name	Walked Distance	步行距离		
Career.Milestones.Nebra.Nebra-distance-walk.Description	How much you have walked with a Drood.	你操控 Drood 步行的总距离。		
Career.Milestones.Nebra.Nebra-distance-swim.Name	Distance Swum	游泳距离		
Career.Milestones.Nebra.Nebra-distance-swim.Description	How much you have swum with a Drood.	你操控 Drood 游泳的总距离。		
Career.Milestones.Nebra.Nebra-speed-land.Name	Land Speed	地面速度		
Career.Milestones.Nebra.Nebra-speed-land.Description	Drive as fast as possible without going airborne, your record will be set after you have been grounded for more than 10 consecutive seconds.	尽可能快地行驶且不离开地面，连续贴地超过 10 秒后即记录成绩。		
Career.Milestones.Nebra.Nebra-speed-water.Name	Water Speed	水上速度		
Career.Milestones.Nebra.Nebra-speed-water.Description	Navigate as fast as possible without going airborne, your record will be set after you have been touching the water for more than 10 consecutive seconds.	尽可能快地航行且不离开水面，连续接触水面超过 10 秒后即记录成绩。		
Career.Milestones.Nebra.Nebra-speed-air.Name	Air Speed	空中速度		
Career.Milestones.Nebra.Nebra-speed-air.Description	Go as fast as you can while under 30km high and keeping your trajectory mostly horizontal.	在低于 30 千米高度且弹道基本保持水平的情况下，尽可能飞得快。		
Career.Milestones.Miros.Miros-flyby.Name	Flybys	飞掠次数		
Career.Milestones.Miros.Miros-flyby.Description	How many unique crafts have managed to fly by.	有多少个不同的载具完成了飞掠。		
Career.Milestones.Miros.Miros-orbit.Name	Orbits	入轨次数		
Career.Milestones.Miros.Miros-orbit.Description	How many unique crafts have reached a stable orbit.	有多少个不同的载具进入了稳定轨道。		
Career.Milestones.Miros.Miros-landing.Name	Landings	着陆次数		
Career.Milestones.Miros.Miros-landing.Description	How many crafts have safely landed.	有多少个载具安全着陆。		
Career.Milestones.Miros.Miros-distance-land.Name	Grounded Distance Traveled	地面行驶距离		
Career.Milestones.Miros.Miros-distance-land.Description	How much you have traveled by land.	你在地面上行驶的总距离。		
Career.Milestones.Miros.Miros-distance-walk.Name	Walked Distance	步行距离		
Career.Milestones.Miros.Miros-distance-walk.Description	How much you have walked with a Drood.	你操控 Drood 步行的总距离。		
Career.Milestones.Miros.Miros-speed-land.Name	Land Speed	地面速度		
Career.Milestones.Miros.Miros-speed-land.Description	Drive as fast as possible without going airborne, your record will be set after you have been grounded for more than 10 consecutive seconds.	尽可能快地行驶且不离开地面，连续贴地超过 10 秒后即记录成绩。		
Career.Milestones.Orcus.Orcus-flyby.Name	Flybys	飞掠次数		
Career.Milestones.Orcus.Orcus-flyby.Description	How many unique crafts have managed to fly by.	有多少个不同的载具完成了飞掠。		
Career.Milestones.Orcus.Orcus-orbit.Name	Orbits	入轨次数		
Career.Milestones.Orcus.Orcus-orbit.Description	How many unique crafts have reached a stable orbit.	有多少个不同的载具进入了稳定轨道。		
Career.Milestones.Orcus.Orcus-landing.Name	Landings	着陆次数		
Career.Milestones.Orcus.Orcus-landing.Description	How many crafts have safely landed.	有多少个载具安全着陆。		
Career.Milestones.Orcus.Orcus-distance-land.Name	Grounded Distance Traveled	地面行驶距离		
Career.Milestones.Orcus.Orcus-distance-land.Description	How much you have traveled by land.	你在地面上行驶的总距离。		
Career.Milestones.Orcus.Orcus-distance-walk.Name	Walked Distance	步行距离		
Career.Milestones.Orcus.Orcus-distance-walk.Description	How much you have walked with a Drood.	你操控 Drood 步行的总距离。		
Career.Milestones.Orcus.Orcus-speed-land.Name	Land Speed	地面速度		
Career.Milestones.Orcus.Orcus-speed-land.Description	Drive as fast as possible without going airborne, your record will be set after you have been grounded for more than 10 consecutive seconds.	尽可能快地行驶且不离开地面，连续贴地超过 10 秒后即记录成绩。		
Career.Milestones.Urados.Urados-flyby.Name	Flybys	飞掠次数		
Career.Milestones.Urados.Urados-flyby.Description	How many unique crafts have managed to fly by.	有多少个不同的载具完成了飞掠。		
Career.Milestones.Urados.Urados-orbit.Name	Orbits	入轨次数		
Career.Milestones.Urados.Urados-orbit.Description	How many unique crafts have reached a stable orbit.	有多少个不同的载具进入了稳定轨道。		
Career.Milestones.Urados.Urados-aerobrake.Name	Aerobraking	气动刹车		
Career.Milestones.Urados.Urados-aerobrake.Description	How much speed you have lost thanks to aerobrakes.	气动刹车帮你减掉的速度总量。		
Career.Milestones.Urados.Urados-depth.Name	Deepest Dive	最深下潜		
Career.Milestones.Urados.Urados-depth.Description	In gas giants Sea Level is considered to be where the atmosphere reaches one bar. How deep into Urados' atmosphere can you go?	在气态巨行星上，海平面定义为大气压达到 1 巴的高度。你能深入 Urados 大气多深？		
Career.Milestones.Jastrus.Jastrus-flyby.Name	Flybys	飞掠次数		
Career.Milestones.Jastrus.Jastrus-flyby.Description	How many unique crafts have managed to fly by.	有多少个不同的载具完成了飞掠。		
Career.Milestones.Jastrus.Jastrus-orbit.Name	Orbits	入轨次数		
Career.Milestones.Jastrus.Jastrus-orbit.Description	How many unique crafts have reached a stable orbit.	有多少个不同的载具进入了稳定轨道。		
Career.Milestones.Jastrus.Jastrus-landing.Name	Landings	着陆次数		
Career.Milestones.Jastrus.Jastrus-landing.Description	How many crafts have safely landed.	有多少个载具安全着陆。		
Career.Milestones.Jastrus.Jastrus-distance-land.Name	Grounded Distance Traveled	地面行驶距离		
Career.Milestones.Jastrus.Jastrus-distance-land.Description	How much you have traveled by land.	你在地面上行驶的总距离。		
Career.Milestones.Jastrus.Jastrus-distance-walk.Name	Walked Distance	步行距离		
Career.Milestones.Jastrus.Jastrus-distance-walk.Description	How much you have walked with a Drood.	你操控 Drood 步行的总距离。		
Career.Milestones.Jastrus.Jastrus-speed-land.Name	Land Speed	地面速度		
Career.Milestones.Jastrus.Jastrus-speed-land.Description	Drive as fast as possible without going airborne, your record will be set after you have been grounded for more than 10 consecutive seconds.	尽可能快地行驶且不离开地面，连续贴地超过 10 秒后即记录成绩。		
Career.Milestones.Boreas.Boreas-flyby.Name	Flybys	飞掠次数		
Career.Milestones.Boreas.Boreas-flyby.Description	How many unique crafts have managed to fly by.	有多少个不同的载具完成了飞掠。		
Career.Milestones.Boreas.Boreas-orbit.Name	Orbits	入轨次数		
Career.Milestones.Boreas.Boreas-orbit.Description	How many unique crafts have reached a stable orbit.	有多少个不同的载具进入了稳定轨道。		
Career.Milestones.Boreas.Boreas-landing.Name	Landings	着陆次数		
Career.Milestones.Boreas.Boreas-landing.Description	How many crafts have safely landed.	有多少个载具安全着陆。		
Career.Milestones.Boreas.Boreas-depth.Name	Deepest Point	最深处		
Career.Milestones.Boreas.Boreas-depth.Description	There's a water leakage in one of the cracks, how deep can you go?	有一处裂缝在不断渗水，你能下潜多深？		
Career.Milestones.Boreas.Boreas-distance-land.Name	Grounded Distance Traveled	地面行驶距离		
Career.Milestones.Boreas.Boreas-distance-land.Description	How much you have traveled by land.	你在地面上行驶的总距离。		
Career.Milestones.Boreas.Boreas-distance-walk.Name	Walked Distance	步行距离		
Career.Milestones.Boreas.Boreas-distance-walk.Description	How much you have walked with a Drood.	你操控 Drood 步行的总距离。		
Career.Milestones.Boreas.Boreas-speed-land.Name	Land Speed	地面速度		
Career.Milestones.Boreas.Boreas-speed-land.Description	Drive as fast as possible without going airborne, your record will be set after you have been grounded for more than 10 consecutive seconds.	尽可能快地行驶且不离开地面，连续贴地超过 10 秒后即记录成绩。		
Career.Milestones.Taurus.Taurus-flyby.Name	Flybys	飞掠次数		
Career.Milestones.Taurus.Taurus-flyby.Description	How many unique crafts have managed to fly by.	有多少个不同的载具完成了飞掠。		
Career.Milestones.Taurus.Taurus-orbit.Name	Orbits	入轨次数		
Career.Milestones.Taurus.Taurus-orbit.Description	How many unique crafts have reached a stable orbit.	有多少个不同的载具进入了稳定轨道。		
Career.Milestones.Taurus.Taurus-landing.Name	Landings	着陆次数		
Career.Milestones.Taurus.Taurus-landing.Description	How many crafts have safely landed.	有多少个载具安全着陆。		
Career.Milestones.Taurus.Taurus-height.Name	Highest Climb	最高攀登		
Career.Milestones.Taurus.Taurus-height.Description	The tallest point is 4677m high, can you find it and stand on top of it?	最高点高 4677 米，你能找到它并站到顶端吗？		
Career.Milestones.Taurus.Taurus-depth.Name	Deepest Dive	最深下潜		
Career.Milestones.Taurus.Taurus-depth.Description	The lowest point is 4150m deep, can you find it and dive to it?	最低点深 4150 米，你能找到它并下潜抵达吗？		
Career.Milestones.Taurus.Taurus-distance-land.Name	Grounded Distance Traveled	地面行驶距离		
Career.Milestones.Taurus.Taurus-distance-land.Description	How much you have traveled by land.	你在地面上行驶的总距离。		
Career.Milestones.Taurus.Taurus-distance-water.Name	Distance Navigating	水面航行距离		
Career.Milestones.Taurus.Taurus-distance-water.Description	How much you have navigated in the oceans and lakes.	你在海洋和湖泊中航行的总距离。		
Career.Milestones.Taurus.Taurus-distance-air.Name	Distance Flying	飞行距离		
Career.Milestones.Taurus.Taurus-distance-air.Description	How much you have traveled flying through the atmosphere.	你在大气层中飞行的总距离。		
Career.Milestones.Taurus.Taurus-distance-walk.Name	Walked Distance	步行距离		
Career.Milestones.Taurus.Taurus-distance-walk.Description	How much you have walked with a Drood.	你操控 Drood 步行的总距离。		
Career.Milestones.Taurus.Taurus-distance-swim.Name	Distance Swum	游泳距离		
Career.Milestones.Taurus.Taurus-distance-swim.Description	How much you have swum with a Drood.	你操控 Drood 游泳的总距离。		
Career.Milestones.Taurus.Taurus-speed-land.Name	Land Speed	地面速度		
Career.Milestones.Taurus.Taurus-speed-land.Description	Drive as fast as possible without going airborne, your record will be set after you have been grounded for more than 10 consecutive seconds.	尽可能快地行驶且不离开地面，连续贴地超过 10 秒后即记录成绩。		
Career.Milestones.Taurus.Taurus-speed-water.Name	Methane Speed	甲烷速度		
Career.Milestones.Taurus.Taurus-speed-water.Description	Navigate as fast as possible without going airborne, your record will be set after you have been touching the water for more than 10 consecutive seconds.	尽可能快地航行且不离开水面，连续接触水面超过 10 秒后即记录成绩。		
Career.Milestones.Taurus.Taurus-speed-air.Name	Air Speed	空中速度		
Career.Milestones.Taurus.Taurus-speed-air.Description	Go as fast as you can while under 30km high and keeping your trajectory mostly horizontal.	在低于 30 千米高度且弹道基本保持水平的情况下，尽可能飞得快。		
Career.Milestones.Hypatchion.Hypatchion-flyby.Name	Flybys	飞掠次数		
Career.Milestones.Hypatchion.Hypatchion-flyby.Description	How many unique crafts have managed to fly by.	有多少个不同的载具完成了飞掠。		
Career.Milestones.Hypatchion.Hypatchion-orbit.Name	Orbits	入轨次数		
Career.Milestones.Hypatchion.Hypatchion-orbit.Description	How many unique crafts have reached a stable orbit.	有多少个不同的载具进入了稳定轨道。		
Career.Milestones.Hypatchion.Hypatchion-landing.Name	Landings	着陆次数		
Career.Milestones.Hypatchion.Hypatchion-landing.Description	How many crafts have safely landed.	有多少个载具安全着陆。		
Career.Milestones.Hypatchion.Hypatchion-distance-land.Name	Grounded Distance Traveled	地面行驶距离		
Career.Milestones.Hypatchion.Hypatchion-distance-land.Description	How much you have traveled by land.	你在地面上行驶的总距离。		
Career.Milestones.Hypatchion.Hypatchion-distance-walk.Name	Walked Distance	步行距离		
Career.Milestones.Hypatchion.Hypatchion-distance-walk.Description	How much you have walked with a Drood.	你操控 Drood 步行的总距离。		
Career.Milestones.Hypatchion.Hypatchion-speed-land.Name	Land Speed	地面速度		
Career.Milestones.Hypatchion.Hypatchion-speed-land.Description	Drive as fast as possible without going airborne, your record will be set after you have been grounded for more than 10 consecutive seconds.	尽可能快地行驶且不离开地面，连续贴地超过 10 秒后即记录成绩。		
Career.TechTree.Items.Map.Enable.Name	Enable Map View	启用地图视图		
Career.TechTree.Items.Map.Enable.Description	The map view is a great tool used to check your crafts from space, also being able to check other planets and moons in advance.	地图视图是从太空查看载具的好用工具，还能提前查看其他行星和卫星。		
Career.TechTree.Items.Map.Lines.Name	Display Orbit Lines	显示轨道线		
Career.TechTree.Items.Map.Lines.Description	Knowing your rocket trajectory is vital for space travel, this will let you predict where and when you are going to be in a certain spot.	掌握火箭弹道对太空飞行至关重要，此功能可预测你将在何时何地到达某个位置。		
Career.TechTree.Items.Map.Maneuver.Name	Plan Maneuvers	规划机动		
Career.TechTree.Items.Map.Maneuver.Description	Complex space missions require advanced planning tools. Maneuver nodes will let you easily plan your burns to change your orbit according to plan.	复杂的太空任务需要高级规划工具。机动节点可让你轻松规划点火，按计划改变轨道。		
Career.TechTree.Items.MaxActiveCrafts.Name	Max Active Crafts	活跃载具上限		
Career.TechTree.Items.MaxActiveCrafts.Description	The management of multiple crafts in orbit is complex, this is limited to ensure you don't pollute the system for no reason.	在轨管理多个载具十分复杂，限制数量是为了避免无谓地占用行星系。		
Career.TechTree.Items.MaxContractsOffered.Name	Max Contracts Offered	合约数量上限		
Career.TechTree.Items.MaxContractsOffered.Description	Dealing with clients can be overwhelming, but the more contracts you get, the more freedom in your selection you will have.	应付客户可能让人吃不消，但拿到的合约越多，可供挑选的余地就越大。		
Career.TechTree.Items.Milestone.docks.Name	Docking Milestone	对接里程碑		
Career.TechTree.Items.Milestone.astronauts.Name	Astronaut Wings Milestone	宇航员徽章里程碑		
Career.TechTree.Items.Cheats.QuickSave.Name	Quick Saving	快速存档		
Career.TechTree.Items.Cheats.QuickSave.Description	Regrets have never been less of a thing, quicksaving lets you set checkpoints during a mission and go back to them at any point.	后悔的代价从未如此之小，快速存档让你在任务中设置检查点，随时都能回到任意检查点。		
Career.TechTree.Items.Cheats.UndoRetry.Name	Undo and Retry	撤销与重试		
Career.TechTree.Items.Cheats.UndoRetry.Description	Time traveling is a powerful tool, get a second chance after messing it up or hop into the designer to tweak the craft before coming back.	时间回溯是强大的工具，搞砸后能再有一次机会，或先进设计器调整载具再回来。		
Career.TechTree.Items.Cheats.TinkerPanel.Name	Tinker Panel	调试面板		
Career.TechTree.Items.Cheats.TinkerPanel.Description	A menu with a handful set of tools that aren't officially supported but that can unlock loads of fun.	一个包含若干工具的菜单，这些工具未获官方支持，却能带来大量乐趣。		
Career.TechTree.Items.Cheats.CustomLaunch.Name	Custom Launchsites	自定义发射场		
Career.TechTree.Items.Cheats.CustomLaunch.Description	Is there a place you really like? Are you tired of having to get to orbit every time? Just save a launch location and done.	有特别喜欢的去处？厌倦了每次都要重新入轨？保存一个发射场即可。		
Career.TechTree.Items.Cheats.FlightCheats.Name	Flight Cheats	飞行作弊		
Career.TechTree.Items.Cheats.FlightCheats.Description	A menu with a handful set of tools that will let you teleport, change gravity, have infinite fuel... your wishes come true!	一个包含若干工具的菜单，可传送、改重力、无限燃料……心想事成！		
Career.TechTree.Items.Cheats.CareerCheats.Name	Career Cheats	生涯作弊		
Career.TechTree.Items.Cheats.CareerCheats.Description	A context menu letting you set contracts as completed and access contract dev QoL tools.	一个右键菜单，可将合约标记为已完成，并打开合约开发辅助工具。		
Career.TechTree.Items.Cheats.SkipValidation.Name	Skip Validation	跳过校验		
Career.TechTree.Items.Cheats.SkipValidation.Description	Tired of being told you can't launch? No wonder! Do whatever you want with this unlocked.	受够了被告知无法发射？难怪！解锁后你想怎么做都行。		
Career.TechTree.Items.Config.FuelLine.Name	Fuel Lines	燃料管线		
Career.TechTree.Items.Config.FuelLine.Description	Fuel lines let you send fuel across any part of your rocket, letting it reach your engines no matter what the configuration of the structure is.	燃料管线可将燃料输送到火箭的任意部位，无论结构如何布置，都能让燃料抵达发动机。		
Career.TechTree.Items.Config.HeatShield.Name	Heatshield Coating	隔热涂层		
Career.TechTree.Items.Config.HeatShield.Description	Heatshield coatings give parts some extra protection to heat, peeling off the extra heat and thus running out over time.	隔热涂层为零件提供额外的耐热保护，会逐渐剥落，因此随时间耗尽。		
Career.TechTree.Items.MaxSize.Beacon.Name	Beacon Size	信标尺寸		
Career.TechTree.Items.MaxSize.Beacon.Description	The maximum size of the beacons.	信标的最大尺寸。		
Career.TechTree.Items.MaxSize.Capsule.Name	Crew Capsule Size	乘员舱尺寸		
Career.TechTree.Items.MaxSize.Capsule.Description	The maximum size of a crew capsule.	乘员舱的最大尺寸。		
Career.TechTree.Items.MaxSize.Detacher.Name	Side Detacher Size	侧挂分离器尺寸		
Career.TechTree.Items.MaxSize.Detacher.Description	The maximum size of a side detacher.	侧挂分离器的最大尺寸。		
Career.TechTree.Items.MaxSize.Docking.Name	Docking Port Size	对接口尺寸		
Career.TechTree.Items.MaxSize.Docking.Description	The maximum size of a docking port.	对接口的最大尺寸。		
Career.TechTree.Items.MaxSize.ElectricMotor.Name	Electric Motor Size	电动机尺寸		
Career.TechTree.Items.MaxSize.ElectricMotor.Description	The maximum size of an electric motor.	电动机的最大尺寸。		
Career.TechTree.Items.MaxSize.Engine.Name	Ion Engine Size	离子发动机尺寸		
Career.TechTree.Items.MaxSize.Engine.Description	The maximum size of an ion engine.	离子发动机的最大尺寸。		
Career.TechTree.Items.MaxSize.JetEngine.Name	Jet Engine Size	喷气发动机尺寸		
Career.TechTree.Items.MaxSize.JetEngine.Description	The maximum size of a jet engine.	喷气发动机的最大尺寸。		
Career.TechTree.Items.MaxSize.JointRotator.Name	Joint Rotator Size	旋转关节尺寸		
Career.TechTree.Items.MaxSize.JointRotator.Description	The maximum size of a joint rotator.	旋转关节的最大尺寸。		
Career.TechTree.Items.MaxSize.LandingGear.Name	Landing Gear Size	起落架尺寸		
Career.TechTree.Items.MaxSize.LandingGear.Description	The maximum size of a landing gear.	起落架的最大尺寸。		
Career.TechTree.Items.MaxSize.LandingLeg.Name	Landing Gear Size	起落架尺寸		
Career.TechTree.Items.MaxSize.LandingLeg.Description	The maximum size of a landing gear.	起落架的最大尺寸。		
Career.TechTree.Items.MaxSize.Light.Name	Light Size	灯光尺寸		
Career.TechTree.Items.MaxSize.Light.Description	The maximum size of the lights.	灯光装置的最大尺寸。		
Career.TechTree.Items.MaxSize.Parachute.Name	Parachute Size	降落伞尺寸		
Career.TechTree.Items.MaxSize.Parachute.Description	The maximum size of a parachute.	降落伞的最大尺寸。		
Career.TechTree.Items.MaxSize.Piston.Name	Piston Size	活塞尺寸		
Career.TechTree.Items.MaxSize.Piston.Description	The maximum size of a piston.	活塞的最大尺寸。		
Career.TechTree.Items.MaxSize.Prop.Name	Propeller Size	螺旋桨尺寸		
Career.TechTree.Items.MaxSize.Prop.Description	The maximum size of a propeller assembly.	螺旋桨组件的最大尺寸。		
Career.TechTree.Items.MaxSize.RCS.Name	RCS Size	RCS 尺寸		
Career.TechTree.Items.MaxSize.RCS.Description	The maximum size of a RCS.	RCS 的最大尺寸。		
Career.TechTree.Items.MaxSize.RocketEngine.Name	Rocket Engine Size	火箭发动机尺寸		
Career.TechTree.Items.MaxSize.RocketEngine.Description	The maximum size of a rocket engine.	火箭发动机的最大尺寸。		
Career.TechTree.Items.MaxSize.Shock.Name	Shock Size	减震器尺寸		
Career.TechTree.Items.MaxSize.Shock.Description	The maximum size of a shock.	减震器的最大尺寸。		
Career.TechTree.Items.MaxSize.SolarPanelArray.Name	Solar Panel Array Size	太阳能板阵列尺寸		
Career.TechTree.Items.MaxSize.SolarPanelArray.Description	The maximum size of a solar panel Array.	太阳能板阵列的最大尺寸。		
Career.TechTree.Items.MaxSize.Wheel.Name	Rover Wheel Size	巡视车车轮尺寸		
Career.TechTree.Items.MaxSize.Wheel.Description	The maximum size of a rover wheel.	巡视车车轮的最大尺寸。		
Career.TechTree.Items.Chute.Radius.Name	Parachute Radius	降落伞半径		
Career.TechTree.Items.Chute.Radius.Description	How large your chute can be, increasing its drag.	降落伞可达到的大小，越大阻力越高。		
Career.TechTree.Items.Chute.Length.Name	Parachute Chord Length	降落伞弦长		
Career.TechTree.Items.Chute.Length.Description	The length of a parachute chord can make it more stable.	降落伞弦长越长，稳定性越好。		
Career.TechTree.Items.Command.Battery.Name	Command Disc Battery	指令盘电池		
Career.TechTree.Items.Command.Battery.Description	The amount of volume in a command disc dedicated to store batteries.	指令盘中用于容纳电池的容积。		
Career.TechTree.Items.Command.Gyro.Name	Command Disc Gyro	指令盘陀螺仪		
Career.TechTree.Items.Command.Gyro.Description	The amount of volume in a command disc dedicated to store gyroscopes. These can point a craft but can be slow and expensive.	指令盘中用于容纳陀螺仪的容积。陀螺仪可以调整载具朝向，但速度慢且代价高。		
Career.TechTree.Items.Compartment.Volume.Name	Crew Volume	乘员容积		
Career.TechTree.Items.Compartment.Volume.Description	The amount of volume available for each crew member in a compartment.	舱室中为每位乘员提供的可用容积。		
Career.TechTree.Items.Camera.NightVision.Name	Night Vision	夜视		
Career.TechTree.Items.Camera.NightVision.Description	Night Vision cameras allow you to see in the dark without the need of having lights, but they need at least some light to work.	夜视摄像头让你无需照明也能在黑暗中看清，但仍需要少量光线才能工作。		
Career.TechTree.Items.Fuselage.DeadWeight.Name	Dead Weight	配重		
Career.TechTree.Items.Fuselage.DeadWeight.Description	Lead pellets you can put in your fuel tanks to adjust the CoM.	可放入燃料箱的铅粒，用来调整质心。		
Career.TechTree.Items.Fuselage.Pinch.Name	Pinch	收窄		
Career.TechTree.Items.Fuselage.Pinch.Description	The pinch tool allows you to deform a fuselage to make it narrower on one side.	收窄工具可将机身一侧压得更细。		
Career.TechTree.Items.Fuselage.Slant.Name	Slant	斜切		
Career.TechTree.Items.Fuselage.Slant.Description	The slant tool lets you make a diagonal cut to the top face of a fuselage.	斜切工具可对机身顶面做斜向切割。		
Career.TechTree.Items.Fuselage.Clamp.Name	Clamp	截断		
Career.TechTree.Items.Fuselage.Clamp.Description	The clamp tool lets you cut sections out of a fuselage.	截断工具可从机身上切掉一段。		
Career.TechTree.Items.Fuselage.Curve.Name	Curve	曲线		
Career.TechTree.Items.Fuselage.Curve.Description	The curve tool lets you change the profile of a nosecone to any curve.	曲线工具可将头锥的轮廓改成任意曲线。		
Career.TechTree.Items.SolarPanelArray.Columns.Name	Columns	列数		
Career.TechTree.Items.SolarPanelArray.Columns.Description	The amount of panels per row the array can have.	阵列每行可容纳的太阳能板数量。		
Career.TechTree.Items.SolarPanelArray.Rows.Name	Rows	行数		
Career.TechTree.Items.SolarPanelArray.Rows.Description	The amount of rows of panels the array can have.	阵列可容纳的太阳能板行数。		
Career.TechTree.Items.SolarPanelArray.Shape.Name	Shape	形状		
Career.TechTree.Items.SolarPanelArray.Shape.Description	How much the panel can be stretched to tweak its shape.	太阳能板可拉伸的程度，用于微调形状。		
Career.TechTree.Items.ElectricMotor.Brake.Name	Electric Motor Brakes	电动机刹车		
Career.TechTree.Items.ElectricMotor.Brake.Description	The brake torque affects how hard it can stop.	刹车扭矩决定其制停力度。		
Career.TechTree.Items.ElectricMotor.RPM.Name	Electric Motor RPM	电动机转速		
Career.TechTree.Items.ElectricMotor.RPM.Description	How fast the electric motor can spin given enough torque.	扭矩充足时电动机的旋转速度。		
Career.TechTree.Items.ElectricMotor.Torque.Name	Electric Motor Torque	电动机扭矩		
Career.TechTree.Items.ElectricMotor.Torque.Description	The torque of a motor defines how much force it can do.	电动机扭矩决定其输出力的大小。		
Career.TechTree.Items.Prop.BladeCount.Name	Propeller Blade Count	螺旋桨桨叶数		
Career.TechTree.Items.Prop.BladeCount.Description	The number of unique blades in the propeller assembly.	螺旋桨组件中独立桨叶的数量。		
Career.TechTree.Items.Prop.VariablePitch.Name	Variable Pitch	可变桨距		
Career.TechTree.Items.Prop.VariablePitch.Description	A set of hinges in the propeller blades, allowing for a variable pitch to fine tune their AoA.	桨叶上的一组铰链，可实现可变桨距，从而微调迎角。		
Career.TechTree.Items.Wheel.Brake.Name	Wheel Brakes	车轮刹车		
Career.TechTree.Items.Wheel.Brake.Description	The brake torque affects how hard it can stop a wheel.	刹车扭矩决定车轮的制停力度。		
Career.TechTree.Items.Wheel.Suspension.Name	Wheel Suspension	车轮悬挂		
Career.TechTree.Items.Wheel.Suspension.Description	Shock absorbers integrated in the wheels can help drive on bumpy terrain.	集成在车轮中的减震器有助于在崎岖地形上行驶。		
Career.TechTree.Items.Wheel.Torque.Name	Wheel Torque	车轮扭矩		
Career.TechTree.Items.Wheel.Torque.Description	The torque of a motor defines how much force it can do.	电动机扭矩决定其输出力的大小。		
Career.TechTree.Items.LandingGear.Retraction.Name	Gear Retraction	起落架收放		
Career.TechTree.Items.LandingGear.Retraction.Description	The ability to retract the landing gear to reduce its drag footprint.	可收起起落架，以减小其迎风面积。		
Career.TechTree.Items.Wing.ControlSurfaces.Name	Control Surfaces Per Wing	单翼操纵面数		
Career.TechTree.Items.Wing.ControlSurfaces.Description	The amount of control surfaces you can pack in a single wing.	单个机翼上可布置的操纵面数量。		
Career.TechTree.Items.Wing.Edge.Name	Wing Chord	机翼弦长		
Career.TechTree.Items.Wing.Edge.Description	The wing chord is the size the wing can have between its front and back.	机翼弦长即机翼前后方向可达到的尺寸。		
Career.TechTree.Items.Wing.Length.Name	Wing Span	翼展		
Career.TechTree.Items.Wing.Length.Description	The wing span is its length, the distance between the root and the tip.	翼展即机翼长度，从翼根到翼尖的距离。		
Career.TechTree.Items.Wing.Thickness.Name	Wing Thickness	机翼厚度		
Career.TechTree.Items.Wing.Thickness.Description	How thick a wing can get, making them more resistant to snaps and increasing its fuel storage capacity.	机翼可达到的厚度，越厚越不易折断，并能提高燃料储存容量。		
Career.TechTree.Items.RocketEngine.Grain.Star.Name	Star Grain	星形药柱		
Career.TechTree.Items.RocketEngine.Grain.Star.Description	A solid propellant grain that results in a basic ramp up, hold, ramp down thrust curve.	一种固体推进剂药柱，推力曲线为基本的上升、保持、下降。		
Career.TechTree.Items.RocketEngine.Grain.Tubular.Name	Tubular Grain	管形药柱		
Career.TechTree.Items.RocketEngine.Grain.Tubular.Description	A solid propellant with a hole in the center, resulting in a ramping up thrust curve.	中心带孔的固体推进剂，推力曲线持续上升。		
Career.TechTree.Items.RocketEngine.Grain.DoubleAnchor.Name	Double Anchor Grain	双锚形药柱		
Career.TechTree.Items.RocketEngine.Grain.DoubleAnchor.Description	A solid propellant grain that results in a ramping down thrust curve.	一种固体推进剂药柱，推力曲线持续下降。		
Career.TechTree.Items.RocketEngine.Grain.RodAndTube.Name	Rod And Tube Grain	杆管形药柱		
Career.TechTree.Items.RocketEngine.Grain.RodAndTube.Description	A solid propellant grain designed to produce a constant thrust over its entire burn.	一种固体推进剂药柱，整个燃烧过程都能提供恒定推力。		
Career.TechTree.Items.RocketEngine.Grain.MultiFin.Name	Multifin Grain	多翼形药柱		
Career.TechTree.Items.RocketEngine.Grain.MultiFin.Description	A solid propellant grain that burns all the fuel at the start, resulting in a large impulse followed by a long residual thrust.	一种固体推进剂药柱，起始即烧掉全部燃料，产生巨大冲量，随后是很长的残余推力。		
Career.TechTree.Items.RocketEngine.Nozzle.Bell.Name	Bell Nozzle	钟形喷管		
Career.TechTree.Items.RocketEngine.Nozzle.Bell.Description	Bell shaped nozzles provide better performance than their conical counterparts. This one is resizable.	钟形喷管的性能优于锥形喷管。此款可调整尺寸。		
Career.TechTree.Items.RocketEngine.Nozzle.Cone.Name	Cone Nozzle	锥形喷管		
Career.TechTree.Items.RocketEngine.Nozzle.Cone.Description	Cone shaped nozzles are about as basic as a nozzle can be, but this one is resizable.	锥形喷管是最基础的喷管类型，但此款可调整尺寸。		
Career.TechTree.Items.RocketEngine.Nozzle.Bravo.Name	Bravo Nozzle	Bravo 喷管		
Career.TechTree.Items.RocketEngine.Nozzle.Bravo.Description	It's a basic bell shaped rocket nozzle. More efficient than a cone.	基础的钟形火箭喷管，效率高于锥形。		
Career.TechTree.Items.RocketEngine.Nozzle.Delta.Name	Delta Nozzle	Delta 喷管		
Career.TechTree.Items.RocketEngine.Nozzle.Delta.Description	Resizable bell shaped nozzle with more visual detail.	可调整尺寸的钟形喷管，外观细节更丰富。		
Career.TechTree.Items.RocketEngine.Nozzle.Alpha.Name	Alpha Nozzle	Alpha 喷管		
Career.TechTree.Items.RocketEngine.Nozzle.Alpha.Description	Advanced rocket nozzle with integrated cooling system.	带内置冷却系统的高级火箭喷管。		
Career.TechTree.Items.RocketEngine.Nozzle.Omega.Name	Omega Nozzle	Omega 喷管		
Career.TechTree.Items.RocketEngine.Nozzle.Omega.Description	Gigantic nozzle that pairs well with the Gas Generator II power cycle.	巨型喷管，与燃气发生器 II 动力循环搭配效果极佳。		
Career.TechTree.Items.RocketEngine.Nozzle.Plug.Name	Graphite Nozzle	石墨喷管		
Career.TechTree.Items.RocketEngine.Nozzle.Plug.Description	A milled piece of graphite, the simplest possible plug to put at the end of a rocket.	一块切削成形的石墨，是火箭尾部能装的最简单的塞式喷管。		
Career.TechTree.Items.RocketEngine.Nozzle.Echo.Name	Echo Nozzle	Echo 喷管		
Career.TechTree.Items.RocketEngine.Nozzle.Echo.Description	Large nozzle made for solid rocket boosters.	为固体火箭助推器设计的大型喷管。		
Career.TechTree.Items.RocketEngine.Nozzle.EchoGimbal.Name	Gimbaled Echo Nozzle	矢量摆动 Echo 喷管		
Career.TechTree.Items.RocketEngine.Nozzle.EchoGimbal.Description	A gimbaled version of the Echo nozzle.	Echo 喷管的矢量摆动版本。		
Career.TechTree.Items.RocketEngine.Nozzle.Aerospike.Name	Aerospike	气动塞式喷管		
Career.TechTree.Items.RocketEngine.Nozzle.Aerospike.Description	Aerospike nozzles offer better performance across a wide range of altitudes than bell or cone nozzles.	相比钟形或锥形喷管，气动塞式喷管在很宽的高度范围内性能更佳。		
Career.TechTree.Items.RocketEngine.Power.GasGenerator1.Name	Gas Generator I	燃气发生器 I		
Career.TechTree.Items.RocketEngine.Power.GasGenerator1.Description	Gas generator is a powerful type of fuel injection capable of respectable chamber pressures.	燃气发生器是一种强力的燃料喷射方式，可达可观的燃烧室压力。		
Career.TechTree.Items.RocketEngine.Power.GasGenerator2.Name	Gas Generator II	燃气发生器 II		
Career.TechTree.Items.RocketEngine.Power.GasGenerator2.Description	It's the muscle car equivalent for rocket engines. It's powerful, but it's not too efficient.	相当于火箭发动机里的肌肉车：动力强劲，但效率不算高。		
Career.TechTree.Items.RocketEngine.Power.Staged1.Name	Staged	分级燃烧		
Career.TechTree.Items.RocketEngine.Power.Staged1.Description	Very advanced power cycle capable of extremely high chamber pressures.	非常先进的动力循环，可实现极高的燃烧室压力。		
Career.TechTree.Items.RocketEngine.Power.Staged2.Name	Full Flow Staged	全流量分级燃烧		
Career.TechTree.Items.RocketEngine.Power.Staged2.Description	The holy grail of power cycles capable of the highest chamber pressures at the highest efficiency.	动力循环的圣杯，能以最高效率实现最高的燃烧室压力。		
Career.TechTree.Items.RocketEngine.Power.PressureFed.Name	Pressure Fed	挤压式		
Career.TechTree.Items.RocketEngine.Power.PressureFed.Description	The simplest possible rocket engine, it isn't very powerful but it works great in space. As a plus, it can gimbal, enabling for precise maneuvers.	最简单的火箭发动机，推力不大，但在太空中表现出色。额外好处是能矢量摆动，实现精确机动。		
Career.TechTree.Items.RocketEngine.Power.Electric.Name	Electric	电动泵		
Career.TechTree.Items.RocketEngine.Power.Electric.Description	A high tech rocket engine without a turbopump, using electric pumps to get the fuel into the chamber.	不带涡轮泵的高科技火箭发动机，用电动泵把燃料送入燃烧室。		
Career.TechTree.Items.RocketEngine.Power.Gimbal.Name	Gimbaled Solid	矢量固体		
Career.TechTree.Items.RocketEngine.Power.Gimbal.Description	A solid rocket motor mounted on a sturdy gimbal capable of handling the high stress, enabling thrust vectoring for precise control.	固体火箭发动机装在坚固的矢量摆动支架上，可承受高应力，实现推力矢量以精确控制。		
Career.TechTree.Items.RocketEngine.Power.Model.Name	Model Rocket	模型火箭		
Career.TechTree.Items.RocketEngine.Power.Model.Description	A very small engine with very low efficiencies, perfect for hobbyists or stage separations.	极小的发动机，效率很低，非常适合爱好者或级间分离。		
Career.TechTree.Items.RocketEngine.Power.Booster.Name	Solid Booster	固体助推器		
Career.TechTree.Items.RocketEngine.Power.Booster.Description	An oversized version of the model rocket, perfect to increase the launch thrust of your rockets without spending too much.	模型火箭的超大版本，可在花费不多的前提下提升火箭的发射推力。		
Career.TechTree.Items.RocketEngine.Power.Nuclear.Name	Nuclear	核动力		
Career.TechTree.Items.RocketEngine.Power.Nuclear.Description	Very efficient, but it doesn't pack a punch.	效率很高，但推力不足。		
Career.TechTree.Items.RocketEngine.Power.Monoprop.Name	Monopropellant	单组元推进剂		
Career.TechTree.Items.RocketEngine.Power.Monoprop.Description	Small, but precise engine.	小巧而精确的发动机。		
Career.TechTree.Items.JetEngine.BypassRatio.Name	Bypass Ratio	涵道比		
Career.TechTree.Items.JetEngine.BypassRatio.Description	This can greatly increase fuel efficiency. All the cool engineers are doing it these days.	可大幅提高燃料效率。如今所有时髦的工程师都在这么做。		
Career.TechTree.Items.JetEngine.CompressionRatio.Name	Compression Ratio	压缩比		
Career.TechTree.Items.JetEngine.CompressionRatio.Description	Increasing compression can increase fuel efficiency (and thrust up to a point), but also increases the length and weight of the core.	提高压缩比可提升燃料效率（推力在一定范围内也会提高），但也会增加核心的长度和重量。		
Career.TechTree.Items.JetEngine.Reverse.Name	Jet Reverse Thrust	喷气反推		
Career.TechTree.Items.JetEngine.Reverse.Description	Reverse thrust lets you invert the force of the engine to help you brake the craft.	反推可让发动机的推力反向，帮助你为载具减速。		
Career.TechTree.Items.JetEngine.Afterburner.Name	Jet Afterburner	喷气加力		
Career.TechTree.Items.JetEngine.Afterburner.Description	Afterburners can greatly increase thrust by lowering efficiency. And they look cool so win-win.	加力燃烧室能大幅提升推力，代价是效率下降。而且看起来还很酷，双赢。		
Career.TechTree.Items.JetEngine.Hybrid.Name	Hybrid Jets	混合喷气		
Career.TechTree.Items.JetEngine.Hybrid.Description	The addition of liquid oxygen allows the jet engine to run in absence of an atmosphere.	加入液氧后，喷气发动机可在没有大气的情况下工作。		
Career.TechTree.Items.FuelType.Battery.Name	Battery	电池		
Career.TechTree.Items.FuelType.Battery.Description	A chemical storage for your power needs, so you don't depend strictly on power generation.	化学储能，满足你的用电需求，让你不必完全依赖发电。		
Career.TechTree.Items.FuelType.Jet.Name	Jet Fuel	喷气燃料		
Career.TechTree.Items.FuelType.Jet.Description	Plane juice, your everyday kerosene, ready to be pumped into a jet engine to spin it up.	飞机的口粮，日常煤油，随时可泵入喷气发动机让它转起来。		
Career.TechTree.Items.FuelType.LOX/RP1.Name	Kerolox	煤油氧		
Career.TechTree.Items.FuelType.LOX/RP1.Description	A more refined version of the jet fuel mixed with liquid oxygen, providing high energy density.	更精炼的喷气燃料与液氧混合，能量密度高。		
Career.TechTree.Items.FuelType.LOX/LH2.Name	Hydrolox	氢氧		
Career.TechTree.Items.FuelType.LOX/LH2.Description	A very efficient fuel with an incredibly low density, requiring large tanks, mixed with liquid oxygen.	效率极高但密度极低的燃料，与液氧混合后需要大型燃料箱。		
Career.TechTree.Items.FuelType.LOX/CH4.Name	Methalox	甲烷氧		
Career.TechTree.Items.FuelType.LOX/CH4.Description	A light and efficient fuel right in between hydrolox and kerolox, mixed with liquid oxygen.	轻质高效的燃料，与液氧混合，性能介于氢氧和煤油氧之间。		
Career.TechTree.Items.FuelType.LH2.Name	Liquid Hydrogen	液氢		
Career.TechTree.Items.FuelType.LH2.Description	Pure hydrogen without any oxidizer, necessary for combustionless nuclear engines.	不含氧化剂的纯氢，是无燃烧核发动机的必需品。		
Career.TechTree.Items.FuelType.H2O.Name	Water	水		
Career.TechTree.Items.FuelType.H2O.Description	Purified tap water, useful not only as ballast but also for the combustionless nuclear engines.	净化过的自来水，既可用作压舱物，也可用于无燃烧核发动机。		
Career.TechTree.Items.FuelType.Monopropellant.Name	Monopropellant	单元推进剂		
Career.TechTree.Items.FuelType.Monopropellant.Description	Nasty hypergolic propellant, easy to ignite but insanely toxic.	难缠的自燃推进剂，易于点火，但毒性极强。		
Career.TechTree.Items.FuelType.Solid.Name	Solid	固体		
Career.TechTree.Items.FuelType.Solid.Description	A solid paste easy to store and cheap to produce, that once ignited can't be turned off.	便于储存、成本低廉的固体药浆，一旦点燃就无法关闭。		
Career.TechTree.Items.FuelType.Jetpack.Name	Jetpack Fuel	喷气背包燃料		
Career.TechTree.Items.FuelType.Jetpack.Description	A fuel tightly packed on the back of the Drood's suit, allowing for movement in space.	紧贴在德鲁德宇航服背后的燃料，让你能在太空中移动。		
Career.TechTree.Items.FuelType.Xenon.Name	Xenon	氙气		
Career.TechTree.Items.FuelType.Xenon.Description	A noble gas with very heavy molecules, that once accelerated to high speeds can result in high efficiencies.	分子极重的稀有气体，加速到高速后可获得很高效率。		
Career.TechTree.Items.FuelType.None.Name	None	无		
Career.TechTree.Items.FuelType.None.Description	Zero, zilch, zip, nada, nothing.	零，空空如也，什么都没有。		
Career.TechTree.Items.Crew.Name	Crew Limit	乘员上限		
Career.TechTree.Items.Crew.Description	The max amount of Droods that can be hired in the current sandbox.	当前沙盒中可雇佣的德鲁德数量上限。		
Career.TechTree.Items.Craft.Stages.Name	Max Stages	最大分级		
Career.TechTree.Items.Craft.Stages.Description	The more complex you need to make your crafts, the more stages you will need to manage part activations.	载具越复杂，就越需要更多分级来管理零件激活。		
Career.TechTree.Items.Style.SolarPanelArray.2.Hex.Name	Thin Film	薄膜		
Career.TechTree.Items.Style.SolarPanelArray.2.Hex.Description	Low efficiency but cheap panels, good enough to power your most basic needs.	效率较低但价格便宜的太阳能板，足以满足最基本的用电需求。		
Career.TechTree.Items.Style.SolarPanelArray.2.Simple.Name	Monocrystalline	单晶		
Career.TechTree.Items.Style.SolarPanelArray.2.Simple.Description	An old but reliable technology, more expensive than thin film but at the same time, more efficient.	古老但可靠的技术，比薄膜贵，效率也更高。		
Career.TechTree.Items.Style.SolarPanelArray.2.Advanced.Name	Perovskite	钙钛矿		
Career.TechTree.Items.Style.SolarPanelArray.2.Advanced.Description	Top tier solar panels, breaking the theoretical limits of maximum efficiency using fancy new materials.	顶级太阳能板，用新奇材料突破了理论效率上限。		
Career.TechTree.Items.Style.SolarPanel1.0.Hex.Name	Thin Film	薄膜		
Career.TechTree.Items.Style.SolarPanel1.0.Hex.Description	Low efficiency but cheap panels, good enough to power your most basic needs.	效率较低但价格便宜的太阳能板，足以满足最基本的用电需求。		
Career.TechTree.Items.Style.SolarPanel1.0.Simple.Name	Monocrystalline	单晶		
Career.TechTree.Items.Style.SolarPanel1.0.Simple.Description	An old but reliable technology, more expensive than thin film but at the same time, more efficient.	古老但可靠的技术，比薄膜贵，效率也更高。		
Career.TechTree.Items.Style.SolarPanel1.0.Advanced.Name	Perovskite	钙钛矿		
Career.TechTree.Items.Style.SolarPanel1.0.Advanced.Description	Top tier solar panels, breaking the theoretical limits of maximum efficiency using fancy new materials.	顶级太阳能板，用新奇材料突破了理论效率上限。		
Career.TechTree.Items.Contract.Unlock.Name	New Contracts	新合约		
Career.TechTree.Items.Contract.Unlock.Description	You will get new contracts after unlocking this tech.	解锁此科技后可获得新合约。		
Career.TechTree.Items.Contract.Unlock.ChemistryLover.Name	New Contracts	新合约		
Career.TechTree.Items.Contract.Unlock.ChemistryLover.Description	You will get new contracts after unlocking this tech if you already have 'Check Your Staging'.	若你已拥有「检查分级」，解锁此科技后可获得新合约。		
Career.TechTree.Items.Contract.Unlock.Maybe.Name	New Contracts	新合约		
Career.TechTree.Items.Contract.Unlock.Maybe.Description	You will get new contracts after unlocking this tech, but they may require other dependencies like certain contracts being completed.	解锁此科技后可获得新合约，但可能需要其他前置条件，例如完成特定合约。		
Career.TechTree.ItemCategories.ENGINENOZZLE	ENGINE NOZZLE	发动机喷管		
Career.TechTree.ItemCategories.ENGINETYPE	ENGINE TYPE	发动机类型		
Career.TechTree.ItemCategories.FUELTYPE	FUEL TYPE	燃料类型		
Career.TechTree.ItemCategories.JETNOZZLE	JET NOZZLE	喷气喷管		
Career.TechTree.ItemCategories.PARTSTYLE	PART STYLE	零件样式		
Career.TechTree.ItemCategories.SOLIDFUELGRAIN	SOLID FUEL GRAIN	固体燃料药柱		
Career.TechTree.Items.FuelType.Ar.Name	Argon	氩气		
Career.TechTree.Items.FuelType.Ar.Description	A budget ion propellant. A touch less efficient than xenon, but you can scoop it from the air.	经济型离子推进剂。效率略低于氙气，但可直接从空气中采集。		
Career.TechTree.Items.FuelType.CH4.Name	Methane	甲烷		
Career.TechTree.Items.FuelType.CH4.Description	Liquefied methane, the fuel half of methalox. Easy to harvest or brew up for a refuel far from home.	液态甲烷，甲烷氧的燃料部分。易于采集或制备，方便远离家乡时补给。		
Career.TechTree.Items.FuelType.H2O2.Name	Hydrogen Peroxide	过氧化氢		
Career.TechTree.Items.FuelType.H2O2.Description	A storable monopropellant made from plain water. Gentler than hydrazine, but you can produce it just about anywhere.	由普通水制成的可储存单元推进剂。比肼温和，且几乎随处可制。		
Career.TechTree.Items.FuelType.LOX.Name	Oxygen	氧气		
Career.TechTree.Items.FuelType.LOX.Description	Liquid oxygen on its own, the oxidizer half of every bipropellant. Scoopable from any atmosphere that carries it.	单独的液氧，是所有双组元推进剂的氧化剂部分。可从任何含氧大气中采集。		
Career.TechTree.Items.FuelType.RP1.Name	Kerosene	煤油		
Career.TechTree.Items.FuelType.RP1.Description	Highly refined kerosene, the fuel half of kerolox. Cheap, dense and easy to handle.	高度精炼的煤油，煤油氧的燃料部分。便宜、密度高、易操作。		
Career.TechTree.Items.Milestone.astronauts.Description	Unused.	未使用。		
Career.TechTree.Items.Milestone.docks.Description	Unused.	未使用。		
Career.TechTree.Items.RocketEngine.Nozzle.AerospikeTruncated.Name	Truncated Aerospike	截短气动塞式		
Career.TechTree.Items.RocketEngine.Nozzle.AerospikeTruncated.Description	Just another aerospike but we had to cut some corners, it isn't as efficient but it is a tad lighter.	又一款气动塞式，但我们偷了点工，效率稍低，但轻了一点。		
Career.TechTree.Items.Style.CargoBay1.0.CargoBay-1.Name	Normal Striped	普通条纹		
Career.TechTree.Items.Style.CargoBay1.0.CargoBay-2.Name	Custom	自定义		
Career.TechTree.Items.Style.CargoBay1.0.CargoBay-3.Name	Normal	普通		
Career.TechTree.Items.Style.CargoBay1.0.CargoBay-4.Name	Doorless Cargo Bay	无门货舱		
Career.TechTree.Items.Style.CargoBay1.0.CargoBay-4.Description	A variant of the cargo bay with no doors, for whatever you may need to have just half a fuselage.	无门货舱的变体，适合你只想要半截机身的情况。		
Career.TechTree.Items.Style.CargoBay1.0.CargoBay-5.Name	One Door	单门		
Career.TechTree.Items.Style.CargoBay1.1.CargoBay-1.Name	Normal Striped	普通条纹		
Career.TechTree.Items.Style.CargoBay1.1.CargoBay-2.Name	Custom	自定义		
Career.TechTree.Items.Style.CargoBay1.1.CargoBay-3.Name	Normal	普通		
Career.TechTree.Items.Style.CargoBay1.1.CargoBay-4.Name	Doorless Cargo Bay	无门货舱		
Career.TechTree.Items.Style.CargoBay1.1.CargoBay-5.Name	One Door	单门		
Career.TechTree.Items.Style.CommandDisc1.0.Solid-1.Name	Normal	普通		
Career.TechTree.Items.Style.CrewCompartment.0.Solid-1.Name	Normal	普通		
Career.TechTree.Items.Style.CrewCompartment.0.Solid-2.Name	Striped	条纹		
Career.TechTree.Items.Style.Detacher1.0.Interstage-1.Name	Striped	条纹		
Career.TechTree.Items.Style.Detacher1.0.Interstage-2.Name	Normal	普通		
Career.TechTree.Items.Style.Detacher1.0.Interstage-4.Name	Soyuz Interstage	联盟级间段		
Career.TechTree.Items.Style.Detacher1.0.Interstage-4.Description	Simpler and more rugged, this style of interstage will just ensure things don't come apart until you want.	更简单更坚固的级间段样式，确保在你需要之前不会散架。		
Career.TechTree.Items.Style.EvaChair1.0.Rocket.Name	Rocket Seat	火箭座椅		
Career.TechTree.Items.Style.EvaChair1.0.Rocket.Description	A rocket chair to keep your crew comfy when under the high Gs of a launch.	火箭座椅，让乘员在发射时的高过载下坐得舒服些。		
Career.TechTree.Items.Style.EvaChair1.0.Rover.Name	Basic Chair	基础座椅		
Career.TechTree.Items.Style.EvaChair1.0.Rover.Description	A chair. Usable furniture. Ideal to sit down for a while and... yeah. A chair.	一把椅子。能用的家具。适合坐一会儿，然后……对，就是椅子。		
Career.TechTree.Items.Style.Fairing1.0.Fairing-1.Name	Normal	普通		
Career.TechTree.Items.Style.Fairing1.0.Fairing-2.Name	Striped	条纹		
Career.TechTree.Items.Style.FairingBase1.0.Fairing-1.Name	Normal	普通		
Career.TechTree.Items.Style.FairingBase1.0.Fairing-2.Name	Striped	条纹		
Career.TechTree.Items.Style.FairingNoseCone1.0.FairingNoseCone-1.Name	Normal Striped	普通条纹		
Career.TechTree.Items.Style.FairingNoseCone1.0.FairingNoseCone-2.Name	Straight	直筒		
Career.TechTree.Items.Style.FairingNoseCone1.0.FairingNoseCone-3.Name	Straight Striped	直筒条纹		
Career.TechTree.Items.Style.FairingNoseCone1.0.FairingNoseCone-4.Name	Normal	普通		
Career.TechTree.Items.Style.FairingNoseCone1.0.FairingNoseCone-5.Name	Rounded Striped	圆头条纹		
Career.TechTree.Items.Style.FairingNoseCone1.0.FairingNoseCone-6.Name	Rounded	圆头		
Career.TechTree.Items.Style.Fuselage1.0.Solid-1.Name	Normal	普通		
Career.TechTree.Items.Style.Fuselage1.0.Solid-2.Name	Striped Fuselage	条纹机身		
Career.TechTree.Items.Style.Fuselage1.0.Solid-2.Description	Striped variants of all the fuselages, including fuel tanks, interstages, fairings... To add a pop of color to your crafts.	所有机身的条纹变体，包括燃料箱、级间段、整流罩……为你的载具添点亮色。		
Career.TechTree.Items.Style.Gyroscope1.0.Solid-1.Name	Normal	普通		
Career.TechTree.Items.Style.Gyroscope1.0.Solid-2.Name	Striped	条纹		
Career.TechTree.Items.Style.HeatShield1.0.HeatShield-1.Name	Default	默认		
Career.TechTree.Items.Style.Inlet1.0.Inlet-1.Name	Normal	普通		
Career.TechTree.Items.Style.Inlet1.0.Inlet-2.Name	Beveled	倒角		
Career.TechTree.Items.Style.JetEngine1.0.Core.Name	Core	核心		
Career.TechTree.Items.Style.JetEngine1.1.JetEngineShroud-1.Name	Basic Shroud	基础外罩		
Career.TechTree.Items.Style.JetEngine1.1.JetEngineShroud-1.Description	Jet engines are expensive components, this cover will sure make things look more professional.	喷气发动机是昂贵的部件，这个外罩能让它看起来更专业。		
Career.TechTree.Items.Style.JetEngine1.1.JetEngineShroud-2.Name	Chevron Shroud	人字纹外罩		
Career.TechTree.Items.Style.JetEngine1.1.JetEngineShroud-2.Description	If you want to get fancy, chevron is the way to go, you will be cutting the air like butter.	想炫一点就选人字纹，切开空气如切黄油。		
Career.TechTree.Items.Style.JetEngine1.1.JetEngineShroud-None-2.Name	No Shroud	无外罩		
Career.TechTree.Items.Style.JetEngine1.1.JetEngineShroud-None-2.Description	A naked engine will afford you some mass, but leave the fragile components exposed to the elements.	裸装发动机能省下一些质量，但脆弱的部件会直接暴露在外。		
Career.TechTree.Items.Style.JetEngine1.2.Curved.Name	Curved Fan	弯叶片		
Career.TechTree.Items.Style.JetEngine1.2.Curved.Description	You may try to lie to yourself thinking you want curved fans to get a better airflow, but we all know you just want their fancy looks.	你也许骗自己说弯叶片能改善气流，但我们都清楚你只是喜欢它好看。		
Career.TechTree.Items.Style.JetEngine1.2.SCurve.Name	S Curve Fan	S 形叶片		
Career.TechTree.Items.Style.JetEngine1.2.SCurve.Description	As you get further away from the rotation axis the ideal angle of attack of the fan blades changes, this fan will match the ideal angle to result in the best looking engines.	离转轴越远，叶片的理想迎角就越不同；这款叶片贴合理想角度，造就最好看的发动机。		
Career.TechTree.Items.Style.JetEngine1.2.Straight.Name	Straight Fan	直叶片		
Career.TechTree.Items.Style.JetEngine1.2.Straight.Description	A bunch of planks spinning fast. It does the job, but it sure is ugly.	一堆快速旋转的板条。能用，但确实难看。		
Career.TechTree.Items.Style.JetEngine1.3.Basic.Name	Basic Nozzle	基础喷管		
Career.TechTree.Items.Style.JetEngine1.3.Basic.Description	The basic engine nozzle is boring, but effective, and for a cheap craft they will sure do the job.	基础发动机喷管，乏味但有效，用于廉价载具完全够用。		
Career.TechTree.Items.Style.JetEngine1.3.Civilian.Name	Civilian Nozzle	民用喷管		
Career.TechTree.Items.Style.JetEngine1.3.Civilian.Description	Civilian nozzles are a fancier version of the basic, ideal for a wide range of sizes, from a small private one to a commercial passenger plane.	民用喷管是基础款的精致版本，尺寸覆盖广泛，从小型私人飞机到商业客机都适用。		
Career.TechTree.Items.Style.JetEngine1.3.Military.Name	Military Nozzle	军用喷管		
Career.TechTree.Items.Style.JetEngine1.3.Military.Description	Who doesn't want to have a moving nozzle that adjusts its opening to maximize performance and allows for the hottests of exhausts?	谁不想拥有一款可动喷管，自动调节开口以发挥最佳性能，还能承受最炽热的尾焰？		
Career.TechTree.Items.Style.JetEngine1.4.None.Name	No Tip	无尾锥		
Career.TechTree.Items.Style.JetEngine1.4.None.Description	No bit... how ugly!	没有锥头……真难看！		
Career.TechTree.Items.Style.JetEngine1.4.Round.Name	Round Tip	圆尾锥		
Career.TechTree.Items.Style.JetEngine1.4.Round.Description	A rounded bit.	一个圆润的锥头。		
Career.TechTree.Items.Style.JetEngine1.4.Spike.Name	Spike Tip	尖尾锥		
Career.TechTree.Items.Style.JetEngine1.4.Spike.Description	A pointy bit.	一个尖锐的锥头。		
Career.TechTree.Items.Style.JetEngine1.4.Spiral.Name	Spiral Tip	螺旋尾锥		
Career.TechTree.Items.Style.JetEngine1.4.Spiral.Description	A fancy bit.	一个花哨的锥头。		
Career.TechTree.Items.Style.LandingGear1.1.Wheel-Double.Name	Double Wheel	双轮		
Career.TechTree.Items.Style.LandingGear1.1.Wheel-Double.Description	A double wheel, allowing for twice the traction and braking power.	双轮，抓地力和制动力都翻倍。		
Career.TechTree.Items.Style.LandingGear1.1.Wheel-Single.Name	Single Wheel	单轮		
Career.TechTree.Items.Style.LandingGear1.1.Wheel-Single.Description	A single wheel attached on one of its ends.	只在单侧固定的单个轮子。		
Career.TechTree.Items.Style.LandingGear1.1.Wheel-Straddled.Name	Straddled Wheel	跨式轮		
Career.TechTree.Items.Style.LandingGear1.1.Wheel-Straddled.Description	A single wheel attached on both ends.	两侧都固定的单个轮子。		
Career.TechTree.Items.Style.LandingGear1.2.Bay-Curved.Name	Curved Door	弧形舱门		
Career.TechTree.Items.Style.LandingGear1.2.Bay-Curved.Description	A curved door that will better match rounded fuselages.	弧形舱门，与圆润机身更贴合。		
Career.TechTree.Items.Style.LandingGear1.2.Bay-None.Name	No Bay	无舱室		
Career.TechTree.Items.Style.LandingGear1.2.Bay-None.Description	Without a bay the landing gear will be left exposed once retracted.	没有舱室，起落架收起后会裸露在外。		
Career.TechTree.Items.Style.LandingGear1.2.Bay-Straight.Name	Straight Door	平直舱门		
Career.TechTree.Items.Style.LandingGear1.2.Bay-Straight.Description	A flat door... yeah, that is all, it is flat and it is a door.	一扇平门……对，就这样，平的，是门。		
Career.TechTree.Items.Style.LandingGear1.3.Door-Horizontal.Name	Forwards Door Hinges	前向门铰链		
Career.TechTree.Items.Style.LandingGear1.3.Door-Horizontal.Description	A hinge that opens a pair of doors alongside the direction of the bay.	铰链沿舱室方向开启一对舱门。		
Career.TechTree.Items.Style.LandingGear1.3.Door-None.Name	No Door	无舱门		
Career.TechTree.Items.Style.LandingGear1.3.Door-None.Description	Just a hole, in case you hate aerodynamics.	就是一个洞，以防你讨厌空气动力学。		
Career.TechTree.Items.Style.LandingGear1.3.Door-Side.Name	Single Door Hinge	单门铰链		
Career.TechTree.Items.Style.LandingGear1.3.Door-Side.Description	A hinge that opens a door towards one side of the bay.	铰链向舱室一侧开启单扇舱门。		
Career.TechTree.Items.Style.LandingGear1.3.Door-Vertical.Name	Sideways Door Hinges	侧向门铰链		
Career.TechTree.Items.Style.LandingGear1.3.Door-Vertical.Description	A hinge that opens a pair of doors towards the sides of the bay.	铰链向舱室两侧开启一对舱门。		
Career.TechTree.Items.Style.Light1.0.CircularSpotlight.Name	Circular	圆形		
Career.TechTree.Items.Style.Light1.0.SquareSpotlight.Name	Square	方形		
Career.TechTree.Items.Style.NoseCone1.0.NoseCone-1.Name	Ogive Striped	卵形条纹		
Career.TechTree.Items.Style.NoseCone1.0.NoseCone-2.Name	Ogive	卵形		
Career.TechTree.Items.Style.NoseCone1.0.NoseCone-Round-1.Name	Round Striped	圆头条纹		
Career.TechTree.Items.Style.NoseCone1.0.NoseCone-Round-2.Name	Rounded Noses	圆头头锥		
Career.TechTree.Items.Style.NoseCone1.0.NoseCone-Round-2.Description	Although their colliders are still pointy, rounded noses are perfect for anything spherical.	虽然碰撞体仍是尖的，但圆头头锥非常适合球形结构。		
Career.TechTree.Items.Style.NoseCone1.0.NoseCone-Straight-1.Name	Straight Striped	直筒条纹		
Career.TechTree.Items.Style.NoseCone1.0.NoseCone-Straight-2.Name	Straight	直筒		
Career.TechTree.Items.Style.Package.0.Barrel.Name	Barrel	桶装		
Career.TechTree.Items.Style.Package.0.Crate.Name	Wooden Crate	木箱		
Career.TechTree.Items.Style.Package.0.ShippingContainer.Name	Shipping Container	集装箱		
Career.TechTree.Items.Style.Parachute1.0.Base.Name	Nosecone Parachute	头锥降落伞		
Career.TechTree.Items.Style.Parachute1.0.Base.Description	An aerodynamic package meant to be mounted at the front of a craft to split the airstream.	气动外形组件，装在载具前端以劈开气流。		
Career.TechTree.Items.Style.Parachute1.0.Small.Name	Side Parachute	侧挂降落伞		
Career.TechTree.Items.Style.Parachute1.0.Small.Description	A compact package ideal to just snap on the side of your craft to get a handy parachute.	紧凑组件，直接挂在载具侧面就能得到一个便捷的降落伞。		
Career.TechTree.Items.Style.Parachute1.1.ParachuteCheckered.Name	Checkered Pattern	方格花纹		
Career.TechTree.Items.Style.Parachute1.1.ParachuteCheckered.Description	A checkered pattern meant to make small parachutes easy to spot in the sky.	方格花纹，让小型降落伞在天空中更易被发现。		
Career.TechTree.Items.Style.Parachute1.1.ParachuteStripedHorizontal.Name	Horizontal Stripes	横向条纹		
Career.TechTree.Items.Style.Parachute1.1.ParachuteStripedHorizontal.Description	A ringed parachute. It makes for a perfect target if you want to train your aim.	带环纹的降落伞。如果你想练枪法，它是绝佳的靶子。		
Career.TechTree.Items.Style.Parachute1.1.ParachuteStripedVertical.Name	Vertical Stripes	纵向条纹		
Career.TechTree.Items.Style.Parachute1.1.ParachuteStripedVertical.Description	A striped parachute similar to the ones used in crewed capsules.	条纹降落伞，类似载人舱所用的样式。		
Career.TechTree.Items.Style.PropellerAssembly1.1.PropellerBoat1.Name	Vortex	涡流		
Career.TechTree.Items.Style.PropellerAssembly1.1.PropellerBoat1.Description	A small boat propeller, perfect for motorboats of small submarines.	小型船用螺旋桨，非常适合摩托艇或小型潜艇。		
Career.TechTree.Items.Style.PropellerAssembly1.1.PropellerBoat2.Name	Riptide	激流		
Career.TechTree.Items.Style.PropellerAssembly1.1.PropellerBoat2.Description	A very large boat propeller made out of heavy steel. Watch out for the icebergs.	重型钢材打造的巨型船用螺旋桨。小心冰山。		
Career.TechTree.Items.Style.PropellerAssembly1.1.PropellerCivilian.Name	Civilian	民用		
Career.TechTree.Items.Style.PropellerAssembly1.1.PropellerCivilian.Description	A classic small aircraft propeller made out of aluminium. All rounded performance for a decent price.	铝制经典小型飞机螺旋桨。性能均衡，价格实惠。		
Career.TechTree.Items.Style.PropellerAssembly1.1.PropellerDrone.Name	Drone	无人机		
Career.TechTree.Items.Style.PropellerAssembly1.1.PropellerDrone.Description	A set of very agressive blades made out of composite materials, making them very light and powerful.	一组复合材料制成的激进桨叶，既轻便又强劲。		
Career.TechTree.Items.Style.PropellerAssembly1.1.PropellerFlat.Name	Flat	平直		
Career.TechTree.Items.Style.PropellerAssembly1.1.PropellerFlat.Description	Let it fool you. It looks like a helicopter but it lacks the swashplate. Players will surely find a way to make helis out of this.	别被它骗了。它看着像直升机，却没有自动倾斜器。玩家肯定能靠它造出直升机。		
Career.TechTree.Items.Style.PropellerAssembly1.1.PropellerScimitar.Name	Scimitar	弯刀		
Career.TechTree.Items.Style.PropellerAssembly1.1.PropellerScimitar.Description	A curved blade capable of cutting through the air like a sword. Careful not to put your finger in it.	如刀般切开空气的弯曲桨叶。小心别把手指伸进去。		
Career.TechTree.Items.Style.PropellerAssembly1.1.PropellerWarbird.Name	Warbird	战鸟		
Career.TechTree.Items.Style.PropellerAssembly1.1.PropellerWarbird.Description	Carved out of wood to imitate the blades in the XX century fighters, perfect for replica lovers.	木质雕成，模仿二十世纪战斗机的桨叶，复刻爱好者最爱。		
Career.TechTree.Items.Style.RoverWheel1.1.LandingGearRim.Name	Landing Gear Rim	起落架轮辋		
Career.TechTree.Items.Style.RoverWheel1.1.LandingGearRim.Description	A rim containing a motor with normal torque and gear reduction.	内含电机的轮辋，扭矩和减速比均为普通水平。		
Career.TechTree.Items.Style.RoverWheel1.1.LunarRim.Name	Lunar Rim	月球轮辋		
Career.TechTree.Items.Style.RoverWheel1.1.LunarRim.Description	A rim containing a motor with low torque and a huge gear reduction to get good torque using less power, also keeping speeds down.	内含电机的轮辋，低扭矩配超大减速比，用更少功率获得良好扭矩，同时限制速度。		
Career.TechTree.Items.Style.RoverWheel1.1.RacingRim.Name	Racing Rim	竞速轮辋		
Career.TechTree.Items.Style.RoverWheel1.1.RacingRim.Description	A rim containing a motor designed for speed, with decent torque and a great gear increment allowing for very high speeds.	为速度设计的电机轮辋，扭矩尚可，减速比极小，可实现极高速度。		
Career.TechTree.Items.Style.RoverWheel1.1.RetroRim.Name	Retro Rim	复古轮辋		
Career.TechTree.Items.Style.RoverWheel1.1.RetroRim.Description	A rim containing a cheap motor with low torque and a normal gear reduction.	内含廉价电机的轮辋，扭矩低，减速比普通。		
Career.TechTree.Items.Style.RoverWheel1.1.RuggedRim.Name	Rugged Rim	坚固轮辋		
Career.TechTree.Items.Style.RoverWheel1.1.RuggedRim.Description	A rim containing a motor with tons of torque and a good gear reduction to further increase it.	内含电机的轮辋，扭矩惊人，再配良好减速比进一步提升。		
Career.TechTree.Items.Style.RoverWheel1.2.RoverTireLandingGear.Name	Landing Gear Tire	起落架轮胎		
Career.TechTree.Items.Style.RoverWheel1.2.RoverTireLandingGear.Description	A well balanced wheel with normal grip on any surface.	均衡的轮胎，在任何表面都有普通抓地力。		
Career.TechTree.Items.Style.RoverWheel1.2.RoverTireLunar.Name	Lunar Tire	月球轮胎		
Career.TechTree.Items.Style.RoverWheel1.2.RoverTireLunar.Description	A tire with insanely good offroad grip but very dense and expensive.	越野抓地力极佳，但密度很高且昂贵。		
Career.TechTree.Items.Style.RoverWheel1.2.RoverTireRugged.Name	Rugged Tire	坚固轮胎		
Career.TechTree.Items.Style.RoverWheel1.2.RoverTireRugged.Description	A tire with great grip when offroad but mediocre over concrete.	越野时抓地力出色，但在混凝土上表现平庸。		
Career.TechTree.Items.Style.RoverWheel1.2.RoverTireSmooth.Name	Smooth Tire	光头胎		
Career.TechTree.Items.Style.RoverWheel1.2.RoverTireSmooth.Description	The perfect tire for races, with very good grip on concrete but terrible when offroading.	竞速的理想轮胎，在混凝土上抓地力极佳，越野时却糟透了。		
Career.TechTree.Items.Style.RoverWheel1.2.RoverTireStreet.Name	Street Tire	街胎		
Career.TechTree.Items.Style.RoverWheel1.2.RoverTireStreet.Description	An average tire with decent grip on concrete and mediocre grip offroad.	普通轮胎，混凝土上抓地力尚可，越野时表现一般。		
Career.TechTree.Items.Style.SolarPanelArray.1.Square.Name	Square	方形		
Career.TechTree.Items.Style.Strut1.0.Solid-1.Name	Normal	普通		
Career.TechTree.Items.Style.Strut1.0.Solid-2.Name	Striped	条纹		
Career.TechTree.Items.Style.TestPilot.0.TestPilot1.Name	TestPilot	试飞员		
Career.TechTree.Nodes.start.Name	Start	起点		
Career.TechTree.Nodes.crew.Name	The Droodman Side	以人为本		
Career.TechTree.Nodes.rockets.Name	Backyard Scientist	后院科学家		
Career.TechTree.Nodes.common.Name	Common Ground	共同基础		
Career.TechTree.Nodes.droolover.Name	RC Enthusiast	遥控爱好者		
Career.TechTree.Nodes.structure.Name	Mechanical Engineers	机械工程师		
Career.TechTree.Nodes.crafts1.Name	Novice Managers	初级管理者		
Career.TechTree.Nodes.recovery.Name	Catch them all	一个不漏		
Career.TechTree.Nodes.staging.Name	Check Your Staging	检查分级		
Career.TechTree.Nodes.liquidengine1.Name	Chemistry Lover	化学爱好者		
Career.TechTree.Nodes.air.Name	Bird Wanna-be	向往飞行		
Career.TechTree.Nodes.electronics.Name	Static Electricity	静电		
Career.TechTree.Nodes.land.Name	Racer	赛车手		
Career.TechTree.Nodes.crafts2.Name	System Engineers	系统工程师		
Career.TechTree.Nodes.crew1.Name	Fasten Your Belts	系好安全带		
Career.TechTree.Nodes.payload.Name	Packing It Tight	装箱要紧		
Career.TechTree.Nodes.staging2.Name	Overcomplicating Things	过度复杂化		
Career.TechTree.Nodes.monoprop.Name	Orbital Maneuvers	轨道机动		
Career.TechTree.Nodes.srb.Name	Explosives With A Hole	带孔的炸药		
Career.TechTree.Nodes.liquidengine2.Name	Old School	老派		
Career.TechTree.Nodes.reentry.Name	Getting Hot	开始发热		
Career.TechTree.Nodes.recovery2.Name	Slow Descent	缓慢下降		
Career.TechTree.Nodes.lander.Name	Soft Landing	软着陆		
Career.TechTree.Nodes.air2.Name	Touching The Sky	触摸天空		
Career.TechTree.Nodes.jets.Name	Fidget Spinners	指尖陀螺		
Career.TechTree.Nodes.landgear.Name	Stretchy Legs	伸缩腿		
Career.TechTree.Nodes.land2.Name	Offroader	越野车		
Career.TechTree.Nodes.structure2.Name	Bouba or Kiki?	布巴还是奇奇？		
Career.TechTree.Nodes.structure3.Name	Paint Shop	喷漆车间		
Career.TechTree.Nodes.recharge.Name	Rapid Charge	快速充电		
Career.TechTree.Nodes.control.Name	Spin Right Round	旋转不停		
Career.TechTree.Nodes.crafts3.Name	GANT Charts	甘特图		
Career.TechTree.Nodes.docking1.Name	Enough Splitting	别再分裂了		
Career.TechTree.Nodes.staging3.Name	A Complicated Puzzle	复杂的拼图		
Career.TechTree.Nodes.crew2.Name	Getting Comfy	舒舒服服		
Career.TechTree.Nodes.gizmos.Name	Direct Feedback	直接反馈		
Career.TechTree.Nodes.srb2.Name	Climate Changer	气候改变者		
Career.TechTree.Nodes.srb3.Name	Flame Deflector	导流板		
Career.TechTree.Nodes.liquidengine4.Name	Moar Pawah!	要更多动力！		
Career.TechTree.Nodes.liquidengine3.Name	Modern Engineer	现代工程师		
Career.TechTree.Nodes.recovery3.Name	Feather Falling	羽落		
Career.TechTree.Nodes.lander2.Name	Landing Harder	硬着陆		
Career.TechTree.Nodes.reentry2.Name	Hard Skin	坚硬外壳		
Career.TechTree.Nodes.motor.Name	Pushing Air	推动空气		
Career.TechTree.Nodes.jets2.Name	OP Leaf Blowers	无敌吹叶机		
Career.TechTree.Nodes.landgear2.Name	A Tardis for Wheels	轮子的塔迪斯		
Career.TechTree.Nodes.land3.Name	Monster Trucker	怪兽卡车手		
Career.TechTree.Nodes.land4.Name	Alien Explorer	外星探险家		
Career.TechTree.Nodes.air3.Name	Around The World	环游世界		
Career.TechTree.Nodes.structure4.Name	CAD Pro	CAD 专家		
Career.TechTree.Nodes.recharge2.Name	How Things Unfold	如何展开		
Career.TechTree.Nodes.lights.Name	Illuminati Confirmed	光明会实锤		
Career.TechTree.Nodes.robots.Name	Moving Fixtures	可动装置		
Career.TechTree.Nodes.bay.Name	Trapdoor	活板门		
Career.TechTree.Nodes.staging4.Name	What Are You Even Trying To Do	你到底想干什么		
Career.TechTree.Nodes.docking2.Name	Large Infrastructure	大型基础设施		
Career.TechTree.Nodes.crafts4.Name	Management Board	管理面板		
Career.TechTree.Nodes.crew3.Name	Space Travel	太空旅行		
Career.TechTree.Nodes.habitation.Name	Living Above The Clouds	云端生活		
Career.TechTree.Nodes.liquidengine5.Name	Finesse	精妙		
Career.TechTree.Nodes.ion.Name	Deep Space	深空		
Career.TechTree.Nodes.lander3.Name	Leaving Craters	留下环形山		
Career.TechTree.Nodes.bay2.Name	Trapdon't	不设活板门		
Career.TechTree.Nodes.recharge3.Name	Burnt Eyes	灼伤眼睛		
Career.TechTree.Nodes.lights2.Name	Stadium Lights	体育场灯光		
Career.TechTree.Nodes.nightcam.Name	Almost Like Owls	几乎像猫头鹰		
Career.TechTree.Nodes.robots2.Name	Transformers	变形金刚		
Career.TechTree.Nodes.blades.Name	The Eternal Wheel	永恒之轮		
Career.TechTree.Nodes.jets3.Name	Efficiency 100	效率 100		
Career.TechTree.Nodes.landgear3.Name	Ready for Touchdown	准备触地		
Career.TechTree.Nodes.air4.Name	W I N G	机 翼		
Career.TechTree.Nodes.crafts5.Name	Mega Constellations	超级星座		
Career.TechTree.Nodes.crew4.Name	Planet Colonizer	行星殖民者		
Career.TechTree.Nodes.liquidengine6.Name	Engineering Masterpiece	工程杰作		
Career.TechTree.Nodes.hybrid.Name	Single Stage To Orbit	单级入轨		
Career.TechTree.Nodes.jets4.Name	Sonic Boom	音爆		
Career.TechTree.Nodes.jets5.Name	Commercial Flight	商业航班		
Career.TechTree.Nodes.jets6.Name	Jack of All Trades	万事通		
Career.TechTree.Nodes.recharge4.Name	Faint Sun	微弱的太阳		
Career.TechTree.Nodes.recharge5.Name	Plutonium Galore	钚元素管够		
Career.TechTree.Nodes.nuclear.Name	Deeper Space	更深的太空		
Career.Contracts.Vertical-Shot.Name	Vertical Shot	垂直冲高		
Career.Contracts.Vertical-Shot.FlairText	Progression	进阶		
Career.Contracts.Vertical-Shot.Short	Go higher than 25km and drop nearby.	升到 25km 以上并在附近坠落。		
Career.Contracts.Vertical-Shot.Long	Once you send your fireworks high enough, hitting a house in the village becomes a huge problem, but going too far makes finding the scraps annoying. Try to crash no farther than 20km, but no closer than 500m from the launchpad.	烟花飞得足够高之后，砸到村里的房子就成了大问题，但飞得太远又会让你很难找到残骸。尽量让坠毁点距发射台不超过 20km，但不近于 500m。		
Career.Contracts.First-payload.Name	Going High	越飞越高		
Career.Contracts.First-payload.FlairText	Progression	进阶		
Career.Contracts.First-payload.Short	Leave the atmosphere with a payload.	带着载荷离开大气层。		
Career.Contracts.First-payload.Long	Droo's atmosphere ends right under 80km, can you go to space to expose a probe a scientist has sent me?	Droo 的大气层在略低于 80km 处结束，你能上太空让科学家寄给我的探测器暴露在真空中吗？		
Career.Contracts.Flight-Termination.Name	Flight Termination System	飞行终止系统		
Career.Contracts.Flight-Termination.FlairText	Progression	进阶		
Career.Contracts.Flight-Termination.Short	Blow up your craft mid-flight.	在飞行途中炸毁你的载具。		
Career.Contracts.Flight-Termination.Long	Fireworks are one of the best inventions of droomankind. Fly high, blow up.	烟花是德鲁德人类最伟大的发明之一。飞得高高的，然后炸掉。		
Career.Contracts.Suborbital-First.Name	Going Sideways	横向飞行		
Career.Contracts.Suborbital-First.Subtitle	@Distance:distance	@Distance:distance		
Career.Contracts.Suborbital-First.FlairText	@Progression	@Progression		
Career.Contracts.Suborbital-First.Short	Drop a rocket far from the village.	让火箭坠落在远离村庄的地方。		
Career.Contracts.Suborbital-First.Long	Before hoping to reach space, you need some horizontal speed, since orbit requires going sideways more than up. Try to fall @Distance:distance away from the village.	在指望进入太空之前，你需要一定的水平速度，因为入轨更依赖横向飞行而非向上。试着坠落在距村庄 @Distance:distance 处。		
Career.Contracts.Suborbital-Fireworks.Name	Fireworks	烟花		
Career.Contracts.Suborbital-Fireworks.Subtitle	@Altitude:distance high	@Altitude:distance 高空		
Career.Contracts.Suborbital-Fireworks.Short	Blow up to entertain the neighbors.	炸一发来娱乐邻里。		
Career.Contracts.Suborbital-Fireworks.Long	Everyone loves explosions, especially far from your property. Create a fireworks spectacle by blowing something up with enough kick at high altitude. You can find a fuel tank's explosive power in the Design Info panel in the designer.	人人都爱爆炸，尤其是在远离自家地盘的地方。在高空用足够威力炸掉一些东西，制造一场烟花奇观。燃料箱的爆炸威力可在设计器的「设计信息」面板中查看。		
Career.Contracts.Suborbital-Water.Name	Wet Rockets	水上火箭		
Career.Contracts.Suborbital-Water.Short	Drop a rocket in the water.	把火箭砸进水里。		
Career.Contracts.Suborbital-Water.Long	Polluting the oceans is bad, but neighbors complaining about things dropping on their lands is worse. Launch a rocket and drop it in any ocean.	污染海洋固然不好，但邻居抱怨有东西砸到他们地头上更糟。发射一枚火箭，把它丢进任意一片海洋。		
Career.Contracts.First-orbit.Name	Droo Orbit	Droo 轨道		
Career.Contracts.First-orbit.FlairText	Progression	进阶		
Career.Contracts.First-orbit.Short	Orbit Droo.	环绕 Droo 运行。		
Career.Contracts.First-orbit.Long	The scientist who gave me the probe you sent to space has some things for you to do, but he first wants to be sure you can reach orbit. Can you give it a go?	把探测器交给我、让你送上太空的那位科学家有些事想请你做，但他想先确认你能进入轨道。要不要试试？		
Career.Contracts.The-Jump.Name	The Jump	跳跃		
Career.Contracts.The-Jump.FlairText	Progression	进阶		
Career.Contracts.The-Jump.Short	Jump from the runway end.	从跑道尽头起跳。		
Career.Contracts.The-Jump.Long	One advantage of a huge ramp on the edge of a cliff is you can fly without much effort. Go airborne for more than @Distance:distance after jumping off the end of the runway.	悬崖边有个巨型斜坡的好处之一，就是不用费多大劲就能飞起来。从跑道尽头冲出去后，在空中飞行超过 @Distance:distance。		
Career.Contracts.First-Flight.Name	Like a Bird	像鸟一样		
Career.Contracts.First-Flight.FlairText	Progression	进阶		
Career.Contracts.First-Flight.Short	Make your first flight.	完成你的首次飞行。		
Career.Contracts.First-Flight.Long	You've already tried to jump as far as possible from the runway; now you have to take off from it. You can be wise and get some wings, or yolo it and find an alternative. You do you.	你已经试过从跑道尽量跳远了；现在得真正从跑道上起飞。你可以聪明地装上机翼，也可以莽一把另寻他法。随你。		
Career.Contracts.Taxi-Driver.Name	Taxi Driver	出租车司机		
Career.Contracts.Taxi-Driver.FlairText	Progression	进阶		
Career.Contracts.Taxi-Driver.Short	Visit some locations in the Juno Village.	探访 Juno 村里的几个地点。		
Career.Contracts.Taxi-Driver.Long	I want to be sure you know how to move around properly without blowing up (too much). Visit these 4 spots in any order. Once done, come to the Town Hall.	我想确认你能正常到处跑，而不至于（太频繁地）炸掉自己。按任意顺序探访这 4 个地点。完成后到市政厅来。		
Career.Contracts.First-hike.Name	Juno Peak	Juno 峰		
Career.Contracts.First-hike.FlairText	Progression	进阶		
Career.Contracts.First-hike.Short	Go up the peak near the village.	登上村庄附近的山峰。		
Career.Contracts.First-hike.Long	The peak right next to our village has some of the best views I've seen. Can you go up there to enjoy them and take a couple photos? If your craft slides too much, increase its torque by maxing out the Gear Ratio.	紧邻我们村庄的那座山峰有我见过最美的景色。你能上去欣赏一下并拍几张照片吗？如果你的载具打滑严重，把「传动比」拉满以增大扭矩。		
Career.Contracts.Second-hike.Name	Short Route	短程路线		
Career.Contracts.Second-hike.FlairText	Progression	进阶		
Career.Contracts.Second-hike.Short	Follow the route.	沿着路线前进。		
Career.Contracts.Second-hike.Long	To bring some tourists to the village we're preparing some hiking routes. Can you help us scout them to see if they're viable?	为吸引游客来村里，我们正在规划几条徒步路线。你能帮我们勘察一下，看看是否可行吗？		
Career.Contracts.Climbing-hike.Name	Mountaineers	登山者		
Career.Contracts.Climbing-hike.FlairText	Progression	进阶		
Career.Contracts.Climbing-hike.Short	Follow the route up the mountain.	沿着路线爬山。		
Career.Contracts.Climbing-hike.Long	I've been watching videos lately and extreme sports seem trendy. To see if we can attract some sporty tourists, can you climb the mountain next to the village? It's tough, but we have a route planned to the top.	我最近看了些视频，极限运动似乎很流行。为了看看能否吸引爱运动的游客，你能爬上村庄旁那座山吗？路很艰难，但我们规划了一条登顶路线。		
Career.Contracts.Packages-mountain.Name	Mountain Camp Supplies	山地营地补给		
Career.Contracts.Packages-mountain.Subtitle	@Count @Count:plural(payload|payloads)	@Count @Count:plural(载荷|载荷)		
Career.Contracts.Packages-mountain.FlairText	@Progression	@Progression		
Career.Contracts.Packages-mountain.Short	Bring some supplies to the camp.	把补给送到营地。		
Career.Contracts.Packages-mountain.Long	We need supplies brought to the camp on the mountain top. Drive or fly them, we don't care, just get them there. Careful not to bump the tents; these days they make them rock solid.<br><br>You can place these packages on your craft but they won't stick to it, so you'll have to figure out how to keep them from falling while still being able to leave them at the target. You can identify these non-sticky parts by their white attachpoints.	我们需要把补给送到山顶的营地。开车还是空运都行，我们不在乎，送到就好。小心别撞到帐篷；现在的帐篷可结实得很。<br><br>你可以把这些货包放在载具上，但它们不会固定住，所以你得想办法既不让它们掉下来，又能在目标点把它们放下。这些不可固定的零件可以通过白色连接点来识别。		
Career.Contracts.Record-airspeed.Name	Shockingly Fast	快得惊人		
Career.Contracts.Record-airspeed.Subtitle	@MachTarget:mach	@MachTarget:mach		
Career.Contracts.Record-airspeed.Short	Achieve an air-speed record without going too high.	在不过高的前提下刷新空速纪录。		
Career.Contracts.Record-airspeed.Long	The Wright Brothers were the first to fly at a whopping... 3m/s. You can do better, can't you?	莱特兄弟首次飞行的速度高达……3m/s。你能做得更好，对吧？		
Career.Contracts.Record-airspeed.Completions1.Long	To get airborne you need to catch some airspeed. The Mach number represents the speed of sound at a given altitude, and around the Village a Mach number of 0.25 is just under 100 m/s.	要离地就需要获得空速。马赫数表示特定高度下的音速，在村庄附近，0.25 马赫略低于 100 m/s。		
Career.Contracts.Record-airspeed.Completions2.Long	Going supersonic is cool, but you have to aim for realistic goals. Can you first get to Mach 0.5?	超音速很酷，但目标得现实点。你能先达到 0.5 马赫吗？		
Career.Contracts.Record-airspeed.Completions3.Long	They call Mach 1 the sound barrier, but is it a barrier for you?	人们把 1 马赫称作音障，但它对你也算障碍吗？		
Career.Contracts.Record-airspeed.Completions4.Long	Going supersonic is fun, but where the real challenge starts is when you reach hypersonic speeds.	超音速很好玩，但真正的挑战从高超声速开始。		
Career.Contracts.Record-landspeed.Name	Fast Roller	极速滚轮		
Career.Contracts.Record-landspeed.Subtitle	@SpeedTarget:velocity	@SpeedTarget:velocity		
Career.Contracts.Record-landspeed.Short	Achieve a land-speed record.	刷新陆地速度纪录。		
Career.Contracts.Record-landspeed.Long	Mountain villages aren't known for how fast you can drive past them, reaching 50km/h would be insane!	山村可不以「飞驰而过」闻名，能跑到 50km/h 就已经很疯狂了！		
Career.Contracts.Record-landspeed.Completions1.Long	100km/h or 60mph has been always the reference speed for acceleration tests, can you even beat it?	100km/h（60mph）一直是加速测试的基准速度，你能超过它吗？		
Career.Contracts.Record-landspeed.Completions2.Long	By the time you are offroading at 200km/h you know you are into something... be aware of the bumps!	当你能以 200km/h 越野时，就知道事情不简单了……小心颠簸！		
Career.Contracts.Record-landspeed.Completions3.Long	Rapid and Raging (TM). This is already in the land of super-cars, do you have the drip?	又快又猛（TM）。这已经踏入超级跑车的领域了，你有那份气场吗？		
Career.Contracts.Record-waterspeed.Name	Torpedo	鱼雷		
Career.Contracts.Record-waterspeed.Subtitle	@SpeedTarget:velocity	@SpeedTarget:velocity		
Career.Contracts.Record-waterspeed.Short	Achieve a water-speed record.	刷新水上速度纪录。		
Career.Contracts.Record-waterspeed.Long	It's time to dip your toes in the water. Find the closest pond, lake or ocean and try to see if you float.	该下水试试了。找最近的池塘、湖泊或海洋，看看你能不能浮起来。		
Career.Contracts.Record-waterspeed.Completions1.Long	Reaching 65 knots is something only reserved for the best interceptors, will they catch you?	达到 65 节可是顶级截击机的专利，它们能追上你吗？		
Career.Contracts.Record-waterspeed.Completions2.Long	You are an experienced sailor it seems, but drag hits hard underwater, go faster than 50 m/s.	看来你是位老练的船手，但水下阻力很凶，超过 50 m/s 吧。		
Career.Contracts.Record-waterspeed.Completions3.Long	If you haven't sunk yet, going at 70m/s shouldn't be that hard.	如果你还没沉船，跑到 70m/s 应该不算难。		
Career.Contracts.Record-distancedriven.Name	Endurance Trip	耐力之旅		
Career.Contracts.Record-distancedriven.Subtitle	@DistanceTarget:distance	@DistanceTarget:distance		
Career.Contracts.Record-distancedriven.Short	Drive around for @DistanceTarget:distance.	驾驶行驶 @DistanceTarget:distance。		
Career.Contracts.Record-distancedriven.Long	It's time to gather some dust on those wheels. Make a car and drive it for @DistanceTarget:distance.	该让轮子沾点灰了。造一辆车，开上 @DistanceTarget:distance。		
Career.Contracts.Record-distancedriven.Completions1.Long	Endurance is important if you want to show everyone you are both a great engineer and a skilled pilot. Go for a @DistanceTarget:distance drive.	想向大家证明你既是出色工程师又是熟练驾驶员，耐力很重要。来一次 @DistanceTarget:distance 的驾驶吧。		
Career.Contracts.Record-distancedriven.Completions2.Long	Are you ready to go for a trip? I want to see if you are capable of driving around for @DistanceTarget:distance without falling asleep.	准备好来趟旅程了吗？我想看看你能不能开上 @DistanceTarget:distance 而不睡着。		
Career.Contracts.Record-spacespeed.Name	Lightspeed	光速		
Career.Contracts.Record-spacespeed.Subtitle	@SpeedTarget:velocity	@SpeedTarget:velocity		
Career.Contracts.Record-spacespeed.FlairText	@Progression	@Progression		
Career.Contracts.Record-spacespeed.Short	Achieve a space-speed record.	刷新太空速度纪录。		
Career.Contracts.Record-spacespeed.Long	Once you leave the atmosphere and you free yourself from its drag, there's nothing stopping you from going as fast as you want.	一旦离开大气层、摆脱阻力，就没有什么能阻止你想多快就多快。		
Career.Contracts.Record-spacespeed.Completions1.Long	Going at 2000 m/s doesn't sound impressive, until you realize that is 7200 km/h. That's some speed.	2000 m/s 听起来不怎么样，直到你意识到那是 7200 km/h。这速度可以。		
Career.Contracts.Record-spacespeed.Completions2.Long	Reaching a LEO orbit means going really fast. The higher you go, the slower the speed, but the harder it is to get there. For a low orbit, you'll need to go faster than 3000 m/s.	进入低地球轨道意味着速度要非常快。轨道越高速度越慢，但到达也越难。低轨道需要超过 3000 m/s。		
Career.Contracts.Record-spacespeed.Completions3.Long	In order to get to the moons or even reach other planets, you will need some insane speeds.	想去卫星，甚至抵达其他行星，你需要一些疯狂的速度。		
Career.Contracts.Race-Land-1.Name	Village Race	村庄竞速		
Career.Contracts.Race-Land-1.Subtitle	Round @TitleNumber	第 @TitleNumber 轮		
Career.Contracts.Race-Land-1.Short	Go through all the checkpoints in any order.	按任意顺序穿过所有检查点。		
Career.Contracts.Race-Land-1.Long	This is a time trial, so get your boots tight! Go through all the checkpoints in any order before time runs out. The timer starts once you pass through any checkpoint.	这是计时赛，系紧你的靴子！在时间耗尽前按任意顺序穿过所有检查点。计时从你穿过任意检查点开始。		
Career.Contracts.Race-Land-2.Name	Ali Race	Ali 竞速		
Career.Contracts.Race-Land-2.Subtitle	Round @TitleNumber	第 @TitleNumber 轮		
Career.Contracts.Race-Land-2.FlairText	@Progression	@Progression		
Career.Contracts.Race-Land-2.Short	Go through all the checkpoints in any order.	按任意顺序穿过所有检查点。		
Career.Contracts.Race-Land-2.Long	This is a time trial, so get your boots tight! Go through all the checkpoints in any order before the time runs out.	这是计时赛，系紧你的靴子！在时间耗尽前按任意顺序穿过所有检查点。		
Career.Contracts.Race-Land-2.Completions0.Long	I saw you gained access to the Ali Base recently, let's have some fun. This is a time trial, so get your boots tight!	我看到你最近获得了 Ali 基地的进入权限，来玩点有趣的。这是计时赛，系紧你的靴子！		
Career.Contracts.Race-Land-3.Name	Equilibrium	平衡		
Career.Contracts.Race-Land-3.Short	Go through all the checkpoints in any order.	按任意顺序穿过所有检查点。		
Career.Contracts.Race-Land-3.Long	After watching you race in Ali, I noticed they have a really interesting wall all around the base. How fast can you ride it?	看过你在 Ali 的比赛后，我注意到基地四周有一道很有意思的围墙。你能多快地绕着它跑一圈？		
Career.Contracts.Race-Land-4.Name	DSC Race	DSC 竞速		
Career.Contracts.Race-Land-4.Subtitle	Round @TitleNumber	第 @TitleNumber 轮		
Career.Contracts.Race-Land-4.FlairText	@Progression	@Progression		
Career.Contracts.Race-Land-4.Short	Go through all the checkpoints in any order.	按任意顺序穿过所有检查点。		
Career.Contracts.Race-Land-4.Long	This is a time trial, so get your boots tight! Go through all the checkpoints in any order before the time runs out.	这是计时赛，系紧你的靴子！在时间耗尽前按任意顺序穿过所有检查点。		
Career.Contracts.Race-Land-4.Completions0.Long	It seems like only yesterday you were launching from the village... Now we have even better taxiways! This is a time trial, so get your boots tight!	感觉你昨天才从村里发射升空……现在我们的滑行道更棒了！这是计时赛，系紧你的靴子！		
Career.Contracts.Race-Land-5.Name	DSC Endurance	DSC 耐力赛		
Career.Contracts.Race-Land-5.Subtitle	Round @TitleNumber	第 @TitleNumber 轮		
Career.Contracts.Race-Land-5.Short	Go through all the checkpoints in any order.	按任意顺序穿过所有检查点。		
Career.Contracts.Race-Land-5.Long	This is a time trial, so get your boots tight! Go through all the checkpoints in any order before the time runs out.	这是计时赛，系紧你的靴子！在时间耗尽前按任意顺序穿过所有检查点。		
Career.Contracts.Race-Land-6.Name	DSC Sailor's Route	DSC 船手路线		
Career.Contracts.Race-Land-6.Subtitle	Round @TitleNumber	第 @TitleNumber 轮		
Career.Contracts.Race-Land-6.Short	Go through all the checkpoints in any order.	按任意顺序穿过所有检查点。		
Career.Contracts.Race-Land-6.Long	This is a time trial, so get your boots tight! Go through all the checkpoints in any order before the time runs out.	这是计时赛，系紧你的靴子！在时间耗尽前按任意顺序穿过所有检查点。		
Career.Contracts.Race-Air-0.Name	Learning To Fly	学习飞行		
Career.Contracts.Race-Air-0.Subtitle	Round @TitleNumber	第 @TitleNumber 轮		
Career.Contracts.Race-Air-0.FlairText	@Progression	@Progression		
Career.Contracts.Race-Air-0.Short	Go through all the checkpoints in order.	按顺序穿过所有检查点。		
Career.Contracts.Race-Air-0.Long	This is a time trial for planes, so get your gloves tight! Go through all the checkpoints in order before the time runs out.	这是飞机计时赛，戴紧你的手套！在时间耗尽前按顺序穿过所有检查点。		
Career.Contracts.Race-Air-1.Name	Valley Air Race	山谷飞行竞速		
Career.Contracts.Race-Air-1.Subtitle	Round @TitleNumber	第 @TitleNumber 轮		
Career.Contracts.Race-Air-1.FlairText	@Progression	@Progression		
Career.Contracts.Race-Air-1.Short	Go through all the checkpoints in order.	按顺序穿过所有检查点。		
Career.Contracts.Race-Air-1.Long	This is a time trial for planes, so get your gloves tight! Go through all the checkpoints in order before the time runs out.	这是飞机计时赛，戴紧你的手套！在时间耗尽前按顺序穿过所有检查点。		
Career.Contracts.Race-Air-3.Name	Ali Air Race	Ali 飞行竞速		
Career.Contracts.Race-Air-3.Subtitle	Round @TitleNumber	第 @TitleNumber 轮		
Career.Contracts.Race-Air-3.FlairText	@Progression	@Progression		
Career.Contracts.Race-Air-3.Short	Go through all the checkpoints in order.	按顺序穿过所有检查点。		
Career.Contracts.Race-Air-3.Long	This is a time trial for planes, so get your gloves tight! Go through all the checkpoints in order before the time runs out.	这是飞机计时赛，戴紧你的手套！在时间耗尽前按顺序穿过所有检查点。		
Career.Contracts.Race-Air-4.Name	DSC Air Race	DSC 飞行竞速		
Career.Contracts.Race-Air-4.Subtitle	Round @TitleNumber	第 @TitleNumber 轮		
Career.Contracts.Race-Air-4.Short	Go through all the checkpoints in order.	按顺序穿过所有检查点。		
Career.Contracts.Race-Air-4.Long	I saw some interesting hangars and overhangs around the DSC. Can you thread the needle? This is a time trial for planes, so get your gloves tight! Hit all the checkpoints in order before time runs out.	我看到 DSC 周围有些很有意思的机库和悬挑结构。你能穿针引线吗？这是飞机计时赛，戴紧你的手套！在时间耗尽前按顺序通过所有检查点。		
Career.Contracts.Droo-Surface-Rescue-1.Name	Droo Surface Rescue	Droo 地面救援		
Career.Contracts.Droo-Surface-Rescue-1.Subtitle	1 drood on Mountains	山上 1 名德鲁德		
Career.Contracts.Droo-Surface-Rescue-1.FlairText	Rescue	救援		
Career.Contracts.Droo-Surface-Rescue-1.Short	SimpleCub Rescue	SimpleCub 救援		
Career.Contracts.Droo-Surface-Rescue-1.Long	While attempting an air race near Juno Village, a Drood crashed their SimpleCub! Can you safely bring them back to the Juno Village? Time is critical!	在 Juno 村附近参加飞行竞速时，一名德鲁德把 SimpleCub 摔了！你能把他们安全带回到 Juno 村吗？时间紧迫！		
Career.Contracts.Droo-Surface-Rescue-2.Name	Droo Surface Rescue	Droo 地面救援		
Career.Contracts.Droo-Surface-Rescue-2.Subtitle	2 droods on hills	丘陵的 2 名德鲁德		
Career.Contracts.Droo-Surface-Rescue-2.FlairText	Rescue	救援		
Career.Contracts.Droo-Surface-Rescue-2.Short	SimpleOffroad Rescue	SimpleOffroad 救援		
Career.Contracts.Droo-Surface-Rescue-2.Long	A pair of reckless Droods pushed a SimpleOffroad to its limits and a little beyond that. Can you bring them back safely to the Juno Village?	两名鲁莽的德鲁德把 SimpleOffroad 推到了极限，甚至还超了一点。你能把他们安全带回到 Juno 村吗？		
Career.Contracts.Location-Ali.Name	A.LI	A.LI		
Career.Contracts.Location-Ali.Short	Fly low around the desert base.	在沙漠基地附近低空飞行。		
Career.Contracts.Location-Ali.Long	Our systems detected you flying around the planet, and you seem like the perfect candidate for one of our missions. We're validating the new ALI Base radars: fly 10km under 150m above the ground at mach 1 or above near the base.	我们的系统检测到你在行星周围飞行，你看起来正是我们某个任务的理想人选。我们正在验证 ALI 基地的新雷达：在基地附近以 1 马赫以上的速度、在离地 150 米以下飞行 10 公里。		
Career.Contracts.Location-AliPad.Name	Quick Deployment	快速部署		
Career.Contracts.Location-AliPad.Short	Get to orbit fast.	快速进入轨道。		
Career.Contracts.Location-AliPad.Long	We've been closely following your launch activity and you seem to be doing pretty well. Our needs are a bit special, though: we need you to prove you can work with us by getting to orbit fast.	我们一直在密切关注你的发射活动，你看起来做得相当不错。不过我们的需求有点特殊：我们需要你快速进入轨道，以证明你能与我们合作。		
Career.Contracts.Ali-delivery.Name	Explosives Delivery	炸药运送		
Career.Contracts.Ali-delivery.FlairText	Progression	进度		
Career.Contracts.Ali-delivery.Short	Bring some crates to the outpost.	把货箱送到前哨站。		
Career.Contracts.Ali-delivery.Long	We need to bring a couple of crates full of PETN to the desert base outpost. They're very delicate, so be careful with them — we don't need stunts for this one.	我们需要把几箱装满 PETN 的货箱送到沙漠基地前哨站。它们非常脆弱，所以务必小心——这次不需要特技飞行。		
Career.Contracts.Packages-outpost.Name	Outpost Supplies	前哨站补给		
Career.Contracts.Packages-outpost.Subtitle	@Count @Count:plural(payload|payloads)	@Count @Count:plural(载荷|载荷)		
Career.Contracts.Packages-outpost.Short	Bring some supplies to the Outpost.	把补给送到前哨站。		
Career.Contracts.Packages-outpost.Long	We need to bring some supplies to the Outpost, we don't care if you drive or fly them as long as they get there.	我们需要把一些补给送到前哨站，你开车还是飞行都无所谓，只要送到就行。		
Career.Contracts.Packages-launchpad.Name	Launchpad Supplies	发射台补给		
Career.Contracts.Packages-launchpad.Subtitle	@Count @Count:plural(payload|payloads)	@Count @Count:plural(载荷|载荷)		
Career.Contracts.Packages-launchpad.Short	Bring some supplies to the Launchpad.	把补给送到发射台。		
Career.Contracts.Packages-launchpad.Long	We need to bring some supplies to the Ali Launchpad, we don't care if you drive or fly them as long as they get there.	我们需要把一些补给送到 Ali 发射台，你开车还是飞行都无所谓，只要送到就行。		
Career.Contracts.Droo-Surface-Rescue-3.Name	Droo Surface Rescue	Droo 地表救援		
Career.Contracts.Droo-Surface-Rescue-3.Subtitle	4 Droods on hills	丘陵上的 4 名 Drood		
Career.Contracts.Droo-Surface-Rescue-3.FlairText	Rescue	救援		
Career.Contracts.Droo-Surface-Rescue-3.Short	Private Jet Rescue	私人喷气机救援		
Career.Contracts.Droo-Surface-Rescue-3.Long	Algernon's private jet made an emergency landing on rough terrain. Luckily he wasn't aboard, just his crew. Bring them back to the Ali Outpost quickly, no time to waste.	Algernon 的私人喷气机在崎岖地形上紧急降落。幸运的是他不在机上，只有他的乘员。尽快把他们带回 Ali 前哨站，别浪费时间。		
Career.Contracts.Droo-Surface-Rescue-4.Name	Droo Surface Rescue	Droo 地表救援		
Career.Contracts.Droo-Surface-Rescue-4.Subtitle	1 Drood at sea	海上的 1 名 Drood		
Career.Contracts.Droo-Surface-Rescue-4.FlairText	Rescue	救援		
Career.Contracts.Droo-Surface-Rescue-4.Short	Inflatable Motorboat Rescue	充气摩托艇救援		
Career.Contracts.Droo-Surface-Rescue-4.Long	Somehow a Drood broke their motorboat and is stranded at sea. They've asked me for help, but I'm sure you're skilled enough to handle the situation yourself.	不知怎么的，一名 Drood 弄坏了摩托艇，被困在海上。他们向我求助，但我相信你的技术足以自己处理。		
Career.Contracts.Droo-Surface-Rescue-5.Name	Droo Surface Rescue	Droo 地表救援		
Career.Contracts.Droo-Surface-Rescue-5.Subtitle	5 Droods at the North Pole	北极的 5 名 Drood		
Career.Contracts.Droo-Surface-Rescue-5.FlairText	Rescue	救援		
Career.Contracts.Droo-Surface-Rescue-5.Short	Polar Exploration Vehicle Rescue	极地探险车救援		
Career.Contracts.Droo-Surface-Rescue-5.Long	Pricklespac sent a team of Droods to the pole, but their Polar Exploration Vehicle fell into a crevasse and is inoperable. Bring them back to the Ali Base before they freeze.	Pricklespac 派了一队 Drood 前往极地，但他们的极地探险车掉进了冰隙，已经无法运作。在他们冻僵之前把他们带回 Ali 基地。		
Career.Contracts.Droo-Surface-Rescue-6.Name	Droo Surface Rescue	Droo 地表救援		
Career.Contracts.Droo-Surface-Rescue-6.Subtitle	6 Droods at sea	海上的 6 名 Drood		
Career.Contracts.Droo-Surface-Rescue-6.FlairText	Rescue	救援		
Career.Contracts.Droo-Surface-Rescue-6.Short	SimpleRCV Rescue	SimpleRCV 救援		
Career.Contracts.Droo-Surface-Rescue-6.Long	Shotwell has called for help with a SimpleRCV that is stuck in the middle of nowhere. Can you safely transport them to the DSC Port?	Shotwell 求援：一辆 SimpleRCV 困在前不着村后不着店的地方。你能把他们安全运到 DSC 港口吗？		
Career.Contracts.Droo-Orbit-Rescue-1.Name	Droo Orbit Rescue	Droo 轨道救援		
Career.Contracts.Droo-Orbit-Rescue-1.Subtitle	1 Drood in a SimpleCrew Spacecraft	SimpleCrew 飞船中的 1 名 Drood		
Career.Contracts.Droo-Orbit-Rescue-1.FlairText	Rescue	救援		
Career.Contracts.Droo-Orbit-Rescue-1.Short	Rescue in Droo Orbit	Droo 轨道救援		
Career.Contracts.Droo-Orbit-Rescue-1.Long	Yet another one of those cheap SimpleCrews still using 100% sized docking ports is leaking again. This time it was crewed, though. Can you figure out how to bring the Drood back?	又一艘还在用 100% 尺寸对接口的廉价 SimpleCrew 漏了。不过这次上面有乘员。你能想办法把那名 Drood 带回来吗？		
Career.Contracts.Droo-Orbit-Rescue-2.Name	Droo Orbit Rescue	Droo 轨道救援		
Career.Contracts.Droo-Orbit-Rescue-2.Subtitle	2 Droods in a Rapture Spacecraft	Rapture 飞船中的 2 名 Drood		
Career.Contracts.Droo-Orbit-Rescue-2.FlairText	Rescue	救援		
Career.Contracts.Droo-Orbit-Rescue-2.Short	Rescue in Droo Orbit	Droo 轨道救援		
Career.Contracts.Droo-Orbit-Rescue-2.Long	Algernon sent a couple of Droods on a space trip aboard his flashy Rapture capsule and now they're stuck in space. He won't rescue them, so it's your job now. They have a 200% size docking port — figure it out.	Algernon 让几名 Drood 乘坐他那艘炫目的 Rapture 太空舱去太空旅行，现在他们被困在太空里。他不肯去救，所以这活儿归你了。他们的对接口是 200% 尺寸——自己想办法。		
Career.Contracts.Droo-Orbit-Rescue-3.Name	Droo Orbit Rescue	Droo 轨道救援		
Career.Contracts.Droo-Orbit-Rescue-3.Subtitle	3 Drood in a Thermos Spaceplane	Thermos 空天飞机中的 3 名 Drood		
Career.Contracts.Droo-Orbit-Rescue-3.FlairText	Rescue	救援		
Career.Contracts.Droo-Orbit-Rescue-3.Short	Rescue in Droo Orbit	Droo 轨道救援		
Career.Contracts.Droo-Orbit-Rescue-3.Long	A crew of 3 is stuck in an experimental shuttle we launched a couple weeks ago into a polar orbit for some research I needed. It has a 400% size docking port; if you can figure out how, you can try to ride it back.	3 名乘员被困在一艘实验穿梭机里，那是几周前为了我需要的某项研究发射到极轨的。它的对接口是 400% 尺寸；如果你有办法，可以试着搭它回来。		
Career.Contracts.Luna-Orbit-Rescue-1.Name	Luna Orbit Rescue	Luna 轨道救援		
Career.Contracts.Luna-Orbit-Rescue-1.Subtitle	1 Drood in a Bruno Spacecraft	Bruno 飞船中的 1 名 Drood		
Career.Contracts.Luna-Orbit-Rescue-1.FlairText	Rescue	救援		
Career.Contracts.Luna-Orbit-Rescue-1.Short	Rescue in Luna Orbit	Luna 轨道救援		
Career.Contracts.Luna-Orbit-Rescue-1.Long	Shotwell needs help bringing back a Drood stranded in orbit of Luna, in a Bruno Capsule with a 100% size docking port. Don't mess this one up or it'll be terrible PR.	Shotwell 需要帮忙接回一名困在 Luna 轨道的 Drood，那人在一艘对接口为 100% 尺寸的 Bruno 太空舱里。别搞砸，否则公关会很难看。		
Career.Contracts.Luna-Orbit-Rescue-2.Name	Luna Orbit Rescue	Luna 轨道救援		
Career.Contracts.Luna-Orbit-Rescue-2.Subtitle	2 Droods in a LM Ascent Stage	LM 上升级中的 2 名 Drood		
Career.Contracts.Luna-Orbit-Rescue-2.FlairText	Rescue	救援		
Career.Contracts.Luna-Orbit-Rescue-2.Short	Rescue in Luna Orbit	Luna 轨道救援		
Career.Contracts.Luna-Orbit-Rescue-2.Long	Somehow Shotwell sent another mission to Luna, and it got stranded again. This time it's the Ascent Stage of their Luna Module, so it's on a really low orbit. It has a 100% size docking port; bring them back without crashing them into Luna.	Shotwell 又往 Luna 派了一次任务，结果再次受困。这次是他们 Luna 舱的上升级，所以在一条非常低的轨道上。对接口是 100% 尺寸；把他们带回来，别撞上 Luna。		
Career.Contracts.Luna-Orbit-Rescue-3.Name	Luna Orbit Rescue	Luna 轨道救援		
Career.Contracts.Luna-Orbit-Rescue-3.Subtitle	3 Droods in a Nebula Spacecraft	Nebula 飞船中的 3 名 Drood		
Career.Contracts.Luna-Orbit-Rescue-3.FlairText	Rescue	救援		
Career.Contracts.Luna-Orbit-Rescue-3.Short	Rescue in Luna Orbit	Luna 轨道救援		
Career.Contracts.Luna-Orbit-Rescue-3.Long	I have unsurprising news for you. Shotwell has lost yet another craft orbiting Luna, this time a flashy new Nebula Capsule with a 200% size docking port. It's on a really extreme orbit, good luck approaching it.	有个毫不意外的消息。Shotwell 又在 Luna 轨道丢了一艘飞船，这次是艘崭新的炫目 Nebula 太空舱，对接口 200% 尺寸。它的轨道非常极端，祝你好运。		
Career.Contracts.Luna-Surface-Rescue-1.Name	Luna Surface Rescue	Luna 地表救援		
Career.Contracts.Luna-Surface-Rescue-1.Subtitle	1 Drood at Luna's maria	Luna 月海上的 1 名 Drood		
Career.Contracts.Luna-Surface-Rescue-1.FlairText	Rescue	救援		
Career.Contracts.Luna-Surface-Rescue-1.Short	Luna Module Rescue	Luna 舱救援		
Career.Contracts.Luna-Surface-Rescue-1.Long	Yet another Luna Module has malfunctioned, this time on the surface of Luna, and is inoperable. Try to bring those Droods back home.	又一台 Luna 舱出了故障，这次是在 Luna 地表，已经无法运作。想办法把那些 Drood 带回家。		
Career.Contracts.Luna-Surface-Rescue-2.Name	Luna Surface Rescue	Luna 地表救援		
Career.Contracts.Luna-Surface-Rescue-2.Subtitle	2 Droods at maria edge	月海边缘的 2 名 Drood		
Career.Contracts.Luna-Surface-Rescue-2.FlairText	Rescue	救援		
Career.Contracts.Luna-Surface-Rescue-2.Short	LunaTown Base Rescue	LunaTown 基地救援		
Career.Contracts.Luna-Surface-Rescue-2.Long	The LunaTown Base got one of its windows punctured somehow, you need to get there really quick to rescue the two Droods that survived the event.	LunaTown 基地的一扇窗户被击穿了，你需要尽快赶到那里，救援在这场事故中幸存的两名 Drood。		
Career.Contracts.Luna-Surface-Rescue-3.Name	Luna Surface Rescue	Luna 地表救援		
Career.Contracts.Luna-Surface-Rescue-3.Subtitle	3 Droods at the South Pole	南极的 3 名 Drood		
Career.Contracts.Luna-Surface-Rescue-3.FlairText	Rescue	救援		
Career.Contracts.Luna-Surface-Rescue-3.Short	Drood Landing System Rescue	Drood 着陆系统救援		
Career.Contracts.Luna-Surface-Rescue-3.Long	Another of Algernon's toys has failed, this time the electrical system in a Lunar Lander. Now the crew can't launch and their elevator won't work, so figure out a way to get them down to the surface and then back home.	Algernon 的又一个玩具坏了，这次是月球着陆器的电气系统。现在乘员无法起飞，升降机也失灵了，想办法把他们送到地表再带回家。		
Career.Contracts.Removal.Name	Classified	机密		
Career.Contracts.Removal.Short	Removing orbital debris.	清除轨道残骸。		
Career.Contracts.Removal.Long	We have detected some potentially dangerous debris in orbit. You must eliminate it asap.	我们在轨道上检测到一些可能有危险的残骸。你必须尽快将其清除。		
Career.Contracts.Location-Port.Name	Splashdown!	溅落！		
Career.Contracts.Location-Port.Short	Get a payload to the DSC port.	把载荷送到 DSC 港口。		
Career.Contracts.Location-Port.Long	If you show you can get your crafts to the water safely, we'll let you use our port in the future. This will make water recovery substantially cheaper.	如果你能证明自己可以把载具安全地送到水面上，我们以后就允许你使用我们的港口。这会让水上回收便宜得多。		
Career.Contracts.Location-DSC Short runway.Name	Pilot License	飞行员执照		
Career.Contracts.Location-DSC Short runway.Short	Land a craft safely in the village.	在村庄安全降落一艘载具。		
Career.Contracts.Location-DSC Short runway.Long	Our space center runways are a valuable asset we can't afford to lose, so first we need to ensure you can land safely in a rough situation. Build a crewed craft capable of Mach 3, then land it safely on the runway at the village.	我们航天中心的跑道是宝贵资产，经不起损失，所以首先得确认你能在恶劣情况下安全降落。造一艘能达到 3 马赫的载人载具，然后把它安全降落在村庄的跑道上。		
Career.Contracts.Location-DSC Large runway.Name	A Precision Job	精准作业		
Career.Contracts.Location-DSC Large runway.Short	Bring a large payload to the Hippolyta GS.	把大型载荷送到 Hippolyta 地面站。		
Career.Contracts.Location-DSC Large runway.Long	We're looking for someone who can carry a very large payload all the way down to the Hippolyta Ground Station. The Station has no runway, so we can't ship it ourselves. Pull this off and we'll let you use our best runway at the DSC.	我们在找一个能把超大载荷一路运到 Hippolyta 地面站的人。该站没有跑道，所以我们没法自己送。办成这件事，我们就让你使用 DSC 最好的跑道。		
Career.Contracts.Location-Launchpad.Name	Raining Rockets	火箭如雨		
Career.Contracts.Location-Launchpad.Short	Land a booster on the Drone Ship.	把助推器降落在无人船上。		
Career.Contracts.Location-Launchpad.Long	Before you can launch from our best launchpad, we need to verify you know what you're doing. Get on a suborbital trajectory and then land on the barge to unlock the raised launchpad.	在你用我们最好的发射台发射之前，我们得确认你清楚自己在做什么。进入亚轨道弹道，然后降落在驳船上，即可解锁高架发射台。		
Career.Contracts.Location-Large-Pad.Name	Speedy Pollution	极速污染		
Career.Contracts.Location-Large-Pad.Short	Get a large payload to space.	把大型载荷送入太空。		
Career.Contracts.Location-Large-Pad.Long	We want to see if you can put a @Mass:mass craft into orbit. If you can, we'll let you use our large launchpad. It's just a patch of concrete, but it'll let you launch really huge things.	我们想看看你能不能把一艘 @Mass:mass 的载具送入轨道。如果可以，我们就让你使用大型发射台。那不过是一块混凝土地面，但能让你发射真正巨型的东西。		
Career.Contracts.Location-Lunapad.Name	Lunar Driver	月球驾驶员		
Career.Contracts.Location-Lunapad.Short	Get a rover to Luna to drive around the South Pole base.	把一辆巡视车送到 Luna，在南极基地一带行驶。		
Career.Contracts.Location-Lunapad.Long	Before you can use our infrastructure at Luna, we need to check you can actually get there yourself and survive the environment. So, get a rover to the base and drive until you exit the crater, without flying there.	在你使用我们在 Luna 的基础设施之前，我们要确认你自己真的能到那里并在环境中生存。所以，把一辆巡视车送到基地，一路开到驶出环形山，不要飞过去。		
Career.Contracts.GrandTour.Name	The Grand Tour	大巡游		
Career.Contracts.GrandTour.Short	Bring a probe around the system and out.	带一枚探测器绕行行星系并飞出。		
Career.Contracts.GrandTour.Long	After blowing our whole budget building the infrastructure on Luna, we're running short. I need something really impressive so we can ask for more funds.<br><br>We have a Traveler Probe ready: bring it to at least 3 of Droo's planets, then get it out of Juno's Sphere of Influence.	在 Luna 上大兴土木把整个预算花光之后，我们手头很紧。我需要点真正拿得出手的成果，好去申请更多资金。<br><br>我们准备好了一枚 Traveler 探测器：把它带到 Droo 的至少 3 颗行星，然后把它送出 Juno 的影响范围。		
Career.Contracts.SPE-Radix.Name	Space Port Esperanza	Esperanza 太空港		
Career.Contracts.SPE-Radix.Subtitle	Radix Module	Radix 舱		
Career.Contracts.SPE-Radix.FlairText	Station	空间站		
Career.Contracts.SPE-Radix.Short	Bring Radix to orbit.	扩建 Esperanza 太空港。		
Career.Contracts.SPE-Radix.Long	We need your help building the Space Port Esperanza (SPE) in Low Droo Orbit. First, bring up the Radix Module. This is a key step in the DSC's efforts to colonize the Juno System, so get it right and many contracts will follow.<br><br>We don't like leaving debris around Droo if we can avoid it. Make sure you safely deorbit your stage!	我们需要你帮忙在 Droo 低轨道建造 Esperanza 太空港（SPE）。首先把 Radix 舱送上去。这是 DSC 殖民 Juno 星系的关键一步，务必办好，之后会有很多合约找上门。<br><br>能避免的话，我们不喜欢在 Droo 周围留下残骸。务必让你的级安全离轨！		
Career.Contracts.SPE-Expansion.Name	Space Port Esperanza	Esperanza 太空港		
Career.Contracts.SPE-Expansion.Subtitle	Expansion Module	扩展舱		
Career.Contracts.SPE-Expansion.FlairText	Station	空间站		
Career.Contracts.SPE-Expansion.Short	Expand the Space Port Esperanza.	扩建 Esperanza 太空港。		
Career.Contracts.SPE-Expansion.Long	Now that Radix is in orbit, we want to start building up SPE. Dock the Expansion Module to the Radix Module; it brings needed resources and more docking capabilities, but you'll need to bring some monoprop yourself to maneuver it.<br><br>We don't like to leave debris around Droo if we can avoid it. Make sure you safely deorbit your stage!	既然 Radix 已经入轨，我们要开始建设 SPE 了。把扩展舱对接在 Radix 舱上；它带来了必需的资源和更强的对接能力，但你需要自己带些单元推进剂来机动它。<br><br>能避免的话，我们不喜欢在 Droo 周围留下残骸。务必让你的级安全离轨！		
Career.Contracts.SPE-Docking.Name	Space Port Esperanza	Esperanza 太空港		
Career.Contracts.SPE-Docking.Subtitle	Nexus Cross	Nexus 十字枢纽		
Career.Contracts.SPE-Docking.FlairText	Station	空间站		
Career.Contracts.SPE-Docking.Short	Expand the Space Port Esperanza.	扩建 Esperanza 太空港。		
Career.Contracts.SPE-Docking.Long	Dock the Nexus Cross to the Space Port Esperanza. These docking hubs expand the SPE's docking capacity and will host future DSC Modules and even your own, but you'll need to bring some monoprop yourself to maneuver it.<br><br>We don't like leaving debris around Droo if we can help it. Make sure you safely deorbit your stage!	把 Nexus 十字枢纽对接在 Esperanza 太空港上。这些对接枢纽能扩大 SPE 的对接容量，未来会承载 DSC 的舱段甚至你自己的舱段，但你需要自己带些单元推进剂来机动它。<br><br>能避免的话，我们不喜欢在 Droo 周围留下残骸。务必让你的级安全离轨！		
Career.Contracts.SPE-Habitation.Name	Space Port Esperanza	Esperanza 太空港		
Career.Contracts.SPE-Habitation.Subtitle	Habitation Module	居住舱		
Career.Contracts.SPE-Habitation.FlairText	Station	空间站		
Career.Contracts.SPE-Habitation.Short	Expand the Space Port Esperanza.	扩建 Esperanza 太空港。		
Career.Contracts.SPE-Habitation.Long	Dock the Habitation Module to the Space Port Esperanza. These modules create a comfortable, spacious place for inhabitants to reside, but you'll need to bring some monoprop yourself to maneuver it.<br><br>We don't like to leave debris around Droo if we can avoid it. Make sure you safely deorbit your stage!	把居住舱对接在 Esperanza 太空港上。这些舱段为居住者提供舒适宽敞的住处，但你需要自己带些单元推进剂来机动它。<br><br>能避免的话，我们不喜欢在 Droo 周围留下残骸。务必让你的级安全离轨！		
Career.Contracts.SPE-Cupola.Name	Space Port Esperanza	Esperanza 太空港		
Career.Contracts.SPE-Cupola.Subtitle	Cupola Module	穹顶舱		
Career.Contracts.SPE-Cupola.FlairText	Station	空间站		
Career.Contracts.SPE-Cupola.Short	Expand the Space Port Esperanza.	扩建 Esperanza 太空港。		
Career.Contracts.SPE-Cupola.Long	Dock the Cupola Module to the Space Port Esperanza. It'll give crew and tourists inside excellent views of Droo, but you'll need to bring some monoprop yourself to maneuver it.<br><br>We don't like leaving debris around Droo if we can avoid it. Make sure you safely deorbit your stage!	把穹顶舱对接在 Esperanza 太空港上。它能让里面的乘员和游客欣赏到 Droo 的绝佳景色，但你需要自己带些单元推进剂来机动它。<br><br>能避免的话，我们不喜欢在 Droo 周围留下残骸。务必让你的级安全离轨！		
Career.Contracts.SPE-Solar.Name	Space Port Esperanza	Esperanza 太空港		
Career.Contracts.SPE-Solar.Subtitle	Solar Array	太阳能帆板		
Career.Contracts.SPE-Solar.FlairText	Station	空间站		
Career.Contracts.SPE-Solar.Short	Expand the Space Port Esperanza.	扩建 Esperanza 太空港。		
Career.Contracts.SPE-Solar.Long	Dock the Solar Array to the Space Port Esperanza. Once all the solar arrays are docked to the SPE, they'll provide enough power for all operations, but you'll need to bring some monoprop yourself to maneuver it.<br><br>We don't like to leave debris around Droo if we can avoid it. Make sure you safely deorbit your stage!	把太阳能帆板对接在 Esperanza 太空港上。等所有太阳能帆板都对接上 SPE 后，它们将为所有运作提供充足电力，但你需要自己带些单元推进剂来机动它。<br><br>能避免的话，我们不喜欢在 Droo 周围留下残骸。务必让你的级安全离轨！		
Career.Contracts.SPE-Structure.Name	Space Port Esperanza	Esperanza 太空港		
Career.Contracts.SPE-Structure.Subtitle	@Name	@Name		
Career.Contracts.SPE-Structure.FlairText	Station	空间站		
Career.Contracts.SPE-Structure.Short	Expand the Space Port Esperanza.	扩建 Esperanza 太空港。		
Career.Contracts.SPE-Structure.Long	Dock the @Name to the Space Port Esperanza.<br><br>We don't like leaving debris around Droo if we can help it. Make sure you safely deorbit your stage!	把 @Name 对接在 Esperanza 太空港上。<br><br>能避免的话，我们不喜欢在 Droo 周围留下残骸。务必让你的级安全离轨！		
Career.Contracts.SPE-Fuel-Core.Name	Space Port Esperanza	Esperanza 太空港		
Career.Contracts.SPE-Fuel-Core.Subtitle	Fuel Depot Core	燃料库核心		
Career.Contracts.SPE-Fuel-Core.FlairText	Station	空间站		
Career.Contracts.SPE-Fuel-Core.Short	Expand the Space Port Esperanza.	扩建 Esperanza 太空港。		
Career.Contracts.SPE-Fuel-Core.Long	Dock the Fuel Depot Core to the Space Port Esperanza. This core infrastructure lets us expand our resources aboard the SPE, including keeping fuel for any future missions that need a bit of extra gas.<br><br>We don't like to leave debris around Droo if we can avoid it. Make sure you safely deorbit your stage!	把燃料库核心对接在 Esperanza 太空港上。这套核心基础设施让我们能扩充 SPE 上的资源，包括为将来需要额外燃料的任务储备燃料。<br><br>能避免的话，我们不喜欢在 Droo 周围留下残骸。务必让你的级安全离轨！		
Career.Contracts.SPE-Fuel-Ballz.Name	Space Port Esperanza	Esperanza 太空港		
Career.Contracts.SPE-Fuel-Ballz.Subtitle	@Name Sphere	@Name 球体		
Career.Contracts.SPE-Fuel-Ballz.FlairText	Station	空间站		
Career.Contracts.SPE-Fuel-Ballz.Short	Expand the Space Port Esperanza.	扩建 Esperanza 太空港。		
Career.Contracts.SPE-Fuel-Ballz.Long	Dock the @Name Fuel Sphere to the Fuel Depot Core. These fueling spheres have unique docking interfaces, so make sure you dock to the Depot Core!<br><br>We don't like to leave debris around Droo if we can avoid it. Make sure you safely deorbit your stage!	把 @Name 燃料球体对接在燃料库核心上。这些燃料球体有独特的对接接口，所以务必对接在燃料库核心上！<br><br>能避免的话，我们不喜欢在 Droo 周围留下残骸。务必让你的级安全离轨！		
Career.Contracts.Race-Air-2.Name	Cutting Corners Air Race	抄近道飞行赛		
Career.Contracts.Race-Air-2.Subtitle	Round @TitleNumber	第 @TitleNumber 轮		
Career.Contracts.Race-Air-2.FlairText	@Progression	@Progression		
Career.Contracts.Race-Air-2.Short	Go through all the checkpoints in order.	按顺序通过所有检查点。		
Career.Contracts.Race-Air-2.Long	Buck told me you're a great pilot. I've prepared a plane race to watch you zoom past my window and see if it's true. Get ready for a real challenge.	Buck 跟我说你是个出色的飞行员。我准备了一场飞机比赛，想看着你从我窗前飞驰而过，验证一下是不是真的。准备好迎接真正的挑战吧。		
Career.Contracts.Packages-research.Name	Research Station Supplies	研究站补给		
Career.Contracts.Packages-research.Subtitle	@Count @Count:plural(payload|payloads)	@Count @Count:plural(载荷|载荷)		
Career.Contracts.Packages-research.FlairText	@Progression	@Progression		
Career.Contracts.Packages-research.Short	Bring some supplies to the camp.	把补给送到营地。		
Career.Contracts.Packages-research.Long	Bring some supplies to my research station near the Juno Village. You can drive or fly, as long as you don't break anything.	把一些补给送到我在 Juno 村附近的研究站。开车还是飞行都行，只要别弄坏东西。		
Career.Contracts.First-Sample.Name	Testing Your Skills	检验你的技术		
Career.Contracts.First-Sample.FlairText	Progression	进度		
Career.Contracts.First-Sample.Short	Go through all the checkpoints in order.	按顺序通过所有检查点。		
Career.Contracts.First-Sample.Long	Your delivery to the Research Station was impressive. I've been looking for help for a while and you seem like a perfect fit. To test that, I need you to visit a series of landmarks. Speed isn't important, just visit them all in order. It's a long drive over steep terrain, so consider flying point to point, or a hybrid approach.	你送货到研究站的表现令人印象深刻。我找帮手已经有一阵子了，你看起来非常合适。为了验证这一点，我需要你走访一系列地标。速度不重要，只要按顺序全部走一遍。这段路要在陡峭地形上长途行驶，可以考虑点对点飞行，或者混合方式。		
Career.Contracts.Explorer.Name	Sample Collection	样本采集		
Career.Contracts.Explorer.Subtitle	@Origin:coords	@Origin:coords		
Career.Contracts.Explorer.Short	Go to the indicated locations and inspect them.	前往指定地点并查看。		
Career.Contracts.Explorer.Long	I need to grab some samples from one of Droo's biomes. Go there and grab @Samples samples.	我需要从 Droo 的某个生物群系采集样本。去那里取 @Samples 份样本。		
Career.Contracts.Delivery-ocean.Name	Ocean Delivery	海上运送		
Career.Contracts.Delivery-ocean.Subtitle	@Origin:coords	@Origin:coords		
Career.Contracts.Delivery-ocean.Short	Drop a payload in the ocean.	把载荷投放到海里。		
Career.Contracts.Delivery-ocean.Long	I need to bring a submarine to the designated location to run some experiments, can you get it there?	我需要把一艘潜艇送到指定地点做一些实验，你能送到吗？		
Career.Contracts.Delivery-gs.Name	Ground Support	地面支援		
Career.Contracts.Delivery-gs.Subtitle	@GroundStation:coords	@GroundStation:coords		
Career.Contracts.Delivery-gs.Short	Bring a container to one of the Ground Stations.	把一个集装箱送到其中一座地面站。		
Career.Contracts.Delivery-gs.Long	I need some tools and resources to keep the Ground Station running, but it's really far from the Research Station. Can you bring me a container?	我需要一些工具和资源来维持地面站运转，但它离研究站太远了。你能给我送一个集装箱来吗？		
Career.Contracts.Droo-orbit.Name	Droo Orbit	Droo 轨道		
Career.Contracts.Droo-orbit.Subtitle	@Apoapsis:distance - @Periapsis:distance	@Apoapsis:distance - @Periapsis:distance		
Career.Contracts.Droo-orbit.Short	Get to a specific orbit.	进入指定轨道。		
Career.Contracts.Droo-orbit.Long	Can you go to orbit? I need you to be close to a very specific orbit, can you make it there?	你能进入轨道吗？我需要你贴近一条非常明确的轨道，能做到吗？		
Career.Contracts.First-sat.Name	Satellite Mission	卫星任务		
Career.Contracts.First-sat.FlairText	Progression	进度		
Career.Contracts.First-sat.Short	Carry a payload to the desired orbit.	把载荷送入目标轨道。		
Career.Contracts.First-sat.Long	I need help getting some satellites into orbit. Let's start easy: can you put this CubeSat into any orbit? I've added a deployer to ease integration, but you decide where it goes in the rocket. It can fit next to an engine, inside a fairing if you've unlocked them, or you can even eject the nosecone with an interstage holding the payload inside.	我需要帮忙把一些卫星送入轨道。先从简单的开始：你能把这颗立方星送入任意轨道吗？我加了一个释放器方便集成，但它在火箭里的位置由你决定。它可以放在发动机旁边，如果你解锁了整流罩也可以放在里面，甚至可以把头锥抛掉、用级间段把载荷罩在里面。		
Career.Contracts.Droo-sat.Name	@SatName Mission	@SatName 任务		
Career.Contracts.Droo-sat.Subtitle	@SatCount @SatCount:plural(sat|sats) to @Apoapsis:distance - @Periapsis:distance	@SatCount @SatCount:plural(卫星|卫星) 至 @Apoapsis:distance - @Periapsis:distance		
Career.Contracts.Droo-sat.FlairText	@Progression	@Progression		
Career.Contracts.Droo-sat.Short	Carry a payload to the desired orbit.	把载荷送入目标轨道。		
Career.Contracts.Droo-sat.Long	I have @SatCount @SatName@SatCount:s ready for orbit, mind helping? I've already added the deployment gear to ease integration.<br><br>You can do more than one satellite contract at a time, I won't complain as long as they reach their destination. If you do, make sure you assign the @SatName@SatCount:s to the right contract in the designer.	我有 @SatCount @SatName@SatCount:s 准备入轨，愿意帮个忙吗？我已经加好了释放装置，方便集成。<br><br>你可以同时接多个卫星合约，只要它们抵达目的地我就没意见。如果这样做，请务必在设计器里把 @SatName@SatCount:s 分配到正确的合约上。		
Career.Contracts.Heliosynch-orbit.Name	Heliosynchronous Orbit	太阳同步轨道		
Career.Contracts.Heliosynch-orbit.FlairText	Progression	进度		
Career.Contracts.Heliosynch-orbit.Short	Get to a Juno-Synchronous Orbit.	进入 Juno 同步轨道。		
Career.Contracts.Heliosynch-orbit.Long	Heliosynchronous orbits use orbital precession to keep the orbit's position relative to the sun throughout an entire year. This game's physics aren't that fancy, but it's a cool orbit regardless. Can you get something into such an odd orbit?	太阳同步轨道利用轨道进动，让轨道相对太阳的方位在整整一年中保持不变。本作的物理没这么讲究，但这条轨道依然很酷。你能把东西送入这样一条奇特的轨道吗？		
Career.Contracts.Observation.Name	The Eye in the Sky	天空之眼		
Career.Contracts.Observation.Short	Bring a telescope to orbit.	把望远镜送入轨道。		
Career.Contracts.Observation.Long	My satellites have detected weird activity on Droo's surface, can you bring a telescope to Droostationary orbit so I can observe what is going on?	我的卫星在 Droo 地表探测到异常活动，你能把望远镜送到 Droo 同步轨道，让我观察一下发生了什么吗？		
Career.Contracts.First-flyby.Name	Luna Fly-by	Luna 飞掠		
Career.Contracts.First-flyby.FlairText	Progression	进度		
Career.Contracts.First-flyby.Short	Fly-by Luna	飞掠 Luna		
Career.Contracts.First-flyby.Long	I need you to fly by Luna to study its orbital conditions. My studies show these bodies' physics are governed by something called 'Spheres of Influence', a region of space where their gravity is stronger than any other nearby body's, so your orbits are only affected by it.	我需要你飞掠 Luna，研究它的轨道条件。我的研究表明，这些天体的物理由所谓的「影响范围」支配——在那片区域内，它的引力强于附近任何其他天体，所以你的轨道只受它影响。		
Career.Contracts.Lunar-flyby.Name	@Moon Fly-by	@Moon 飞掠		
Career.Contracts.Lunar-flyby.FlairText	@Progression	@Progression		
Career.Contracts.Lunar-flyby.Short	Fly-by @Moon	飞掠 @Moon		
Career.Contracts.Lunar-flyby.Long	I need you to fly by @Moon to study its orbital conditions. You just need to get close enough to be in its Sphere of Influence.	我需要你飞掠 @Moon，研究它的轨道条件。你只要靠得足够近，进入它的影响范围即可。		
Career.Contracts.First-lunar-orbit.Name	Brigo Orbit	Brigo 轨道		
Career.Contracts.First-lunar-orbit.FlairText	Progression	进度		
Career.Contracts.First-lunar-orbit.Short	Orbit Brigo	环绕 Brigo		
Career.Contracts.First-lunar-orbit.Long	I need you to orbit Brigo so we can start studying it in depth. Get into its sphere of influence and slow down enough to get captured.	我需要你环绕 Brigo，好让我们开始深入研究它。进入它的影响范围，减速到被它捕获。		
Career.Contracts.Lunar-orbit.Name	@Moon Orbit	@Moon 轨道		
Career.Contracts.Lunar-orbit.Subtitle	Under @Apoapsis:distance	低于 @Apoapsis:distance		
Career.Contracts.Lunar-orbit.FlairText	@Progression	@Progression		
Career.Contracts.Lunar-orbit.Short	Orbit @Moon	环绕 @Moon		
Career.Contracts.Lunar-orbit.Long	I need you to get in orbit of @Moon, with an apoapsis lower than @Apoapsis:distance	我需要你进入 @Moon 轨道，远拱点低于 @Apoapsis:distance		
Career.Contracts.Lunar-probe.Name	@ProbeName Mission	@ProbeName 任务		
Career.Contracts.Lunar-probe.Subtitle	A @Moon in @Apoapsis:distance - @Periapsis:distance	@Moon 轨道上，@Apoapsis:distance - @Periapsis:distance		
Career.Contracts.Lunar-probe.FlairText	@Progression	@Progression		
Career.Contracts.Lunar-probe.Short	Carry a payload to the desired orbit.	把载荷送入目标轨道。		
Career.Contracts.Lunar-probe.Long	I have a @ProbeName Probe ready to be put into @Moon orbit, mind helping? I have already added the deployment gear to ease the integration.	我有一枚 @ProbeName 探测器，准备好要送入 @Moon 轨道，愿意帮忙吗？我已经加好了释放装置，方便集成。		
Career.Contracts.Lunar-impactor.Name	@Moon Crash Landing	@Moon 撞击着陆		
Career.Contracts.Lunar-impactor.FlairText	@Progression	@Progression		
Career.Contracts.Lunar-impactor.Short	Crash land on @Moon	在 @Moon 上硬着陆		
Career.Contracts.Lunar-impactor.Long	I need you to reach the surface of @Moon to carry some experiments. The sensors aren't very sensitive, so no need to soft land it — though I've added an airbag just in case.	我需要你抵达 @Moon 地表，搭载一些实验设备。传感器不太灵敏，所以不必软着陆——不过我加了个气囊以防万一。		
Career.Contracts.Lunar-lander.Name	@Moon Lander	@Moon 着陆器		
Career.Contracts.Lunar-lander.FlairText	@Progression	@Progression		
Career.Contracts.Lunar-lander.Short	Bring a lander to @Moon	把着陆器送到 @Moon		
Career.Contracts.Lunar-lander.Long	I need you to bring a set of more sensitive sensors to the surface of @Moon, so no bouncing this time.<br><br>I've prepared a lander with an engine and legs, but you need to bring it to @Moon orbit and drive it down to the surface — not that I didn't trust you to build it.	我需要你把一套更灵敏的传感器送到 @Moon 地表，所以这次不能弹跳着陆。<br><br>我准备了一台带发动机和起落架的着陆器，但你需要把它送到 @Moon 轨道，再让它降落到地表——倒不是我不信任你的建造手艺。		
Career.Contracts.Lunar-rover.Name	@Moon Rover	@Moon 巡视车		
Career.Contracts.Lunar-rover.FlairText	@Progression	@Progression		
Career.Contracts.Lunar-rover.Short	Drive a rover on @Moon	在 @Moon 上驾驶巡视车		
Career.Contracts.Lunar-rover.Long	I appreciate your landing skills, but I need a bit more precision. I've made a rover, can you bring it to @Moon?<br><br>This time you'll have to make the lander, bring the Rover there, and drive it for me. Remember, you can select @Moon in the craft info panel in the designer to better tune your engine thrust, and legs will help soften the touchdown.	我很欣赏你的着陆技术，但我需要更精准一些。我做了一辆巡视车，你能把它送到 @Moon 吗？<br><br>这次你得自己造着陆器，把巡视车送过去，再替我开一段。记住，你可以在设计器的载具信息面板里选择 @Moon，以便更好地调整发动机推力，起落架也有助于缓冲触地。		
Career.Contracts.Lunar-landing.Name	@Moon Landing	@Moon 着陆		
Career.Contracts.Lunar-landing.FlairText	@Progression	@Progression		
Career.Contracts.Lunar-landing.Short	Land on @Moon	在 @Moon 着陆		
Career.Contracts.Lunar-landing.Long	Can you get to @Moon and safely land? Your craft has to stay landed for at least 30 seconds.	你能到达 @Moon 并安全着陆吗？你的载具必须保持着陆状态至少 30 秒。		
Career.Contracts.Celestial-flyby.Name	@Planet Fly-by	@Planet 飞掠		
Career.Contracts.Celestial-flyby.FlairText	@Progression	@Progression		
Career.Contracts.Celestial-flyby.Short	Fly-by @Planet	飞掠 @Planet		
Career.Contracts.Celestial-flyby.Long	I need you to fly by @Planet to study its orbital conditions. You just need to get close enough to be in its Sphere of Influence.	我需要你飞掠 @Planet，研究它的轨道条件。你只要靠得足够近，进入它的影响范围即可。		
Career.Contracts.Celestial-orbit.Name	@Planet Orbit	@Planet 轨道		
Career.Contracts.Celestial-orbit.Subtitle	Under @Apoapsis:distance	低于 @Apoapsis:distance		
Career.Contracts.Celestial-orbit.FlairText	@Progression	@Progression		
Career.Contracts.Celestial-orbit.Short	Orbit @Planet	环绕 @Planet		
Career.Contracts.Celestial-orbit.Long	I need you to get in orbit of @Planet, with an apoapsis lower than @Apoapsis:distance	我需要你进入 @Planet 轨道，远拱点低于 @Apoapsis:distance		
Career.Contracts.Celestial-landing.Name	@Planet Landing	@Planet 着陆		
Career.Contracts.Celestial-landing.Short	Land on @Planet	在 @Planet 着陆		
Career.Contracts.Celestial-landing.Long	Can you get to @Planet and safely land? Your craft has to stay landed for at least 30 seconds.	你能到达 @Planet 并安全着陆吗？你的载具必须保持着陆状态至少 30 秒。		
Career.Contracts.TouristTest.Name	Space Tourism	太空旅游		
Career.Contracts.TouristTest.Subtitle	@Count suborbital @Count:plural(tourist|tourists)	@Count 名亚轨道 @Count:plural(游客|游客)		
Career.Contracts.TouristTest.FlairText	TEST	测试		
Career.Contracts.TouristTest.Short	Suborbital Space Tourism.	亚轨道太空旅游。		
Career.Contracts.TouristTest.Long	We have @Count @Count:plural(tourist|tourists) who want to feel special and tell their friends they've been to space, but they don't want to be cramped in a tight container for too long.<br><br>Get them out of the atmosphere for a few minutes and return them safely, keeping things smooth.<br><br>Don't bring random tourists, they haven't paid! Grab them from the Payloads section, they'll be waiting there.	我们有 @Count 名 @Count:plural(游客|游客)，他们想显得与众不同，好跟朋友说自己上过太空，但又不愿意在狭窄的舱里憋太久。<br><br>让他们在大气层外待上几分钟，然后平稳地把他们安全带回来。<br><br>别随便带游客，他们可没付钱！去载荷分类里领人，他们就在那儿等着。		
Career.Contracts.Vertical-Shot.Req.TrackedLaunch.Planet-Droo.Description	Be in Droo's SOI	位于 Droo 的影响范围内		
Career.Contracts.Vertical-Shot.Req.TrackedLaunch.Planet-Droo.Tutorial-Tutorial-VerticalShot.Description	Time to fly! Are you ready?	该起飞了！准备好了吗？		
Career.Contracts.Vertical-Shot.Req.TrackedLaunch.Planet-Droo.Tutorial-Tutorial-VerticalShot.Location-Droo.Village.Launchpad.Description	Launch from the Village Launchpad	从村庄发射台发射		
Career.Contracts.Vertical-Shot.Req.TrackedLaunch.Planet-Droo.Tutorial-Tutorial-VerticalShot.Controls#0.Text	%ActivateInstruction% to activate your first stage, igniting your engine. Since it's a solid engine, once ignited you won't be able to stop it or adjust its power.	按 %ActivateInstruction% 激活第一级，点燃发动机。由于是固体发动机，一旦点燃就无法停止，也无法调节功率。		
Career.Contracts.Vertical-Shot.Req.TrackedLaunch.Planet-Droo.Tutorial-Tutorial-VerticalShot.StepText.StepText	Wait for your engine to ramp up	等待发动机推力上升		
Career.Contracts.Vertical-Shot.Req.TrackedLaunch.Planet-Droo.Tutorial-Tutorial-VerticalShot.Controls#1.Button.StepText	At the bottom of your screen you can find the main dashboard.	屏幕底部就是主仪表盘。		
Career.Contracts.Vertical-Shot.Req.TrackedLaunch.Planet-Droo.Tutorial-Tutorial-VerticalShot.Controls#1.Controls#0.Button.StepText	You can switch between AGL and ASL altitudes. AGL is your distance to the ground (or to the water above oceans); ASL is your distance to Sea Level, useful once you're high enough to ignore the terrain, since it better shows how close to space you are.	你可以在 AGL 和 ASL 高度之间切换。AGL 是你到地面的距离（海洋上方则是到水面的距离）；ASL 是你到海平面的距离，等你飞得够高、可以忽略地形时很有用，因为它更能显示你离太空有多近。		
Career.Contracts.Vertical-Shot.Req.TrackedLaunch.Planet-Droo.Tutorial-Tutorial-VerticalShot.Controls#1.Controls#1.Button#0.StepText	You can also switch between Surface and Orbit speeds. Surface accounts for the planet's rotation, while Orbit doesn't. Whenever you target another craft, a third mode shows your relative speed.	你也可以在地表速度和轨道速度之间切换。地表速度计入行星自转，轨道速度则不计。只要你锁定另一艘载具，还会出现第三种模式显示相对速度。		
Career.Contracts.Vertical-Shot.Req.TrackedLaunch.Planet-Droo.Tutorial-Tutorial-VerticalShot.Controls#1.Controls#1.Button#1.StepText	As you change modes, you'll see the green arrow in the nav sphere move around. It adapts to your velocity mode to show where forward is pointing. Again, with something targeted, it shows the direction of your relative speed.	切换模式时，你会看到导航球里的绿色箭头移动。它会随你的速度模式变化，指示前方所指。同样，锁定了目标时，它显示的是你相对速度的方向。		
Career.Contracts.Vertical-Shot.Req.TrackedLaunch.Planet-Droo.Tutorial-Tutorial-VerticalShot.Controls#1.Controls#2.Button.StepText	Use the nav sphere to change your rocket's heading. This automatically uses the engine gimbals, wings, gyroscopes, and more to try to point the craft where you want.	用导航球改变火箭的朝向。它会自动调用发动机矢量摆动、机翼、陀螺仪等，尽量把载具指向你想要的方向。		
Career.Contracts.Vertical-Shot.Req.TrackedLaunch.Planet-Droo.Tutorial-Tutorial-VerticalShot.Controls#1.Controls#3.Button.StepText	A really useful tool for any pilot is the nav ball. This sphere of strikes and numbers shows where you're looking. Its two colored halves are split by the horizon line. If all's going well right now you shouldn't see it, since your craft is pointing up.	对任何飞行员来说，导航球都是极为实用的工具。这个布满刻度和数字的球体显示你正看向哪里，两种颜色的半球由地平线分隔。如果现在一切顺利，你应该看不到它，因为你的载具正朝上。		
Career.Contracts.Vertical-Shot.Req.TrackedLaunch.Planet-Droo.Tutorial-Tutorial-VerticalShot.Controls#3.Button.StepText	You also have a map to find where you are. You can zoom in and out and change its orientation. It can be really useful, especially early on before you've unlocked the more advanced map view.	你还有一张地图可以确定自己的位置。你可以放大缩小并改变它的方向。它非常实用，尤其是在你解锁更高级的地图视图之前的早期阶段。		
Career.Contracts.Vertical-Shot.Req.TrackedLaunch.Planet-Droo.Expression#0.Description	Be under 1km above the ground.	位于离地 1 公里以下。		
Career.Contracts.Vertical-Shot.Req.TrackedLaunch.Planet-Droo.Expression#0.Expression.Description	Get your rocket's acceleration over 10m/s2	让火箭的加速度超过 10m/s2		
Career.Contracts.Vertical-Shot.Req.TrackedLaunch.Planet-Droo.Expression#1.Description	Reach 25km ASL (Above Sea Level).	到达 25 公里 ASL（海平面以上）。		
Career.Contracts.Vertical-Shot.Req.TrackedLaunch.Planet-Droo.Location-Droo.Village.Description	Crash at least 500m away from the village.	在距村庄至少 500 米处坠毁。		
Career.Contracts.Vertical-Shot.Req.TrackedLaunch.Planet-Droo.Location-Droo.Village.Expression.Description	Time to touch down! No need to survive this one.	该触地了！这次不用活着回来。		
Career.Contracts.First-payload.Req.TrackedLaunch.PartCount-initial-part-count.Description	Launch with the payload.	携载荷发射。		
Career.Contracts.First-payload.Req.TrackedLaunch.PartCount-initial-part-count.Planet-Droo.Description	Be in Droo's SOI	位于 Droo 的影响范围内		
Career.Contracts.First-payload.Req.TrackedLaunch.PartCount-initial-part-count.Planet-Droo.Tutorial-Tutorial-FirstPayload.Description	Be careful with that payload!	小心那个载荷！		
Career.Contracts.First-payload.Req.TrackedLaunch.PartCount-initial-part-count.Planet-Droo.Tutorial-Tutorial-FirstPayload.Location-Droo.Village.Launchpad.Description	Launch from the Village Launchpad	从村庄发射台发射		
Career.Contracts.First-payload.Req.TrackedLaunch.PartCount-initial-part-count.Planet-Droo.Tutorial-Tutorial-FirstPayload.Controls.Controls#0.Text	%ActivateInstruction% to activate your first stage.	按 %ActivateInstruction% 激活第一级。		
Career.Contracts.First-payload.Req.TrackedLaunch.PartCount-initial-part-count.Planet-Droo.Tutorial-Tutorial-FirstPayload.Controls.StepText.StepText	Wait for your first stage to run out of fuel.	等待第一级燃料耗尽。		
Career.Contracts.First-payload.Req.TrackedLaunch.PartCount-initial-part-count.Planet-Droo.Tutorial-Tutorial-FirstPayload.Controls.Controls#1.Text	%ActivateInstruction% to activate your second stage.	按 %ActivateInstruction% 激活第二级。		
Career.Contracts.First-payload.Req.TrackedLaunch.PartCount-initial-part-count.Planet-Droo.Tutorial-Tutorial-FirstPayload.Controls.Button.StepText	Now it's on you, wait until the rocket goes higher than 80km and then stage again to expose the probe.	接下来靠你了：等火箭升到 80 公里以上，再分级一次以露出探测器。		
Career.Contracts.First-payload.Req.TrackedLaunch.PartCount-initial-part-count.Planet-Droo.Expression.Description	Reach 80km ASL	到达 80 公里 ASL		
Career.Contracts.First-payload.Req.TrackedLaunch.PartCount-initial-part-count.Planet-Droo.Expression.PartCount-Payload-Sat-0.Description	Expose the probe.	露出探测器。		
Career.Contracts.Flight-Termination.Req.Expression.Description	Reach 30km AGL (above ground level)	到达 30 公里 AGL（离地高度）		
Career.Contracts.Flight-Termination.Req.Expression.Tutorial.Description	Select a part to blow it up	选一个零件把它炸掉		
Career.Contracts.Flight-Termination.Req.Expression.Tutorial.Controls.Button.StepText	You've reached the necessary altitude, now it's time to blow this thing up! Select a fuel tank by clicking it to show a menu with more details about the part and a nice orange button. That's where the boom begins.	你已经到达所需高度，现在该把这玩意儿炸掉了！点击选中一个燃料箱，会弹出一个菜单，显示该零件的更多详情，还有一个漂亮的橙色按钮。爆炸就从那里开始。		
Career.Contracts.Flight-Termination.Req.Expression.CraftEvent-Destroyed.Description	Select your command disc and blow up the craft before it goes too low!	选中你的指令盘，在载具掉得太低之前把它炸掉！		
Career.Contracts.Suborbital-First.Req.TrackedLaunch-tracked-launch.Planet-Droo.Description	Be in Droo's SOI	位于 Droo 的影响范围内		
Career.Contracts.Suborbital-First.Req.TrackedLaunch-tracked-launch.Planet-Droo.Expression#0.Description	Start grounded at the village	在村庄地面起步		
Career.Contracts.Suborbital-First.Req.TrackedLaunch-tracked-launch.Planet-Droo.Location-Droo.Village#0.Description	Start grounded at the village.	在村庄地面起步。		
Career.Contracts.Suborbital-First.Req.TrackedLaunch-tracked-launch.Planet-Droo.Location-Droo.Village#1.Description	Crash at least @Distance:distance away from the village.	在距村庄至少 @Distance:distance 处坠毁。		
Career.Contracts.Suborbital-First.Req.TrackedLaunch-tracked-launch.Planet-Droo.Expression#1.Description	Time to touch down! No need to survive this one.	该触地了！这次不用活着回来。		
Career.Contracts.Suborbital-Fireworks.Req.Expression.Description	Go higher than @Altitude:distance AGL.	飞到 @Altitude:distance AGL 以上。		
Career.Contracts.Suborbital-Fireworks.Req.Expression.CraftEvent-Explosion.Description	Make sure the explosion has more than @Explosion boom power in a single fuel tank.	确保单个燃料箱的爆炸威力超过 @Explosion。		
Career.Contracts.Suborbital-Water.Req.TrackedLaunch-tracked-launch.Planet-Droo.Description	Be in Droo's SOI	位于 Droo 的影响范围内		
Career.Contracts.Suborbital-Water.Req.TrackedLaunch-tracked-launch.Planet-Droo.Expression#0.Description	Start grounded	从地面起步		
Career.Contracts.Suborbital-Water.Req.TrackedLaunch-tracked-launch.Planet-Droo.Expression#1.Description	Reach 30km AGL	到达 30 公里 AGL		
Career.Contracts.Suborbital-Water.Req.TrackedLaunch-tracked-launch.Planet-Droo.Expression#2.Description	Time to drop, fall in the water.	该下坠了，落进水里。		
Career.Contracts.First-orbit.Req.TrackedLaunch.Planet-Droo.Description	Be in Droo's SOI	位于 Droo 的影响范围内		
Career.Contracts.First-orbit.Req.TrackedLaunch.Planet-Droo.Tutorial-Tutorial-FirstOrbit#0.Description	Ready to reach the stars?	准备好触摸星辰了吗？		
Career.Contracts.First-orbit.Req.TrackedLaunch.Planet-Droo.Tutorial-Tutorial-FirstOrbit#0.Location-Droo.Village.Launchpad.Description	Launch from the Village Launchpad	从村庄发射台发射		
Career.Contracts.First-orbit.Req.TrackedLaunch.Planet-Droo.Tutorial-Tutorial-FirstOrbit#0.Controls#0.Controls.Text	%ActivateInstruction% to activate your first stage. This will activate your engines.	按 %ActivateInstruction% 激活第一级。这会启动你的发动机。		
Career.Contracts.First-orbit.Req.TrackedLaunch.Planet-Droo.Tutorial-Tutorial-FirstOrbit#0.Controls#0.StepText.StepText	Wait until the booster's fuel is depleted. Your next step will happen at around 6km AGL, so relax, but not too much.	等到助推器燃料耗尽。下一步大约会在 6 公里 AGL 时触发，所以放松点，但也别太放松。		
Career.Contracts.First-orbit.Req.TrackedLaunch.Planet-Droo.Tutorial-Tutorial-FirstOrbit#0.Controls#1.Text	%ActivateInstruction% to activate your second stage. Remember to throttle up this time, it's no longer a solid motor.	按 %ActivateInstruction% 激活第二级。这次记得加大油门，它已经不是固体发动机了。		
Career.Contracts.First-orbit.Req.TrackedLaunch.Planet-Droo.Tutorial-Tutorial-FirstOrbit#0.Controls#3.StepText.StepText	Your rocket will now start tilting. This is important because to be in orbit you need to go sideways very fast.	你的火箭现在会开始倾斜。这很重要，因为要进入轨道，你必须横向飞得非常快。		
Career.Contracts.First-orbit.Req.TrackedLaunch.Planet-Droo.Tutorial-Tutorial-FirstOrbit#0.Controls#4.StepText#0.StepText	You can build your rocket to follow a natural gravity turn. This forces it to pitch down as it rises, following an efficient path to orbit without the need for complex guidance systems.	你可以把火箭做成自然重力转向的形式。这会迫使它在上升时逐渐低头，沿高效路径入轨，无需复杂的制导系统。		
Career.Contracts.First-orbit.Req.TrackedLaunch.Planet-Droo.Tutorial-Tutorial-FirstOrbit#0.Controls#4.StepText#1.StepText	Wait until the fuel in this stage is depleted.	等到这一级的燃料耗尽。		
Career.Contracts.First-orbit.Req.TrackedLaunch.Planet-Droo.Tutorial-Tutorial-FirstOrbit#0.Controls#5.Text	%ActivateInstruction% to activate your third stage. Third time is the charm.	按 %ActivateInstruction% 激活第三级。第三次总该成了。		
Career.Contracts.First-orbit.Req.TrackedLaunch.Planet-Droo.Tutorial-Tutorial-FirstOrbit#0.Controls#6.StepText.StepText	Almost there, burn your engine until your Apoapsis passes 150km. The Apoapsis is the highest point in your trajectory.	快到了，持续点火直到远拱点超过 150 公里。远拱点是弹道的最高点。		
Career.Contracts.First-orbit.Req.TrackedLaunch.Planet-Droo.Tutorial-Tutorial-FirstOrbit#0.Controls#7.StepText.StepText	You can speed up game time to reduce waiting. Wait until you're out of the atmosphere to increase game speed.	你可以加快游戏时间来减少等待。等飞出大气层后再提高游戏速度。		
Career.Contracts.First-orbit.Req.TrackedLaunch.Planet-Droo.Tutorial-Tutorial-FirstOrbit#0.Controls#8.StepText.StepText	Your final maneuver can be performed more efficiently closer to your apoapsis, wait until you are just 10 seconds away from it.	最后一次机动在接近远拱点时执行效率更高，等到离远拱点只剩 10 秒时再动手。		
Career.Contracts.First-orbit.Req.TrackedLaunch.Planet-Droo.Tutorial-Tutorial-FirstOrbit#0.Controls#9.StepText#0.StepText	At last, raise your periapsis, the lowest point in the orbit, until it's higher than the atmosphere. This way you won't touch it at any moment, keeping you in orbit.	最后，抬高近拱点——轨道上的最低点，直到高过大气层。这样你在任何时刻都不会碰到大气，从而留在轨道上。		
Career.Contracts.First-orbit.Req.TrackedLaunch.Planet-Droo.Tutorial-Tutorial-FirstOrbit#0.Controls#9.StepText#1.StepText	You need to go faster than 3300 m/s to get to orbital speeds at this height, you are almost there!	在这个高度要达到轨道速度，你需要超过 3300 m/s，就快到了！		
Career.Contracts.First-orbit.Req.TrackedLaunch.Planet-Droo.Tutorial-Tutorial-FirstOrbit#1.Description	Getting fancy now	开始上难度了		
Career.Contracts.First-orbit.Req.TrackedLaunch.Planet-Droo.Tutorial-Tutorial-FirstOrbit#1.Button#0.StepText	Now that you have reached orbit you are going to be asked to get to precise orbits, let's see how that is done.	既然你已经进入轨道，接下来会被要求进入精确轨道，我们来看看该怎么做。		
Career.Contracts.First-orbit.Req.TrackedLaunch.Planet-Droo.Tutorial-Tutorial-FirstOrbit#1.Button#1.StepText	The easiest way to adjust an orbit is to wait until the craft reaches its highest or lowest point and change one thing at a time. To adjust the apoapsis, be at the periapsis, and vice versa.	调整轨道最简单的办法是等载具到达最高点或最低点，每次只改一项。要调整远拱点，就在近拱点操作，反之亦然。		
Career.Contracts.First-orbit.Req.TrackedLaunch.Planet-Droo.Tutorial-Tutorial-FirstOrbit#1.Button#2.StepText	Since your apoapsis went a tad too high, the orbit is very elliptical. Let's make it more circular by waiting until you're at periapsis to lower it.	由于远拱点高了一点，这条轨道非常椭圆。我们等到近拱点再把它降低，让轨道更圆一些。		
Career.Contracts.First-orbit.Req.TrackedLaunch.Planet-Droo.Tutorial-Tutorial-FirstOrbit#1.Controls#0.StepText.StepText	Let's wait for the craft to be close to its periapsis.	等载具靠近近拱点。		
Career.Contracts.The-Jump.Req.TrackedLaunch.Planet-Droo.Description	Be in Droo's SOI	位于 Droo 的影响范围内		
Career.Contracts.The-Jump.Req.TrackedLaunch.Planet-Droo.Tutorial-Tutorial-TheJump.Description	Time to fly! Are you ready?	该起飞了！准备好了吗？		
Career.Contracts.The-Jump.Req.TrackedLaunch.Planet-Droo.Tutorial-Tutorial-TheJump.Location-Droo.Village.RunwayTop.Description	Launch from the Village Runway	从村庄跑道出发		
Career.Contracts.The-Jump.Req.TrackedLaunch.Planet-Droo.Tutorial-Tutorial-TheJump.SurfaceDistance.Controls#0.StepText	Controlling a vehicle's heading is very important. For cars it's typical to use either Yaw or Roll. This one uses Roll, but let's try both.	控制载具的朝向非常重要。车辆通常用偏航或滚转。这辆用的是滚转，但我们两种都试试。		
Career.Contracts.The-Jump.Req.TrackedLaunch.Planet-Droo.Tutorial-Tutorial-TheJump.SurfaceDistance.Controls#1.StepText	Controlling a vehicle's heading is very important. For cars it's typical to use either Yaw or Roll. This one uses Roll, but let's try both.	控制载具的朝向非常重要。车辆通常用偏航或滚转。这辆用的是滚转，但我们两种都试试。		
Career.Contracts.The-Jump.Req.TrackedLaunch.Planet-Droo.Tutorial-Tutorial-TheJump.SurfaceDistance.Controls#2.StepText	As expected Roll did nothing, now look at the front wheels while using Yaw.	果然，滚转没有作用，现在用偏航，注意看前轮。		
Career.Contracts.The-Jump.Req.TrackedLaunch.Planet-Droo.Tutorial-Tutorial-TheJump.SurfaceDistance.Controls#3.StepText	As expected Roll did nothing, now look at the front wheels while using Yaw.	果然，滚转没有作用，现在用偏航，注意看前轮。		
Career.Contracts.The-Jump.Req.TrackedLaunch.Planet-Droo.Tutorial-Tutorial-TheJump.SurfaceDistance.Controls#4.Button.StepText	Sometimes you may find the input of the wheels set to the Throttle, but that doesn't let you reverse the car, let's use Pitch instead.	有时你会发现车轮的输入被设为油门，但那样无法倒车，我们改用俯仰。		
Career.Contracts.The-Jump.Req.TrackedLaunch.Planet-Droo.Tutorial-Tutorial-TheJump.SurfaceDistance.Controls#7.StepText	If you want to have finer control or to leave an input fixed at a defined value then you can use the input sliders.	如果你想要更精细的控制，或想把某个输入固定在指定值，可以使用输入滑块。		
Career.Contracts.The-Jump.Req.TrackedLaunch.Planet-Droo.Location-Droo.Village.RunwayEnd.Description	Roll down to the end of the runway	滑行到跑道尽头		
Career.Contracts.The-Jump.Req.TrackedLaunch.Planet-Droo.Expression.Description	Lift off!	起飞！		
Career.Contracts.The-Jump.Req.TrackedLaunch.Planet-Droo.Expression.SurfaceDistance.Description	Get at least @Distance:distance away before you touch the ground	在触地前至少前进 @Distance:distance		
Career.Contracts.First-Flight.Req.TrackedLaunch.Planet-Droo.Description	Be in Droo's SOI	位于 Droo 的影响范围内		
Career.Contracts.First-Flight.Req.TrackedLaunch.Planet-Droo.Tutorial-Tutorial-FirstFlight#0.Description	Time to fly! Are you ready?	该起飞了！准备好了吗？		
Career.Contracts.First-Flight.Req.TrackedLaunch.Planet-Droo.Tutorial-Tutorial-FirstFlight#0.Location-Droo.Village.RunwayTop.Description	Launch from the Village Runway	从村庄跑道出发		
Career.Contracts.First-Flight.Req.TrackedLaunch.Planet-Droo.Tutorial-Tutorial-FirstFlight#0.Button#0.StepText	In the 'The Jump' tutorial we had you use pitch for the wheels, but now pitch controls the wings, so let's figure out the new controls.	在「跳跃」教程里我们让你用俯仰控制车轮，但现在俯仰控制机翼，所以我们来认识一下新的操作。		
Career.Contracts.First-Flight.Req.TrackedLaunch.Planet-Droo.Tutorial-Tutorial-FirstFlight#0.Button#1.StepText	Look at the wing while using the pitch and roll to see the control surfaces move.	使用俯仰和滚转时看着机翼，观察操纵面如何动作。		
Career.Contracts.First-Flight.Req.TrackedLaunch.Planet-Droo.Tutorial-Tutorial-FirstFlight#0.Controls#0.StepText	The pitch inputs are inverted, pushing down will pitch up, pushing up will pitch down.	俯仰输入是反向的：向下推会抬头，向上推会低头。		
Career.Contracts.First-Flight.Req.TrackedLaunch.Planet-Droo.Tutorial-Tutorial-FirstFlight#0.Controls#1.StepText	The pitch inputs are inverted, pushing down will pitch up, pushing up will pitch down.	俯仰输入是反向的：向下推会抬头，向上推会低头。		
Career.Contracts.First-Flight.Req.TrackedLaunch.Planet-Droo.Tutorial-Tutorial-FirstFlight#0.Controls#2.StepText	The roll inputs let you tilt the plane to a side. This, combined with pitch will let you turn around.	滚转输入能让飞机向一侧倾斜。配合俯仰就能转向。		
Career.Contracts.First-Flight.Req.TrackedLaunch.Planet-Droo.Tutorial-Tutorial-FirstFlight#0.Controls#3.StepText	The roll inputs let you tilt the plane to a side. This, combined with pitch will let you turn around.	滚转输入能让飞机向一侧倾斜。配合俯仰就能转向。		
Career.Contracts.First-Flight.Req.TrackedLaunch.Planet-Droo.Tutorial-Tutorial-FirstFlight#0.Controls#4.StepText	Set your throttle to max to gather speed and try to keep it straight, since you won't have any source of propulsion after take-off.	把油门推到最大以积累速度，并尽量保持直线，因为起飞后你就没有动力来源了。		
Career.Contracts.First-Flight.Req.TrackedLaunch.Planet-Droo.Tutorial-Tutorial-FirstFlight#0.Location-Droo.Village.RunwayEnd.Description	Roll down to the end of the runway	滑行到跑道尽头		
Career.Contracts.First-Flight.Req.TrackedLaunch.Planet-Droo.Tutorial-Tutorial-FirstFlight#0.Controls#5.StepText	Let's kill the wheels so they don't waste battery and engage the autopilot. The autopilot will try to keep you pointing in the desired direction.	我们关掉车轮马达，免得浪费电量，然后开启自动驾驶。自动驾驶会尽量让你保持指向目标方向。		
Career.Contracts.First-Flight.Req.TrackedLaunch.Planet-Droo.Tutorial-Tutorial-FirstFlight#1.Description	It's aerobatics time!	该做特技了！		
Career.Contracts.First-Flight.Req.TrackedLaunch.Planet-Droo.Tutorial-Tutorial-FirstFlight#1.Controls.StepText	Great job! Now it's time to have some fun before you lose your speed, let's do some loops!	干得漂亮！趁速度还没掉，来玩点有趣的，我们翻几个跟头！		
Career.Contracts.Taxi-Driver.Req.TrackedLaunch.Planet-Droo.Description	Be in Droo's SOI	位于 Droo 的影响范围内		
Career.Contracts.First-hike.Req.Planet-Droo.Description	Be in Droo's SOI	位于 Droo 的影响范围内		
Career.Contracts.First-hike.Req.Planet-Droo.PartCount.Description	Remember to bring at least a camera with you.	记得至少带一台相机。		
Career.Contracts.First-hike.Req.Planet-Droo.PartCount.Location-Juno_Peak.Description	Get to the top of the peak.	到达山峰顶端。		
Career.Contracts.Second-hike.Req.TrackedLaunch.Planet-Droo.Description	Be in Droo's SOI	位于 Droo 的影响范围内		
Career.Contracts.Climbing-hike.Req.TrackedLaunch.Planet-Droo.Description	Be in Droo's SOI	位于 Droo 的影响范围内		
Career.Contracts.Packages-mountain.Req.TrackedLaunch.Planet-Droo.Description	Be in Droo's SOI	位于 Droo 的影响范围内		
Career.Contracts.Packages-mountain.Req.TrackedLaunch.Planet-Droo.Any.Description	Bring @Count @Count:plural(payload|payloads) to the Mountain Camp and leave them near the hangars	把 @Count @Count:plural(载荷|载荷) 送到山地营地，放在机库附近		
Career.Contracts.Packages-mountain.Req.TrackedLaunch.Planet-Droo.Any.Template.Repeat.Payload-Payload-Package-@Version.Location-Mountain_Camp.Description	Go to the Mountain Camp to leave the payload.	前往山地营地卸下载荷。		
Career.Contracts.Packages-mountain.Req.TrackedLaunch.Planet-Droo.Any.Template.Repeat.Payload-Payload-Package-@Version.Location-Mountain_Camp.CraftExpression.Description	Make sure the @Name is grounded.	确保 @Name 处于地面。		
Career.Contracts.Record-airspeed.Req.Planet-Droo.Description	Be in Droo's SOI	位于 Droo 的影响范围内		
Career.Contracts.Record-airspeed.Req.Planet-Droo.Expression.Description	Stay under 15km	保持在 15 公里以下		
Career.Contracts.Record-airspeed.Req.Planet-Droo.Expression.Expression.Description	Fly horizontally	水平飞行		
Career.Contracts.Record-airspeed.Req.Planet-Droo.Expression.Expression.Expression.Description	Get to Mach @MachTarget	达到 @MachTarget 马赫		
Career.Contracts.Record-airspeed.Req.Planet-Droo.Expression.Expression.Expression.SurfaceDistance.Description	Hold your speed for 1km	保持速度飞行 1 公里		
Career.Contracts.Record-landspeed.Req.Planet-Droo.Description	Be in Droo's SOI	位于 Droo 的影响范围内		
Career.Contracts.Record-landspeed.Req.Planet-Droo.Expression.Description	Grounded for more than 10 seconds	在地面停留超过 10 秒		
Career.Contracts.Record-landspeed.Req.Planet-Droo.Expression.Expression.Description	Go faster than @SpeedTarget:velocity	速度超过 @SpeedTarget:velocity		
Career.Contracts.Record-landspeed.Req.Planet-Droo.Expression.Expression.Timer.Description	Hold your speed for at least 5 seconds	保持速度至少 5 秒		
Career.Contracts.Record-waterspeed.Req.Planet-Droo.Description	Be in Droo's SOI	位于 Droo 的影响范围内		
Career.Contracts.Record-waterspeed.Req.Planet-Droo.Expression.Description	Touch the water for more than 10 seconds for the speed to count	接触水面超过 10 秒，速度才计入		
Career.Contracts.Record-waterspeed.Req.Planet-Droo.Expression.Expression.Description	Go faster than @SpeedTarget m/s	速度超过 @SpeedTarget m/s		
Career.Contracts.Record-waterspeed.Req.Planet-Droo.Expression.Expression.Timer.Description	Hold your speed for at least 5 seconds	保持速度至少 5 秒		
Career.Contracts.Record-distancedriven.Req.TrackedLaunch.Planet-Droo.Description	Be in Droo's SOI	位于 Droo 的影响范围内		
Career.Contracts.Record-distancedriven.Req.TrackedLaunch.Planet-Droo.Expression.Expression.Description	Stay grounded	保持在地面		
Career.Contracts.Record-distancedriven.Req.TrackedLaunch.Planet-Droo.Expression.SurfaceDistance.Description	Drive around @DistanceTarget:distance	行驶 @DistanceTarget:distance 左右		
Career.Contracts.Record-spacespeed.Req.Planet-Droo.Description	Be in Droo's SOI	位于 Droo 的影响范围内		
Career.Contracts.Record-spacespeed.Req.Planet-Droo.Expression.Description	Reach 80km ASL	到达 80 公里 ASL		
Career.Contracts.Record-spacespeed.Req.Planet-Droo.Expression.Expression.Description	Go faster than @SpeedTarget:velocity	速度超过 @SpeedTarget:velocity		
Career.Contracts.Race-Land-1.Req.TrackedLaunch.Planet-Droo.Description	Be in Droo's SOI	位于 Droo 的影响范围内		
Career.Contracts.Race-Land-1.Req.TrackedLaunch.Planet-Droo.Any.Description	Go to any of the checkpoints for the timer to start.	前往任意一个检查点即可开始计时。		
Career.Contracts.Race-Land-1.Req.TrackedLaunch.Planet-Droo.Any.Location-Juno_Statue.Description	Juno Statue	Juno 雕像		
Career.Contracts.Race-Land-1.Req.TrackedLaunch.Planet-Droo.Any.Location-Dark_Backdoor.Description	Dark Backdoor	幽暗后门		
Career.Contracts.Race-Land-1.Req.TrackedLaunch.Planet-Droo.Any.Location-Upper_Patio.Description	Upper Patio	上层露台		
Career.Contracts.Race-Land-1.Req.TrackedLaunch.Planet-Droo.Any.Location-Maintenance_Hangar.Description	Maintenance Hangar	维修机库		
Career.Contracts.Race-Land-1.Req.TrackedLaunch.Planet-Droo.Timer.Description	Go through all checkpoints in under @Time:time	在 @Time:time 内通过所有检查点		
Career.Contracts.Race-Land-1.Req.TrackedLaunch.Planet-Droo.Timer.Any.Location-Juno_Statue.Description	Juno Statue	Juno 雕像		
Career.Contracts.Race-Land-1.Req.TrackedLaunch.Planet-Droo.Timer.Any.Location-Dark_Backdoor.Description	Dark Backdoor	幽暗后门		
Career.Contracts.Race-Land-1.Req.TrackedLaunch.Planet-Droo.Timer.Any.Location-Upper_Patio.Description	Upper Patio	上层露台		
Career.Contracts.Race-Land-1.Req.TrackedLaunch.Planet-Droo.Timer.Any.Location-Maintenance_Hangar.Description	Maintenance Hangar	维修机库		
Career.Contracts.Race-Land-2.Req.TrackedLaunch.Planet-Droo.Description	Be in Droo's SOI	位于 Droo 的影响范围内		
Career.Contracts.Race-Land-3.Req.TrackedLaunch.Planet-Droo.Description	Be in Droo's SOI	位于 Droo 的影响范围内		
Career.Contracts.Race-Land-3.Req.TrackedLaunch.Planet-Droo.Expression.Description	Stay grounded	保持在地面		
Career.Contracts.Race-Land-4.Req.TrackedLaunch.Planet-Droo.Description	Be in Droo's SOI	位于 Droo 的影响范围内		
Career.Contracts.Race-Land-5.Req.TrackedLaunch.Planet-Droo.Description	Be in Droo's SOI	位于 Droo 的影响范围内		
Career.Contracts.Race-Land-6.Req.TrackedLaunch.Planet-Droo.Description	Be in Droo's SOI	位于 Droo 的影响范围内		
Career.Contracts.Race-Air-0.Req.TrackedLaunch.Planet-Droo.Description	Be in Droo's SOI	位于 Droo 的影响范围内		
Career.Contracts.Race-Air-1.Req.TrackedLaunch.Planet-Droo.Description	Be in Droo's SOI	位于 Droo 的影响范围内		
Career.Contracts.Race-Air-3.Req.TrackedLaunch.Planet-Droo.Description	Be in Droo's SOI	位于 Droo 的影响范围内		
Career.Contracts.Race-Air-4.Req.TrackedLaunch.Planet-Droo.Description	Be in Droo's SOI	位于 Droo 的影响范围内		
Career.Contracts.Droo-Surface-Rescue-1.Req.TrackSpawnedCraft.SpawnedCraftDistance.Description	Get near the crashed SimpleCub	靠近坠毁的 SimpleCub		
Career.Contracts.Droo-Surface-Rescue-1.Req.Payload-@UniqueDroodId1.Description	Rescue the Drood from the damaged craft	从受损载具中救出 Drood		
Career.Contracts.Droo-Surface-Rescue-1.Req.Payload-@UniqueDroodId1.Location-Droo.Village.Description	Bring the Drood back to the Village	把 Drood 带回村庄		
Career.Contracts.Droo-Surface-Rescue-1.Req.Payload-@UniqueDroodId1.Location-Droo.Village.CraftExpression.Description	Return the Drood safely to the surface	把 Drood 安全带回到地表		
Career.Contracts.Droo-Surface-Rescue-1.Req.Payload-@UniqueDroodId1.Location-Droo.Village.Expression.Description	Return the Drood safely to the surface	把 Drood 安全带回到地表		
Career.Contracts.Droo-Surface-Rescue-2.Req.TrackSpawnedCraft.SpawnedCraftDistance.Description	Get near the damaged SimpleOffroad	靠近受损的 SimpleOffroad		
Career.Contracts.Droo-Surface-Rescue-2.Req.Any.Description	Bring the 2 Droods back to the Juno Village	把 2 名 Drood 带回 Juno 村		
Career.Contracts.Droo-Surface-Rescue-2.Req.Any.Template.Repeat.Payload-@PayloadID.Description	Rescue the Drood from the damaged craft	从受损载具中救出 Drood		
Career.Contracts.Droo-Surface-Rescue-2.Req.Any.Template.Repeat.Payload-@PayloadID.Location-Droo.Village.Description	Bring the Drood back to the Village	把 Drood 带回村庄		
Career.Contracts.Droo-Surface-Rescue-2.Req.Any.Template.Repeat.Payload-@PayloadID.Location-Droo.Village.CraftExpression.Description	Return the Drood safely to the surface	把 Drood 安全带回到地表		
Career.Contracts.Droo-Surface-Rescue-2.Req.Any.Template.Repeat.Payload-@PayloadID.Location-Droo.Village.Expression.Description	Return the Drood safely to the surface	把 Drood 安全带回到地表		
Career.Contracts.Location-Ali.Req.TrackedLaunch.Planet-Droo.Description	Be in Droo's SOI	位于 Droo 的影响范围内		
Career.Contracts.Location-Ali.Req.TrackedLaunch.Planet-Droo.Location-Droo.Ali.Description	Get in range of the Ali base	进入 Ali 基地的范围		
Career.Contracts.Location-Ali.Req.TrackedLaunch.Planet-Droo.Location-Droo.Ali.Expression.Description	AltitudeAGL < 150m	离地高度 < 150 米		
Career.Contracts.Location-Ali.Req.TrackedLaunch.Planet-Droo.Location-Droo.Ali.Expression.Expression.Description	Mach > 1	马赫数 > 1		
Career.Contracts.Location-Ali.Req.TrackedLaunch.Planet-Droo.Location-Droo.Ali.Expression.Expression.SurfaceDistance.Description	Fly more than 10km	飞行超过 10 公里		
Career.Contracts.Location-AliPad.Req.TrackedLaunch.Planet-Droo.Description	Be in Droo's SOI	位于 Droo 的影响范围内		
Career.Contracts.Location-AliPad.Req.TrackedLaunch.Planet-Droo.Expression.Description	Lift off to start	起飞即开始		
Career.Contracts.Location-AliPad.Req.TrackedLaunch.Planet-Droo.Timer.Description	You have 5 minutes	你有 5 分钟		
Career.Contracts.Ali-delivery.Req.TrackedLaunch.Planet-Droo.Description	Be in Droo's SOI	位于 Droo 的影响范围内		
Career.Contracts.Ali-delivery.Req.TrackedLaunch.Planet-Droo.Any.Description	Bring 4 crates to the Ali Outpost and leave them near the hangar	把 4 个货箱送到 Ali 前哨站，放在机库附近		
Career.Contracts.Ali-delivery.Req.TrackedLaunch.Planet-Droo.Any.Template.Repeat.Payload-Payload-Package-Fragile.Location-Droo.Ali.Outpost.CraftExpression.Description	Make sure the box is grounded, be careful handling it!	确保箱子落在地面，搬运时小心！		
Career.Contracts.Packages-outpost.Req.TrackedLaunch.Planet-Droo.Description	Be in Droo's SOI	位于 Droo 的影响范围内		
Career.Contracts.Packages-outpost.Req.TrackedLaunch.Planet-Droo.Any.Description	Bring @Count @Count:plural(payload|payloads) to the Outpost and leave them there	把 @Count @Count:plural(载荷|载荷) 送到前哨站并放在那里		
Career.Contracts.Packages-outpost.Req.TrackedLaunch.Planet-Droo.Any.Template.Repeat.Payload-Payload-Package-@Version.Location-Droo.Ali.Outpost.CraftExpression.Description	Make sure the @Name is grounded	确保 @Name 处于地面		
Career.Contracts.Packages-launchpad.Req.TrackedLaunch.Planet-Droo.Description	Be in Droo's SOI	位于 Droo 的影响范围内		
Career.Contracts.Packages-launchpad.Req.TrackedLaunch.Planet-Droo.Location-Droo.Ali.Pad.Description	Hah! How smart! Don't start at the Launchpad	哈！真聪明！不要在发射台起步		
Career.Contracts.Packages-launchpad.Req.TrackedLaunch.Planet-Droo.Any.Description	Bring @Count @Count:plural(payload|payloads) to the Ali Launchpad and leave them there	把 @Count @Count:plural(载荷|载荷) 送到 Ali 发射台并放在那里		
Career.Contracts.Packages-launchpad.Req.TrackedLaunch.Planet-Droo.Any.Template.Repeat.Payload-Payload-Package-@Version.Location-Droo.Ali.Pad.CraftExpression.Description	Return the Drood safely to the surface	把 Drood 安全带回到地表		
Career.Contracts.Packages-launchpad.Req.TrackedLaunch.Planet-Droo.Any.Template.Repeat.Payload-Payload-Package-@Version.Location-Droo.Ali.Pad.Expression.Description	Return the Drood safely to the surface	把 Drood 安全带回到地表		
Career.Contracts.Droo-Surface-Rescue-3.Req.TrackSpawnedCraft.SpawnedCraftDistance.Description	Get near the stranded Private Jet	靠近受困的私人喷气机		
Career.Contracts.Droo-Surface-Rescue-3.Req.Any.Description	Safely transport the 4 Droods to the Ali Base	把 4 名 Drood 安全运送到 Ali 基地		
Career.Contracts.Droo-Surface-Rescue-3.Req.Any.Template.Repeat.Payload-@PayloadID.Description	Rescue the Drood from the damaged craft	从受损载具中救出 Drood		
Career.Contracts.Droo-Surface-Rescue-3.Req.Any.Template.Repeat.Payload-@PayloadID.Location-Droo.Ali.Description	Transport the Drood to the Ali Base	把 Drood 运送到 Ali 基地		
Career.Contracts.Droo-Surface-Rescue-3.Req.Any.Template.Repeat.Payload-@PayloadID.Location-Droo.Ali.CraftExpression.Description	Return the Drood safely to the surface	把 Drood 安全带回到地表		
Career.Contracts.Droo-Surface-Rescue-3.Req.Any.Template.Repeat.Payload-@PayloadID.Location-Droo.Ali.Expression.Description	Return the Drood safely to the surface	把 Drood 安全带回到地表		
Career.Contracts.Droo-Surface-Rescue-4.Req.TrackSpawnedCraft.SpawnedCraftDistance.Description	Get near the damaged Inflatable Motorboat	靠近受损的充气摩托艇		
Career.Contracts.Droo-Surface-Rescue-4.Req.Payload-@UniqueDroodId1.Description	Rescue the Drood from the damaged craft	从受损载具中救出 Drood		
Career.Contracts.Droo-Surface-Rescue-4.Req.Payload-@UniqueDroodId1.Location-Droo.DSC.Port.Description	Transport the Drood to the DSC Port	把 Drood 运送到 DSC 港口		
Career.Contracts.Droo-Surface-Rescue-4.Req.Payload-@UniqueDroodId1.Location-Droo.DSC.Port.CraftExpression.Description	Return the Drood safely to the surface	把 Drood 安全带回到地表		
Career.Contracts.Droo-Surface-Rescue-4.Req.Payload-@UniqueDroodId1.Location-Droo.DSC.Port.Expression.Description	Return the Drood safely to the surface	把 Drood 安全带回到地表		
Career.Contracts.Droo-Surface-Rescue-5.Req.TrackSpawnedCraft.SpawnedCraftDistance.Description	Get near the damaged Polar Exploration Vehicle	靠近受损的极地探险车		
Career.Contracts.Droo-Surface-Rescue-5.Req.Any.Description	Safely transport the 5 Droods to the Ali Base	把 5 名 Drood 安全运送到 Ali 基地		
Career.Contracts.Droo-Surface-Rescue-5.Req.Any.Template.Repeat.Payload-@PayloadID.Description	Rescue the Drood from the damaged craft	从受损载具中救出 Drood		
Career.Contracts.Droo-Surface-Rescue-5.Req.Any.Template.Repeat.Payload-@PayloadID.Location-Droo.Ali.Description	Transport the Drood to the Ali Base	把 Drood 运送到 Ali 基地		
Career.Contracts.Droo-Surface-Rescue-5.Req.Any.Template.Repeat.Payload-@PayloadID.Location-Droo.Ali.CraftExpression.Description	Return the Drood safely to the surface	把 Drood 安全带回到地表		
Career.Contracts.Droo-Surface-Rescue-5.Req.Any.Template.Repeat.Payload-@PayloadID.Location-Droo.Ali.Expression.Description	Return the Drood safely to the surface	把 Drood 安全带回到地表		
Career.Contracts.Droo-Surface-Rescue-6.Req.TrackSpawnedCraft.SpawnedCraftDistance.Description	Get near the stranded SimpleRCV	靠近受困的 SimpleRCV		
Career.Contracts.Droo-Surface-Rescue-6.Req.Any.Description	Safely transport 6 Drood from the stranded craft to the DSC Port	把 6 名 Drood 从受困载具安全运送到 DSC 港口		
Career.Contracts.Droo-Surface-Rescue-6.Req.Any.Template.Repeat.Payload-@PayloadID.Description	Rescue the Drood from the damaged craft	从受损载具中救出 Drood		
Career.Contracts.Droo-Surface-Rescue-6.Req.Any.Template.Repeat.Payload-@PayloadID.Location-Droo.DSC.Port.Description	Transport the Drood to the DSC Port	把 Drood 运送到 DSC 港口		
Career.Contracts.Droo-Surface-Rescue-6.Req.Any.Template.Repeat.Payload-@PayloadID.Location-Droo.DSC.Port.CraftExpression.Description	Return the Drood safely to the surface	把 Drood 安全带回到地表		
Career.Contracts.Droo-Surface-Rescue-6.Req.Any.Template.Repeat.Payload-@PayloadID.Location-Droo.DSC.Port.Expression.Description	Return the Drood safely to the surface	把 Drood 安全带回到地表		
Career.Contracts.Droo-Orbit-Rescue-1.Req.TrackSpawnedCraft.SpawnedCraftDistance.Description	Get near the stranded craft	靠近受困的载具		
Career.Contracts.Droo-Orbit-Rescue-1.Req.Payload-@UniqueDroodId1.Description	Rescue the Drood from the stranded craft	从受困载具中救出 Drood		
Career.Contracts.Droo-Orbit-Rescue-1.Req.Payload-@UniqueDroodId1.Planet-Droo.Description	Bring the Drood down to Droo's surface	把 Drood 带回 Droo 地表		
Career.Contracts.Droo-Orbit-Rescue-1.Req.Payload-@UniqueDroodId1.Planet-Droo.CraftExpression.Description	Return the Drood safely to the surface	把 Drood 安全带回到地表		
Career.Contracts.Droo-Orbit-Rescue-1.Req.Payload-@UniqueDroodId1.Planet-Droo.Expression.Description	Return the Drood safely to the surface	把 Drood 安全带回到地表		
Career.Contracts.Droo-Orbit-Rescue-2.Req.TrackSpawnedCraft.SpawnedCraftDistance.Description	Get near the stranded craft	靠近受困的载具		
Career.Contracts.Droo-Orbit-Rescue-2.Req.Any.Description	Bring 2 Droods from the stranded craft back to the surface of Droo	把 2 名 Drood 从受困载具带回 Droo 地表		
Career.Contracts.Droo-Orbit-Rescue-2.Req.Any.Template.Repeat.Payload-@PayloadID.Description	Rescue the Drood from the stranded craft	从受困载具中救出 Drood		
Career.Contracts.Droo-Orbit-Rescue-2.Req.Any.Template.Repeat.Payload-@PayloadID.Planet-Droo.Description	Bring the Drood down to Droo's surface	将 Drood 带回 Droo 表面		
Career.Contracts.Droo-Orbit-Rescue-2.Req.Any.Template.Repeat.Payload-@PayloadID.Planet-Droo.CraftExpression.Description	Return the Drood safely to the surface	将 Drood 安全送回表面		
Career.Contracts.Droo-Orbit-Rescue-2.Req.Any.Template.Repeat.Payload-@PayloadID.Planet-Droo.Expression.Description	Return the Drood safely to the surface	将 Drood 安全送回表面		
Career.Contracts.Droo-Orbit-Rescue-3.Req.TrackSpawnedCraft.SpawnedCraftDistance.Description	Get near the stranded craft	靠近受困载具		
Career.Contracts.Droo-Orbit-Rescue-3.Req.Any.Description	Bring 3 Droods from the stranded craft back to the surface of Droo	将 3 名 Drood 从受困载具送回 Droo 表面		
Career.Contracts.Droo-Orbit-Rescue-3.Req.Any.Template.Repeat.Payload-@PayloadID.Description	Rescue the Drood from the stranded craft	从受困载具中救出 Drood		
Career.Contracts.Droo-Orbit-Rescue-3.Req.Any.Template.Repeat.Payload-@PayloadID.Planet-Droo.Description	Bring the Drood down to Droo's surface	将 Drood 带回 Droo 表面		
Career.Contracts.Droo-Orbit-Rescue-3.Req.Any.Template.Repeat.Payload-@PayloadID.Planet-Droo.CraftExpression.Description	Return the Drood safely to the surface	将 Drood 安全送回表面		
Career.Contracts.Droo-Orbit-Rescue-3.Req.Any.Template.Repeat.Payload-@PayloadID.Planet-Droo.Expression.Description	Return the Drood safely to the surface	将 Drood 安全送回表面		
Career.Contracts.Luna-Orbit-Rescue-1.Req.TrackSpawnedCraft.SpawnedCraftDistance.Description	Get near the stranded craft	靠近受困载具		
Career.Contracts.Luna-Orbit-Rescue-1.Req.Payload-@UniqueDroodId1.Description	Rescue the Drood from the stranded craft	从受困载具中救出 Drood		
Career.Contracts.Luna-Orbit-Rescue-1.Req.Payload-@UniqueDroodId1.Planet-Droo.Description	Bring the Drood down to Droo's surface	将 Drood 带回 Droo 表面		
Career.Contracts.Luna-Orbit-Rescue-1.Req.Payload-@UniqueDroodId1.Planet-Droo.CraftExpression.Description	Return the Drood safely to the surface	将 Drood 安全送回表面		
Career.Contracts.Luna-Orbit-Rescue-1.Req.Payload-@UniqueDroodId1.Planet-Droo.Expression.Description	Return the Drood safely to the surface	将 Drood 安全送回表面		
Career.Contracts.Luna-Orbit-Rescue-2.Req.TrackSpawnedCraft.SpawnedCraftDistance.Description	Get near the stranded craft	靠近受困载具		
Career.Contracts.Luna-Orbit-Rescue-2.Req.Any.Description	Bring 2 Droods from the stranded craft back to the surface of Droo	将 2 名 Drood 从受困载具送回 Droo 表面		
Career.Contracts.Luna-Orbit-Rescue-2.Req.Any.Template.Repeat.Payload-@PayloadID.Description	Rescue the Drood from the stranded craft	从受困载具中救出 Drood		
Career.Contracts.Luna-Orbit-Rescue-2.Req.Any.Template.Repeat.Payload-@PayloadID.Planet-Droo.Description	Bring the Drood down to Droo's surface	将 Drood 带回 Droo 表面		
Career.Contracts.Luna-Orbit-Rescue-2.Req.Any.Template.Repeat.Payload-@PayloadID.Planet-Droo.CraftExpression.Description	Return the Drood safely to the surface	将 Drood 安全送回表面		
Career.Contracts.Luna-Orbit-Rescue-2.Req.Any.Template.Repeat.Payload-@PayloadID.Planet-Droo.Expression.Description	Return the Drood safely to the surface	将 Drood 安全送回表面		
Career.Contracts.Luna-Orbit-Rescue-3.Req.TrackSpawnedCraft.SpawnedCraftDistance.Description	Get near the stranded craft	靠近受困载具		
Career.Contracts.Luna-Orbit-Rescue-3.Req.Any.Description	Bring 3 Droods from the stranded craft back to the surface of Droo	将 3 名 Drood 从受困载具送回 Droo 表面		
Career.Contracts.Luna-Orbit-Rescue-3.Req.Any.Template.Repeat.Payload-@PayloadID.Description	Rescue the Drood from the stranded craft	从受困载具中救出 Drood		
Career.Contracts.Luna-Orbit-Rescue-3.Req.Any.Template.Repeat.Payload-@PayloadID.Planet-Droo.Description	Bring the Drood down to Droo's surface	将 Drood 带回 Droo 表面		
Career.Contracts.Luna-Orbit-Rescue-3.Req.Any.Template.Repeat.Payload-@PayloadID.Planet-Droo.CraftExpression.Description	Return the Drood safely to the surface	将 Drood 安全送回表面		
Career.Contracts.Luna-Orbit-Rescue-3.Req.Any.Template.Repeat.Payload-@PayloadID.Planet-Droo.Expression.Description	Return the Drood safely to the surface	将 Drood 安全送回表面		
Career.Contracts.Luna-Surface-Rescue-1.Req.TrackSpawnedCraft.SpawnedCraftDistance.Description	Get near the Stranded Luna Module	靠近受困的 Luna 模块		
Career.Contracts.Luna-Surface-Rescue-1.Req.Payload-@UniqueDroodId1.Description	Rescue the Drood from the stranded craft	从受困载具中救出 Drood		
Career.Contracts.Luna-Surface-Rescue-1.Req.Payload-@UniqueDroodId1.Planet-Droo.Description	Bring the Drood down to Droo's surface	将 Drood 带回 Droo 表面		
Career.Contracts.Luna-Surface-Rescue-1.Req.Payload-@UniqueDroodId1.Planet-Droo.CraftExpression.Description	Return the Drood safely to the surface	将 Drood 安全送回表面		
Career.Contracts.Luna-Surface-Rescue-1.Req.Payload-@UniqueDroodId1.Planet-Droo.Expression.Description	Return the Drood safely to the surface	将 Drood 安全送回表面		
Career.Contracts.Luna-Surface-Rescue-2.Req.TrackSpawnedCraft.SpawnedCraftDistance.Description	Get near the Stranded LunaTown Base	靠近受困的 LunaTown 基地		
Career.Contracts.Luna-Surface-Rescue-2.Req.Any.Description	Safely transport 2 Droods from the stranded craft back to Droo	将 2 名 Drood 从受困载具安全运回 Droo		
Career.Contracts.Luna-Surface-Rescue-2.Req.Any.Template.Repeat.Payload-@PayloadID.Description	Return the Drood to Droo	将 Drood 送回 Droo		
Career.Contracts.Luna-Surface-Rescue-2.Req.Any.Template.Repeat.Payload-@PayloadID.Planet-Droo.Description	Bring the Drood down to Droo's surface	将 Drood 带回 Droo 表面		
Career.Contracts.Luna-Surface-Rescue-2.Req.Any.Template.Repeat.Payload-@PayloadID.Planet-Droo.CraftExpression.Description	Return the Drood safely to the surface	将 Drood 安全送回表面		
Career.Contracts.Luna-Surface-Rescue-2.Req.Any.Template.Repeat.Payload-@PayloadID.Planet-Droo.Expression.Description	Return the Drood safely to the surface	将 Drood 安全送回表面		
Career.Contracts.Luna-Surface-Rescue-3.Req.TrackSpawnedCraft.SpawnedCraftDistance.Description	Get near the Stranded Drood Landing System	靠近受困的 Drood 着陆系统		
Career.Contracts.Luna-Surface-Rescue-3.Req.Any.Description	Safely transport 3 Droods from the stranded craft back to Droo	将 3 名 Drood 从受困载具安全运回 Droo		
Career.Contracts.Luna-Surface-Rescue-3.Req.Any.Template.Repeat.Payload-@PayloadID.Description	Return the Drood to Droo	将 Drood 送回 Droo		
Career.Contracts.Luna-Surface-Rescue-3.Req.Any.Template.Repeat.Payload-@PayloadID.Planet-Droo.Description	Bring the Drood down to Droo's surface	将 Drood 带回 Droo 表面		
Career.Contracts.Luna-Surface-Rescue-3.Req.Any.Template.Repeat.Payload-@PayloadID.Planet-Droo.CraftExpression.Description	Return the Drood safely to the surface	将 Drood 安全送回表面		
Career.Contracts.Luna-Surface-Rescue-3.Req.Any.Template.Repeat.Payload-@PayloadID.Planet-Droo.Expression.Description	Return the Drood safely to the surface	将 Drood 安全送回表面		
Career.Contracts.Removal.Req.TrackSpawnedCraft.CraftEvent-Destroyed.Description	Destroy the debris by any means	用任意方式摧毁残骸		
Career.Contracts.Location-Port.Req.Planet-Droo.Description	Be in Droo's SOI	位于 Droo 的影响范围内		
Career.Contracts.Location-Port.Req.Planet-Droo.Location-Droo.DSC.Port.Description	Go to the bay in front of the port	前往港口前方的海湾		
Career.Contracts.Location-Port.Req.Planet-Droo.Location-Droo.DSC.Port.Expression.Description	Don't hit the water faster than 20m/s	入水速度不得超过 20m/s		
Career.Contracts.Location-Port.Req.Planet-Droo.Location-Droo.DSC.Port.Expression.Expression.Description	Were you going over 20m/s?	你的速度超过 20m/s 了吗？		
Career.Contracts.Location-DSC Short runway.Req.TrackedLaunch.Planet-Droo.Description	Be in Droo's SOI	位于 Droo 的影响范围内		
Career.Contracts.Location-DSC Short runway.Req.TrackedLaunch.Planet-Droo.PartCount.Description	Bring two droods aboard	带两名 Drood 登船		
Career.Contracts.Location-DSC Short runway.Req.TrackedLaunch.Planet-Droo.PartCount.Expression.Description	Get to Mach 3	达到 3 马赫		
Career.Contracts.Location-DSC Short runway.Req.TrackedLaunch.Planet-Droo.PartCount.Location-Droo.Village.RunwayEnd.Description	Approach the village runway from the bottom of the ramp	从坡道底端接近村庄跑道		
Career.Contracts.Location-DSC Short runway.Req.TrackedLaunch.Planet-Droo.PartCount.Any.Expression.Description	Slow down under 10m/s before you enter the parking area	进入停机区前减速至 10m/s 以下		
Career.Contracts.Location-DSC Short runway.Req.TrackedLaunch.Planet-Droo.PartCount.Any.Location-Droo.Village.RunwayTop.Description	Get to the end of the runway	到达跑道尽头		
Career.Contracts.Location-DSC Large runway.Req.TrackedLaunch.Planet-Droo.Description	Be in Droo's SOI	位于 Droo 的影响范围内		
Career.Contracts.Location-DSC Large runway.Req.TrackedLaunch.Planet-Droo.Payload-Payload-Package-Supplies.Location-Droo.GS.Rainforest.Description	Go to the Hippolyta Ground Station	前往 Hippolyta 地面站		
Career.Contracts.Location-DSC Large runway.Req.TrackedLaunch.Planet-Droo.Payload-Payload-Package-Supplies.Location-Droo.GS.Rainforest.CraftExpression.Description	Leave the payload in the ground	将载荷留在地面		
Career.Contracts.Location-DSC Large runway.Req.TrackedLaunch.Planet-Droo.Payload-Payload-Package-Supplies.Location-Droo.GS.Rainforest.CraftExpression.CraftExpression.Description	Detach everything from the container	从容器上分离所有部件		
Career.Contracts.Location-Launchpad.Req.TrackedLaunch.Planet-Droo.Description	Be in Droo's SOI	位于 Droo 的影响范围内		
Career.Contracts.Location-Launchpad.Req.TrackedLaunch.Planet-Droo.Expression.Description	Don't touch the water	不要接触水面		
Career.Contracts.Location-Launchpad.Req.TrackedLaunch.Planet-Droo.Expression.Location-Droo.DroneShip.Description	Aim for the center of the Drone Ship	瞄准无人船中心		
Career.Contracts.Location-Launchpad.Req.TrackedLaunch.Planet-Droo.Expression.Location-Droo.DroneShip.Expression.Description	Hold on grounded for 5 seconds	保持接地 5 秒		
Career.Contracts.Location-Large-Pad.Req.TrackedLaunch.Expression.Description	Craft mass always above @Mass:mass	载具质量始终高于 @Mass:mass		
Career.Contracts.Location-Lunapad.Req.TrackedLaunch.Planet-Droo.Description	Be in Droo's SOI	位于 Droo 的影响范围内		
Career.Contracts.Location-Lunapad.Req.TrackedLaunch.Planet-Luna.Description	Go to Luna	前往 Luna		
Career.Contracts.Location-Lunapad.Req.TrackedLaunch.Planet-Luna.Location-Luna.Base.Description	Get to the base on Luna	到达 Luna 上的基地		
Career.Contracts.Location-Lunapad.Req.TrackedLaunch.Planet-Luna.Expression#0.Description	Stay grounded for 3 seconds	保持接地 3 秒		
Career.Contracts.Location-Lunapad.Req.TrackedLaunch.Planet-Luna.Expression#1.Description	This is about driving, don't cheat!	这可是驾驶挑战，别作弊！		
Career.Contracts.Location-Lunapad.Req.TrackedLaunch.Planet-Luna.Expression#1.Location-Luna.Base.Description	Get back to the base on Luna	返回 Luna 上的基地		
Career.Contracts.Location-Lunapad.Req.TrackedLaunch.Planet-Luna.Expression#1.Expression.Description	Stay grounded	保持接地		
Career.Contracts.Location-Lunapad.Req.TrackedLaunch.Planet-Luna.Expression#1.Location-Crater_Center.Description	Leave the crater by getting at least 35km away from its center	离开陨石坑：距其中心至少 35km		
Career.Contracts.GrandTour.Req.TrackedLaunch.Payload-Payload-Probe-4.Description	Launch with the Traveler Probe	携带旅行者探测器发射		
Career.Contracts.GrandTour.Req.TrackedLaunch.Payload-Payload-Probe-4.Any.Description	Fly by at least 3 different planets	飞掠至少 3 颗不同行星		
Career.Contracts.GrandTour.Req.TrackedLaunch.Payload-Payload-Probe-4.Planet-Juno.Description	Get in orbit of Juno	进入 Juno 的轨道		
Career.Contracts.GrandTour.Req.TrackedLaunch.Payload-Payload-Probe-4.Planet-Juno.CraftExpression.Description	Bring your Apoapsis out of the Juno System	将远拱点移出 Juno 星系		
Career.Contracts.GrandTour.Req.TrackedLaunch.Payload-Payload-Probe-4.Planet-Juno.CraftExpression.CraftExpression.Description	Release the Traveler	释放旅行者		
Career.Contracts.GrandTour.Req.TrackedLaunch.Payload-Payload-Probe-4.Tutorial.Description	Godspeed Traveler of stars!	一路顺风，星际旅行者！		
Career.Contracts.GrandTour.Req.TrackedLaunch.Payload-Payload-Probe-4.Tutorial.Button.StepText	This is a present from a small distant world, a token of our sounds, our science, our images, our music, our thoughts, and our feelings. We are trying to survive our time so we may live into yours. We hope someday, having solved the problems we face, to join a community of galactic civilizations. This record represents our hope, our determination, and our good will in a vast and awesome universe.	这是一份来自遥远小世界的礼物，是我们声音、科学、影像、音乐、思想与情感的见证。我们正努力延续自己的时代，以期有朝一日进入你们的时代。我们希望有一天，在解决了我们面临的种种问题之后，能加入银河文明共同体。这张唱片承载着我们在浩瀚壮丽宇宙中的希望、决心与善意。		
Career.Contracts.SPE-Radix.Req.TrackedLaunch.Planet-Droo.Description	Be in Droo's SOI	位于 Droo 的影响范围内		
Career.Contracts.SPE-Radix.Req.TrackedLaunch.Planet-Droo.PartCount-Droo-Station-0.Description	Launch with the Radix Module	携带 Radix 模块发射		
Career.Contracts.SPE-Radix.Req.TrackedLaunch.Planet-Droo.PartCount-Droo-Station-0.Orbit.Orbit.Orbit.PartCount-Droo-Station-0.Description	Detach the Radix Module	分离 Radix 模块		
Career.Contracts.SPE-Radix.Req.TrackedLaunch.Planet-Droo.Expression.Description	Deorbit your stage by bringing it back into the atmosphere	将分级带回大气层以使其离轨		
Career.Contracts.SPE-Expansion.Req.TrackedLaunch.Planet-Droo.Description	Be in Droo's SOI	位于 Droo 的影响范围内		
Career.Contracts.SPE-Expansion.Req.TrackedLaunch.Planet-Droo.PartCount-Droo-Station-1.Description	Launch with the Expansion Module	携带扩展模块发射		
Career.Contracts.SPE-Expansion.Req.TrackedLaunch.Planet-Droo.PartCount-Droo-Station-1.TrackSpawnedCraft.SpawnedCraftDistance.Description	Approach the Space Port Esperanza	接近 Esperanza 太空港		
Career.Contracts.SPE-Expansion.Req.TrackedLaunch.Planet-Droo.PartCount-Droo-Station-1.CraftEvent-Docked.Description	Dock to the Radix Module	与 Radix 模块对接		
Career.Contracts.SPE-Expansion.Req.TrackedLaunch.Planet-Droo.PartCount-Droo-Station-1.PartCount-Droo-Station-1.Description	Detach the module	分离模块		
Career.Contracts.SPE-Expansion.Req.TrackedLaunch.Planet-Droo.Expression.Description	Deorbit your stage by bringing it back into the atmosphere	将分级带回大气层以使其离轨		
Career.Contracts.SPE-Docking.Req.TrackedLaunch.Planet-Droo.Description	Be in Droo's SOI	位于 Droo 的影响范围内		
Career.Contracts.SPE-Docking.Req.TrackedLaunch.Planet-Droo.PartCount-Droo-Station-Module-1.Description	Launch with the Nexus Cross	携带 Nexus Cross 发射		
Career.Contracts.SPE-Docking.Req.TrackedLaunch.Planet-Droo.PartCount-Droo-Station-Module-1.TrackSpawnedCraft.SpawnedCraftDistance.Description	Approach the Space Port Esperanza	接近 Esperanza 太空港		
Career.Contracts.SPE-Docking.Req.TrackedLaunch.Planet-Droo.PartCount-Droo-Station-Module-1.CraftEvent-Docked.Description	Dock to the Space Port Esperanza	与 Esperanza 太空港对接		
Career.Contracts.SPE-Docking.Req.TrackedLaunch.Planet-Droo.PartCount-Droo-Station-Module-1.PartCount-Droo-Station-Module-1.Description	Detach the module	分离模块		
Career.Contracts.SPE-Docking.Req.TrackedLaunch.Planet-Droo.Expression.Description	Deorbit your stage by bringing it back into the atmosphere	将分级带回大气层以使其离轨		
Career.Contracts.SPE-Habitation.Req.TrackedLaunch.Planet-Droo.Description	Be in Droo's SOI	位于 Droo 的影响范围内		
Career.Contracts.SPE-Habitation.Req.TrackedLaunch.Planet-Droo.PartCount-Droo-Station-Module-2.Description	Launch with the Habitation Module	携带居住舱发射		
Career.Contracts.SPE-Habitation.Req.TrackedLaunch.Planet-Droo.PartCount-Droo-Station-Module-2.TrackSpawnedCraft.SpawnedCraftDistance.Description	Approach the Space Port Esperanza	接近 Esperanza 太空港		
Career.Contracts.SPE-Habitation.Req.TrackedLaunch.Planet-Droo.PartCount-Droo-Station-Module-2.CraftEvent-Docked.Description	Dock to the Space Port Esperanza	与 Esperanza 太空港对接		
Career.Contracts.SPE-Habitation.Req.TrackedLaunch.Planet-Droo.PartCount-Droo-Station-Module-2.PartCount-Droo-Station-Module-2.Description	Detach the module	分离模块		
Career.Contracts.SPE-Habitation.Req.TrackedLaunch.Planet-Droo.Expression.Description	Deorbit your stage by bringing it back into the atmosphere	将分级带回大气层以使其离轨		
Career.Contracts.SPE-Cupola.Req.TrackedLaunch.Planet-Droo.Description	Be in Droo's SOI	位于 Droo 的影响范围内		
Career.Contracts.SPE-Cupola.Req.TrackedLaunch.Planet-Droo.PartCount-Droo-Station-2.Description	Launch with the Cupola Module	携带穹顶舱发射		
Career.Contracts.SPE-Cupola.Req.TrackedLaunch.Planet-Droo.PartCount-Droo-Station-2.TrackSpawnedCraft.SpawnedCraftDistance.Description	Approach the Space Port Esperanza	接近 Esperanza 太空港		
Career.Contracts.SPE-Cupola.Req.TrackedLaunch.Planet-Droo.PartCount-Droo-Station-2.CraftEvent-Docked.Description	Dock to the Space Port Esperanza	与 Esperanza 太空港对接		
Career.Contracts.SPE-Cupola.Req.TrackedLaunch.Planet-Droo.PartCount-Droo-Station-2.PartCount-Droo-Station-2.Description	Detach the module	分离模块		
Career.Contracts.SPE-Cupola.Req.TrackedLaunch.Planet-Droo.Expression.Description	Deorbit your stage by bringing it back into the atmosphere	将分级带回大气层以使其离轨		
Career.Contracts.SPE-Solar.Req.TrackedLaunch.Planet-Droo.Description	Be in Droo's SOI	位于 Droo 的影响范围内		
Career.Contracts.SPE-Solar.Req.TrackedLaunch.Planet-Droo.PartCount-Droo-Station-Module-4.Description	Launch with the Solar Array	携带太阳能阵列发射		
Career.Contracts.SPE-Solar.Req.TrackedLaunch.Planet-Droo.PartCount-Droo-Station-Module-4.TrackSpawnedCraft.SpawnedCraftDistance.Description	Approach the Space Port Esperanza	接近 Esperanza 太空港		
Career.Contracts.SPE-Solar.Req.TrackedLaunch.Planet-Droo.PartCount-Droo-Station-Module-4.CraftEvent-Docked.Description	Dock to the Space Port Esperanza	与 Esperanza 太空港对接		
Career.Contracts.SPE-Solar.Req.TrackedLaunch.Planet-Droo.PartCount-Droo-Station-Module-4.PartCount-Droo-Station-Module-4.Description	Detach the module	分离模块		
Career.Contracts.SPE-Solar.Req.TrackedLaunch.Planet-Droo.Expression.Description	Deorbit your stage by bringing it back into the atmosphere	将分级带回大气层以使其离轨		
Career.Contracts.SPE-Structure.Req.TrackedLaunch.Planet-Droo.Description	Be in Droo's SOI	位于 Droo 的影响范围内		
Career.Contracts.SPE-Structure.Req.TrackedLaunch.Planet-Droo.PartCount-@ID.Description	Launch with the @Name	携带 @Name 发射		
Career.Contracts.SPE-Structure.Req.TrackedLaunch.Planet-Droo.PartCount-@ID.TrackSpawnedCraft.SpawnedCraftDistance.Description	Approach the Space Port Esperanza	接近 Esperanza 太空港		
Career.Contracts.SPE-Structure.Req.TrackedLaunch.Planet-Droo.PartCount-@ID.CraftEvent-Docked.Description	Dock to the Space Port Esperanza	与 Esperanza 太空港对接		
Career.Contracts.SPE-Structure.Req.TrackedLaunch.Planet-Droo.PartCount-@ID.PartCount-@ID.Description	Detach the module	分离模块		
Career.Contracts.SPE-Structure.Req.TrackedLaunch.Planet-Droo.Expression.Description	Deorbit your stage by bringing it back into the atmosphere	将分级带回大气层以使其离轨		
Career.Contracts.SPE-Fuel-Core.Req.TrackedLaunch.Planet-Droo.Description	Be in Droo's SOI	位于 Droo 的影响范围内		
Career.Contracts.SPE-Fuel-Core.Req.TrackedLaunch.Planet-Droo.PartCount-Droo-Station-Fuel-0.Description	Launch with the Fuel Depot Core	携带燃料库核心发射		
Career.Contracts.SPE-Fuel-Core.Req.TrackedLaunch.Planet-Droo.PartCount-Droo-Station-Fuel-0.TrackSpawnedCraft.SpawnedCraftDistance.Description	Approach the Space Port Esperanza	接近 Esperanza 太空港		
Career.Contracts.SPE-Fuel-Core.Req.TrackedLaunch.Planet-Droo.PartCount-Droo-Station-Fuel-0.CraftEvent-Docked.Description	Dock to the Space Port Esperanza	与 Esperanza 太空港对接		
Career.Contracts.SPE-Fuel-Core.Req.TrackedLaunch.Planet-Droo.PartCount-Droo-Station-Fuel-0.PartCount-Droo-Station-Fuel-0.Description	Detach the module	分离模块		
Career.Contracts.SPE-Fuel-Core.Req.TrackedLaunch.Planet-Droo.Expression.Description	Deorbit your stage by bringing it back into the atmosphere	将分级带回大气层以使其离轨		
Career.Contracts.SPE-Fuel-Ballz.Req.TrackedLaunch.Planet-Droo.Description	Be in Droo's SOI	位于 Droo 的影响范围内		
Career.Contracts.SPE-Fuel-Ballz.Req.TrackedLaunch.Planet-Droo.PartCount-Droo-Station-Fuel-@Module.Description	Launch with the @Name Fuel Sphere	携带 @Name 燃料球发射		
Career.Contracts.SPE-Fuel-Ballz.Req.TrackedLaunch.Planet-Droo.PartCount-Droo-Station-Fuel-@Module.TrackSpawnedCraft.SpawnedCraftDistance.Description	Approach the Space Port Esperanza	接近 Esperanza 太空港		
Career.Contracts.SPE-Fuel-Ballz.Req.TrackedLaunch.Planet-Droo.PartCount-Droo-Station-Fuel-@Module.CraftEvent-Docked.Description	Dock to the Space Port Esperanza	与 Esperanza 太空港对接		
Career.Contracts.SPE-Fuel-Ballz.Req.TrackedLaunch.Planet-Droo.PartCount-Droo-Station-Fuel-@Module.PartCount-Droo-Station-Fuel-@Module.Description	Detach the Fuel Sphere	分离燃料球		
Career.Contracts.SPE-Fuel-Ballz.Req.TrackedLaunch.Planet-Droo.Expression.Description	Deorbit your stage by bringing it back into the atmosphere	将分级带回大气层以使其离轨		
Career.Contracts.Race-Air-2.Req.TrackedLaunch.Planet-Droo.Description	Be in Droo's SOI	位于 Droo 的影响范围内		
Career.Contracts.Packages-research.Req.TrackedLaunch.Planet-Droo.Description	Be in Droo's SOI	位于 Droo 的影响范围内		
Career.Contracts.Packages-research.Req.TrackedLaunch.Planet-Droo.Any.Description	Bring @Count @Count:plural(payload|payloads) to the Research Station and leave them near the building	将 @Count @Count:plural(载荷|载荷) 带到研究站并留在建筑附近		
Career.Contracts.Packages-research.Req.TrackedLaunch.Planet-Droo.Any.Template.Repeat.Payload-Payload-Package-@Version.Location-Research_Station.Description	Go to the Research Station to leave the payload	前往研究站卸下载荷		
Career.Contracts.Packages-research.Req.TrackedLaunch.Planet-Droo.Any.Template.Repeat.Payload-Payload-Package-@Version.Location-Research_Station.CraftExpression.Description	Make sure the @Name is grounded	确保 @Name 已接地		
Career.Contracts.First-Sample.Req.TrackedLaunch.Planet-Droo.Description	Be in Droo's SOI	位于 Droo 的影响范围内		
Career.Contracts.Explorer.Req.TrackedLaunch.Planet-Droo.Description	Be in Droo's SOI	位于 Droo 的影响范围内		
Career.Contracts.Explorer.Req.TrackedLaunch.Planet-Droo.Any.Template.Repeat.Location-Sample-@Index.Description	Go to the designated location to inspect it	前往指定地点进行勘察		
Career.Contracts.Delivery-ocean.Req.Payload-Payload-Package-Vehicle.Planet-Droo.Description	Be in Droo's SOI	位于 Droo 的影响范围内		
Career.Contracts.Delivery-ocean.Req.Payload-Payload-Package-Vehicle.Planet-Droo.Location-Delivery_Location.Description	Go to the location to leave the container	前往指定地点卸下容器		
Career.Contracts.Delivery-ocean.Req.Payload-Payload-Package-Vehicle.Planet-Droo.Location-Delivery_Location.CraftExpression.Description	Leave the payload in the water	将载荷留在水中		
Career.Contracts.Delivery-ocean.Req.Payload-Payload-Package-Vehicle.Planet-Droo.Location-Delivery_Location.CraftExpression.CraftExpression.Description	Detach everything from the container	从容器上分离所有部件		
Career.Contracts.Delivery-gs.Req.Payload-Payload-Package-Supplies.Planet-Droo.Description	Be in Droo's SOI	位于 Droo 的影响范围内		
Career.Contracts.Delivery-gs.Req.Payload-Payload-Package-Supplies.Planet-Droo.Location-Ground_Station.Description	Go to the Ground Station to leave the payload	前往地面站卸下载荷		
Career.Contracts.Delivery-gs.Req.Payload-Payload-Package-Supplies.Planet-Droo.Location-Ground_Station.CraftExpression.Description	Leave the payload in the ground	将载荷留在地面		
Career.Contracts.Delivery-gs.Req.Payload-Payload-Package-Supplies.Planet-Droo.Location-Ground_Station.CraftExpression.CraftExpression.Description	Detach everything from the container	从容器上分离所有部件		
Career.Contracts.Droo-orbit.Req.TrackedLaunch.Expression.Description	Start grounded	以接地状态开始		
Career.Contracts.Droo-orbit.Req.TrackedLaunch.Planet-Droo.Description	Be in Droo's SOI	位于 Droo 的影响范围内		
Career.Contracts.Droo-orbit.Req.TrackedLaunch.Planet-Droo.Orbit.Orbit.Orbit.Timer.Description	Hold it for 5 seconds	保持 5 秒		
Career.Contracts.First-sat.Req.TrackedLaunch.PartCount-Payload-Sat-1.Description	Launch with the CubeSat	携带立方星发射		
Career.Contracts.First-sat.Req.TrackedLaunch.PartCount-Payload-Sat-1.Planet-Droo.Description	Be in Droo's SOI	位于 Droo 的影响范围内		
Career.Contracts.First-sat.Req.TrackedLaunch.PartCount-Payload-Sat-1.Planet-Droo.Orbit.PartCount-Payload-Sat-1.Description	Detach the CubeSat	分离立方星		
Career.Contracts.Droo-sat.Req.TrackedLaunch.PartCount-Payload-Sat-@SatVersion.Description	Launch with @SatCount @SatName@SatCount:s	携带 @SatCount @SatName@SatCount:s 发射		
Career.Contracts.Droo-sat.Req.TrackedLaunch.PartCount-Payload-Sat-@SatVersion.Planet-Droo.Description	Be in Droo's SOI	位于 Droo 的影响范围内		
Career.Contracts.Droo-sat.Req.TrackedLaunch.PartCount-Payload-Sat-@SatVersion.Planet-Droo.Orbit.Orbit.Orbit.PartCount-Payload-Sat-@SatVersion.Description	Detach the @SatName@SatCount:s	分离 @SatName@SatCount:s		
Career.Contracts.Heliosynch-orbit.Req.TrackedLaunch.Expression.Description	Start grounded	以接地状态开始		
Career.Contracts.Heliosynch-orbit.Req.TrackedLaunch.Planet-Droo.Description	Be in Droo's SOI	位于 Droo 的影响范围内		
Career.Contracts.Heliosynch-orbit.Req.TrackedLaunch.Planet-Droo.Orbit.Orbit.Orbit.Timer.Description	Hold it for 5 seconds	保持 5 秒		
Career.Contracts.Observation.Req.TrackedLaunch.Planet-Droo.Description	Be in Droo's SOI	位于 Droo 的影响范围内		
Career.Contracts.Observation.Req.TrackedLaunch.Planet-Droo.PartCount-Payload-Sat-4.Description	Launch with the telescope	携带望远镜发射		
Career.Contracts.Observation.Req.TrackedLaunch.Planet-Droo.PartCount-Payload-Sat-4.Orbit.Orbit.Orbit.Expression.Description	Ensure your longitude is 39ºE	确保经度为东经 39º		
Career.Contracts.Observation.Req.TrackedLaunch.Planet-Droo.PartCount-Payload-Sat-4.Orbit.Orbit.Orbit.Expression.PartCount-Payload-Sat-4.Description	Detach the payload	分离载荷		
Career.Contracts.First-flyby.Req.TrackedLaunch.Planet-Droo.Description	Start in Droo's SOI	从 Droo 的影响范围内开始		
Career.Contracts.First-flyby.Req.TrackedLaunch.Expression.Description	Start grounded	以接地状态开始		
Career.Contracts.First-flyby.Req.TrackedLaunch.Planet-Luna.Description	Be in Luna's SOI	位于 Luna 的影响范围内		
Career.Contracts.Lunar-flyby.Req.TrackedLaunch.Planet-Droo.Description	Start in Droo's SOI	从 Droo 的影响范围内开始		
Career.Contracts.Lunar-flyby.Req.TrackedLaunch.Expression.Description	Start grounded	以接地状态开始		
Career.Contracts.Lunar-flyby.Req.TrackedLaunch.Planet-@Moon.Description	Be in @Moon's SOI	位于 @Moon 的影响范围内		
Career.Contracts.First-lunar-orbit.Req.TrackedLaunch.Planet-Droo.Description	Start in Droo's SOI	从 Droo 的影响范围内开始		
Career.Contracts.First-lunar-orbit.Req.TrackedLaunch.Expression.Description	Start grounded	以接地状态开始		
Career.Contracts.First-lunar-orbit.Req.TrackedLaunch.Planet-Brigo.Description	Be in Brigo's SOI	位于 Brigo 的影响范围内		
Career.Contracts.Lunar-orbit.Req.TrackedLaunch.Planet-Droo.Description	Start in Droo's SOI	从 Droo 的影响范围内开始		
Career.Contracts.Lunar-orbit.Req.TrackedLaunch.Expression.Description	Start grounded	以接地状态开始		
Career.Contracts.Lunar-orbit.Req.TrackedLaunch.Planet-@Moon.Description	Be in @Moon's SOI	位于 @Moon 的影响范围内		
Career.Contracts.Lunar-probe.Req.TrackedLaunch.PartCount-Payload-Probe-@ProbeVersion.Description	Launch with a @ProbeName Probe	携带 @ProbeName 探测器发射		
Career.Contracts.Lunar-probe.Req.TrackedLaunch.PartCount-Payload-Probe-@ProbeVersion.Planet-Droo.Description	Start in Droo's SOI	从 Droo 的影响范围内开始		
Career.Contracts.Lunar-probe.Req.TrackedLaunch.PartCount-Payload-Probe-@ProbeVersion.Planet-@Moon.Description	Be in @Moon's SOI	位于 @Moon 的影响范围内		
Career.Contracts.Lunar-probe.Req.TrackedLaunch.PartCount-Payload-Probe-@ProbeVersion.Planet-@Moon.Orbit.Orbit.Orbit.PartCount-Payload-Probe-@ProbeVersion.Description	Detach the @ProbeName Probe	分离 @ProbeName 探测器		
Career.Contracts.Lunar-impactor.Req.TrackedLaunch.Payload-Payload-Lander-1.Description	Launch with the Impactor	携带撞击器发射		
Career.Contracts.Lunar-impactor.Req.TrackedLaunch.Payload-Payload-Lander-1.Planet-Droo.Description	Start in Droo's SOI	从 Droo 的影响范围内开始		
Career.Contracts.Lunar-impactor.Req.TrackedLaunch.Payload-Payload-Lander-1.Planet-@Moon.Description	Go to @Moon	前往 @Moon		
Career.Contracts.Lunar-impactor.Req.TrackedLaunch.Payload-Payload-Lander-1.Planet-@Moon.CraftExpression#0.Description	Bring the impactor to the surface under @CrashSpeed m/s	将撞击器降至表面，速度低于 @CrashSpeed m/s		
Career.Contracts.Lunar-impactor.Req.TrackedLaunch.Payload-Payload-Lander-1.Planet-@Moon.CraftExpression#0.CraftExpression.Description	Distance to reach release range:	达到释放范围的距离：		
Career.Contracts.Lunar-impactor.Req.TrackedLaunch.Payload-Payload-Lander-1.Planet-@Moon.CraftExpression#0.CraftExpression.CraftExpression.Description	Crash under @CrashSpeed m/s! Max release speed:	以低于 @CrashSpeed m/s 的速度撞击！最大释放速度：		
Career.Contracts.Lunar-impactor.Req.TrackedLaunch.Payload-Payload-Lander-1.Planet-@Moon.CraftExpression#0.CraftExpression.CraftExpression.CraftExpression.Description	Detach the Impactor!	分离撞击器！		
Career.Contracts.Lunar-impactor.Req.TrackedLaunch.Payload-Payload-Lander-1.Planet-@Moon.CraftExpression#1.Description	Touchdown!	着陆！		
Career.Contracts.Lunar-impactor.Req.TrackedLaunch.Payload-Payload-Lander-1.Planet-@Moon.CraftExpression#1.CraftExpression.Description	Get to a stop	完全停下		
Career.Contracts.Lunar-lander.Req.TrackedLaunch.Payload-Payload-Lander-2.Description	Launch with the Lander	携带着陆器发射		
Career.Contracts.Lunar-lander.Req.TrackedLaunch.Payload-Payload-Lander-2.Planet-Droo.Description	Start in Droo's SOI	从 Droo 的影响范围内开始		
Career.Contracts.Lunar-lander.Req.TrackedLaunch.Payload-Payload-Lander-2.Planet-@Moon.Description	Go to @Moon	前往 @Moon		
Career.Contracts.Lunar-lander.Req.TrackedLaunch.Payload-Payload-Lander-2.Planet-@Moon.Orbit.Orbit.CraftExpression.Description	Detach the Impactor	分离撞击器		
Career.Contracts.Lunar-lander.Req.TrackedLaunch.Payload-Payload-Lander-2.Planet-@Moon.CraftExpression#0.Description	Bring your periapsis down to 'intercept' @Moon	将近拱点降至可「拦截」 @Moon 的高度		
Career.Contracts.Lunar-lander.Req.TrackedLaunch.Payload-Payload-Lander-2.Planet-@Moon.CraftExpression#1.Description	Coast to approach the surface	惯性滑行接近表面		
Career.Contracts.Lunar-lander.Req.TrackedLaunch.Payload-Payload-Lander-2.Planet-@Moon.CraftExpression#2.CraftExpression.Description	Keep your velocity near 1/10 your AGL	保持速度约为离地高度的 1/10		
Career.Contracts.Lunar-lander.Req.TrackedLaunch.Payload-Payload-Lander-2.Planet-@Moon.CraftExpression#3.Description	Touch down!	着陆！		
Career.Contracts.Lunar-rover.Req.TrackedLaunch.Payload-Payload-Lander-3.Description	Launch with the Rover	携带巡视车发射		
Career.Contracts.Lunar-rover.Req.TrackedLaunch.Payload-Payload-Lander-3.Planet-Droo.Description	Start in Droo's SOI	从 Droo 的影响范围内开始		
Career.Contracts.Lunar-rover.Req.TrackedLaunch.Payload-Payload-Lander-3.Planet-@Moon.Description	Go to @Moon	前往 @Moon		
Career.Contracts.Lunar-rover.Req.TrackedLaunch.Payload-Payload-Lander-3.Planet-@Moon.Location-Target_Location.Description	Land in the designated location	在指定地点着陆		
Career.Contracts.Lunar-rover.Req.TrackedLaunch.Payload-Payload-Lander-3.Planet-@Moon.CraftExpression#0.Description	Touch down!	着陆！		
Career.Contracts.Lunar-rover.Req.TrackedLaunch.Payload-Payload-Lander-3.Planet-@Moon.CraftExpression#1.Description	Release the rover	释放巡视车		
Career.Contracts.Lunar-rover.Req.TrackedLaunch.Payload-Payload-Lander-3.Planet-@Moon.Any.Description	Drive the rover to the 3 sample locations	驾驶巡视车前往 3 处采样点		
Career.Contracts.Lunar-rover.Req.TrackedLaunch.Payload-Payload-Lander-3.Planet-@Moon.Any.Template.Repeat.Location-Sample-@Index.Description	Drive to the target sample	驶向目标采样点		
Career.Contracts.Lunar-landing.Req.TrackedLaunch.Planet-Droo.Description	Start in Droo's SOI	从 Droo 的影响范围内开始		
Career.Contracts.Lunar-landing.Req.TrackedLaunch.Expression.Description	Start grounded	以接地状态开始		
Career.Contracts.Lunar-landing.Req.TrackedLaunch.Planet-@Moon.Description	Be in @Moon's SOI	位于 @Moon 的影响范围内		
Career.Contracts.Lunar-landing.Req.TrackedLaunch.Planet-@Moon.Expression.Description	Touchdown safely	安全着陆		
Career.Contracts.Lunar-landing.Req.TrackedLaunch.Planet-@Moon.Expression.Expression.Description	Hold for 30 seconds	保持 30 秒		
Career.Contracts.Celestial-flyby.Req.TrackedLaunch.Planet-Droo.Description	Start in Droo's SOI	从 Droo 的影响范围内开始		
Career.Contracts.Celestial-flyby.Req.TrackedLaunch.Expression.Description	Start grounded	以接地状态开始		
Career.Contracts.Celestial-flyby.Req.TrackedLaunch.Planet-@Planet.Description	Be in @Planet's SOI	位于 @Planet 的影响范围内		
Career.Contracts.Celestial-orbit.Req.TrackedLaunch.Planet-Droo.Description	Start in Droo's SOI	从 Droo 的影响范围内开始		
Career.Contracts.Celestial-orbit.Req.TrackedLaunch.Expression.Description	Start grounded	以接地状态开始		
Career.Contracts.Celestial-orbit.Req.TrackedLaunch.Planet-@Planet.Description	Be in @Planet's SOI	位于 @Planet 的影响范围内		
Career.Contracts.Celestial-landing.Req.TrackedLaunch.Planet-Droo.Description	Start in Droo's SOI	从 Droo 的影响范围内开始		
Career.Contracts.Celestial-landing.Req.TrackedLaunch.Expression.Description	Start grounded	以接地状态开始		
Career.Contracts.Celestial-landing.Req.TrackedLaunch.Planet-@Planet.Description	Be in @Planet's SOI	位于 @Planet 的影响范围内		
Career.Contracts.Celestial-landing.Req.TrackedLaunch.Planet-@Planet.Expression.Description	Touchdown safely	安全着陆		
Career.Contracts.Celestial-landing.Req.TrackedLaunch.Planet-@Planet.Expression.Expression.Description	Hold for 30 seconds	保持 30 秒		
CategoryNode.Engines	Engines	发动机		
CategoryNode.Fairings	Fairings	整流罩		
CategoryNode.Interstages	Interstages	级间段		
CategoryNode.LandingLegs	Landing Legs	起落架		
CategoryNode.None	None	无		
CategoryNode.Parachutes	Parachutes	降落伞		
CategoryNode.Payloads	Payloads	载荷		
CelestialBodyDesigner.AGL	AGL	AGL		
CelestialBodyDesigner.AGLTooltip	Altitude above ground level	离地高度		
CelestialBodyDesigner.ASL	ASL	ASL		
CelestialBodyDesigner.ASLTooltip	Altitude above sea level	海拔高度		
CelestialBodyDesigner.CameraLaunchLocation	Camera	相机		
CelestialBodyDesigner.CameraMoveSpeed	Camera \nMove Speed	相机\n移动速度		
CelestialBodyDesigner.CameraMoveSpeedTooltip	Adjusts the speed multiplier for the camera.	调整相机的速度倍率。		
CelestialBodyDesigner.CameraRotateSpeed	Camera \nRotate Speed	相机\n旋转速度		
CelestialBodyDesigner.CameraRotateSpeedTooltip	Adjusts the speed multiplier of the rotational movements for the camera and/or celestial body.	调整相机和/或天体旋转运动的速度倍率。		
CelestialBodyDesigner.CopyPositionTooltip	Copies the exact latitude and longitude of the current camera position to the clipboard.	将当前相机位置的精确经纬度复制到剪贴板。		
CelestialBodyDesigner.EditLatLonTooltip	Allows manual input of latitude and longitude.	允许手动输入经纬度。		
CelestialBodyDesigner.FPS	FPS	FPS		
CelestialBodyDesigner.FPSTooltip	The current frames rendered per second	当前每秒渲染帧数		
CelestialBodyDesigner.Latitude	Latitude	纬度		
CelestialBodyDesigner.LatitudeTooltip	Latitude of the camera	相机所在纬度		
CelestialBodyDesigner.LaunchCraftTooltip	Launches a craft on this planet.	在本行星上发射载具。		
CelestialBodyDesigner.Longitude	Longitude	经度		
CelestialBodyDesigner.LongitudeTooltip	Longitude of the camera	相机所在经度		
CelestialBodyDesigner.MapBrightness	Brightness	亮度		
CelestialBodyDesigner.MapEnabled	Enabled	已启用		
CelestialBodyDesigner.MapEnabledTooltip	Enable the display of the equirectangular map.	启用等距柱状投影地图的显示。		
CelestialBodyDesigner.MapGroup	Equirectangular Map	等距柱状投影地图		
CelestialBodyDesigner.MapRefresh	Refresh	刷新		
CelestialBodyDesigner.MapShading	Shading	着色		
CelestialBodyDesigner.MapSize	Size	尺寸		
CelestialBodyDesigner.Memory	Memory	内存		
CelestialBodyDesigner.MiscGroup	Miscellaneous	杂项		
CelestialBodyDesigner.MonoHeap	Mono Heap	Mono 堆		
CelestialBodyDesigner.MonoHeapTooltip	The size of the reserved space for managed-memory. This will grow when the total allocated managed-memory exceeds the currently reserved amount.	为托管内存预留的空间大小。当已分配的托管内存总量超过当前预留量时，该空间会增长。		
CelestialBodyDesigner.MonoUsed	Mono Used	Mono 已用		
CelestialBodyDesigner.MonoUsedTooltip	The allocated managed-memory for live objects and non-collected objects.	为活动对象和未回收对象分配的托管内存。		
CelestialBodyDesigner.PerformanceGroup	Performance	性能		
CelestialBodyDesigner.PositionGroup	Position	位置		
CelestialBodyDesigner.QuadBuildTimeAvg	Quad Build Time (Avg)	四边形构建时间（平均）		
CelestialBodyDesigner.QuadBuildTimeAvgTooltip	The average time in milliseconds that it took to create a quad.	创建一个四边形所花费的平均时间，单位毫秒。		
CelestialBodyDesigner.QuadBuildTimeMax	Quad Build Time (Max)	四边形构建时间（最大）		
CelestialBodyDesigner.QuadBuildTimeMaxTooltip	The maximum time in milliseconds that it took to create a quad.	创建一个四边形所花费的最长时间，单位毫秒。		
CelestialBodyDesigner.QuadBuildTimeMin	Quad Build Time (Min)	四边形构建时间（最小）		
CelestialBodyDesigner.QuadBuildTimeMinTooltip	The minimum time in milliseconds that it took to create a quad.	创建一个四边形所花费的最短时间，单位毫秒。		
CelestialBodyDesigner.QuadsCreated	Quads Created	已创建四边形		
CelestialBodyDesigner.QuadsCreatedTooltip	The total number of quads created.	已创建的四边形总数。		
CelestialBodyDesigner.QuadsDrawn	Quads Drawn	已绘制四边形		
CelestialBodyDesigner.QuadsDrawnTooltip	The total number of quads currently being drawn.	当前正在绘制的四边形总数。		
CelestialBodyDesigner.QuadsLevelFormat	   Level {0}	   层级 {0}		
CelestialBodyDesigner.QuadsLoaded	Quads Loaded	已加载四边形		
CelestialBodyDesigner.QuadsLoadedTooltip	The total number of quads currently loaded.	当前已加载的四边形总数。		
CelestialBodyDesigner.QuadStats	Quad Stats	四边形统计		
CelestialBodyDesigner.RebuildRequired	Rebuild is required.	需要重建。		
CelestialBodyDesigner.RebuildTooltip	Rebuilds the celestial body based on the current configuration.	根据当前配置重建天体。		
CelestialBodyDesigner.RecenterCameraTooltip	Recenters the camera.	重新将相机居中。		
CelestialBodyDesigner.ResetStatsTooltip	Resets the quad generation stats.	重置四边形生成统计。		
CelestialBodyDesigner.ScaledSpace	Scaled Space	缩放空间		
CelestialBodyDesigner.ScaledSpaceTooltip	Toggles the display of the scaled space cubemap at distances greater than the quad sphere activation distance.	切换在超过四边形球激活距离处显示的缩放空间立方体贴图。		
CelestialBodyDesigner.SelectCraftDefault	Select Craft	选择载具		
CelestialBodyDesigner.SnapToGroundTooltip	Snaps the camera to the ground.	将相机吸附到地面。		
CelestialBodyDesigner.Title	Celestial Body	天体		
CelestialBodyDesigner.ToggleQuadsPerLevelTooltip	Toggles the display of loaded quads, breaking it down by subdivision level or only showing the total.	切换已加载四边形的显示方式：按细分层级细分，或仅显示总数。		
CelestialBodyDesigner.TotalAllocated	Total Allocated	已分配总量		
CelestialBodyDesigner.TotalAllocatedTooltip	The total memory allocated by Unity's internal allocators. Unity reserves large pools of memory from the system; this shows the amount used in those pools.	Unity 内部分配器分配的内存总量。Unity 会从系统预留大块内存池；此处显示这些内存池的已用量。		
CelestialBodyDesigner.TotalReserved	Total Reserved	已预留总量		
CelestialBodyDesigner.TotalReservedTooltip	The total memory Unity has reserved for current and future allocations. If the reserved memory is fully used, Unity allocates more from the system as required.	Unity 为当前及将来的分配所预留的内存总量。如果预留内存全部用完，Unity 会按需从系统再申请。		
CelestialBodyDesigner.TotalUnused	Total Unused	未使用总量		
CelestialBodyDesigner.TotalUnusedTooltip	Unity allocates memory in pools for usage when unity needs to allocate memory. This shows the amount of unused memory in these pools.	Unity 以内存池方式分配内存，供其需要时使用。此处显示这些内存池中未使用的内存量。		
CelestialBodyDesigner.UnderwaterVisuals	Underwater Visuals	水下视觉效果		
CelestialBodyDesigner.UnderwaterVisualsTooltip	Toggles the display of underwater visuals. Disabling this can be useful when working on underwater terrain.	切换水下视觉效果的显示。制作水下地形时关闭此项会很有用。		
CelestialBodyProperties.ActivationDistanceLabel	Activation Distance	激活距离		
CelestialBodyProperties.ActivationDistanceTooltip	The distance from the planet's center at which the quad sphere terrain is enabled. If left at zero, a default of the planet's diameter is used.	启用四边形球地形时距行星中心的距离。若保留为 0，则默认使用行星直径。		
CelestialBodyProperties.AutomaticDistancesTooltip	Toggles between the choice of manually specifying the specific values for quad sphere activation and transition distances or letting the game automatically calculate those values.	在手动指定四边形球激活与过渡距离的数值，或由游戏自动计算这些数值之间切换。		
CelestialBodyProperties.AutomaticLabel	Automatic	自动		
CelestialBodyProperties.AutomaticQualityTooltip	Toggles between manually specifying terrain quality values or choosing a target resolution and letting the game determine the quality settings automatically.	在手动指定地形质量数值，或选择目标分辨率并由游戏自动确定质量设置之间切换。		
CelestialBodyProperties.AutoUpdateGravityLabel	Auto Update Gravity	自动更新重力		
CelestialBodyProperties.AutoUpdateGravityTooltip	Automatically update the surface gravity when the radius changes.	半径变化时自动更新表面重力。		
CelestialBodyProperties.DeleteButton	Delete	删除		
CelestialBodyProperties.DescriptionTooltip	The description of the celestial body.	天体的描述。		
CelestialBodyProperties.DetailsGroup	Details	详细信息		
CelestialBodyProperties.EstimatedResolutionLabel	Estimated Resolution	估算分辨率		
CelestialBodyProperties.EstimatedResolutionTooltip	The estimated distance between adjacent terrain vertices at the highest subdivision level, as seen when the player is on the ground. Lower distances look better, but can greatly reduce runtime performance and increase memory usage and load times.	玩家位于地面时，最高细分层级下相邻地形顶点之间的估算距离。距离越小画面越好，但会显著降低运行时性能并增加内存占用与加载时间。		
CelestialBodyProperties.FadeSkyboxLabel	Fade Skybox During Daytime	白天淡化天空盒		
CelestialBodyProperties.FadeSkyboxTooltip	If true, the skybox will be faded out during the daytime.	若为真，白天将淡化天空盒。		
CelestialBodyProperties.HasTerrainPhysicsLabel	Has Terrain Physics	启用地形物理		
CelestialBodyProperties.HasTerrainPhysicsTooltip	If true, the celestial body has terrain physics. Typically you always want this, but you may want to disable it for gas giant type planets where you can never actually reach the surface.	若为真，该天体具有地形物理。通常都应开启，但对于无法真正抵达表面的气态巨行星类行星，可以关闭。		
CelestialBodyProperties.MaxSubdivisionsLabel	Max Subdivisions	最大细分层级		
CelestialBodyProperties.MaxSubdivisionsTooltip	The maximum number of times surface detail will be subdivided. Higher values improve detail near the ground but can greatly reduce performance and increase memory usage and load times.	地表细节的最大细分次数。数值越高，近地面细节越好，但会显著降低性能并增加内存占用与加载时间。		
CelestialBodyProperties.MetaDataGroup	Meta-Data	元数据		
CelestialBodyProperties.MinSubdivisionsLabel	Min Subdivisions	最小细分层级		
CelestialBodyProperties.MinSubdivisionsTooltip	The minimum number of times surface detail is subdivided. Higher values improve detail when far from the ground, but can greatly reduce performance and increase memory usage and load times.	地表细节的最小细分次数。数值越高，远离地面时的细节越好，但会显著降低性能并增加内存占用与加载时间。		
CelestialBodyProperties.ModKeywordsGroup	Mod Keywords	模组关键词		
CelestialBodyProperties.ModKeywordTooltip	Enable or disable this mod keyword for this celestial body. How this keyword is used is entirely dependent on the mod using it.	为该天体启用或禁用此模组关键词。关键词的用途完全取决于使用它的模组。		
CelestialBodyProperties.NameLabel	Name	名称		
CelestialBodyProperties.NameTooltip	The name of the celestial body. This is the name that users will see in-game.	天体的名称，即玩家在游戏中看到的名称。		
CelestialBodyProperties.QuadSphereLoadingDistancesLabel	QuadSphere Loading Distances	四边形球加载距离		
CelestialBodyProperties.QualityGroup	Terrain Quality Modes	地形质量模式		
CelestialBodyProperties.QualityMode.High	High	高		
CelestialBodyProperties.QualityMode.HighMobile	High (Mobile Only)	高（仅移动端）		
CelestialBodyProperties.QualityMode.Low	Low	低		
CelestialBodyProperties.QualityMode.LowMobile	Low (Mobile Only)	低（仅移动端）		
CelestialBodyProperties.QualityMode.Medium	Medium	中		
CelestialBodyProperties.QualityMode.MediumMobile	Medium (Mobile Only)	中（仅移动端）		
CelestialBodyProperties.QualityModeTooltip	The quality mode is determined by the player's quality settings. All quality modes should be configured to provide a good balance of visuals and runtime performance.	质量模式由玩家的画质设置决定。所有质量模式都应配置为在画面与运行时性能之间取得良好平衡。		
CelestialBodyProperties.RadiusLabel	Radius	半径		
CelestialBodyProperties.RadiusTooltip	The radius of the celestial body in meters.	天体的半径，单位米。		
CelestialBodyProperties.SurfaceGravityLabel	Surface Gravity	表面重力		
CelestialBodyProperties.SurfaceGravityTooltip	The surface gravity of the celestial body in meters per second squared.	天体的表面重力，单位米每二次方秒。		
CelestialBodyProperties.TargetResolutionLabel	Target Resolution	目标分辨率		
CelestialBodyProperties.TargetResolutionTooltip	Enter the desired distance between adjacent vertices and the settings adjust automatically. Lower distances look better but can greatly reduce runtime performance and increase memory usage and load times.	输入相邻顶点之间期望的距离，各项设置会自动调整。距离越小画面越好，但会显著降低运行时性能并增加内存占用与加载时间。		
CelestialBodyProperties.TerrainVerticesLabel	Terrain Vertices	地形顶点数		
CelestialBodyProperties.TerrainVerticesTooltip	The number of vertices along one edge of a terrain quad. Higher values look better, but reduce performance and increase memory usage and load times. This value must be odd.	地形四边形一条边上的顶点数量。数值越高画面越好，但会降低性能并增加内存占用与加载时间。该值必须为奇数。		
CelestialBodyProperties.Title	Properties	属性		
CelestialBodyProperties.TransitionDistanceLabel	Transition Distance	过渡距离		
CelestialBodyProperties.TransitionDistanceTooltip	The distance over which rendering transitions between the quad sphere terrain and the scaled space renderer. The quad sphere is 100% visible at the activation distance; the scaled space renderer is 100% visible at the activation distance plus the transition distance. If left at zero, a default of the planet's diameter is used.	渲染在四边形球地形与缩放空间渲染器之间过渡的距离范围。在激活距离处四边形球完全可见；在激活距离加上过渡距离处，缩放空间渲染器完全可见。若保留为 0，则默认使用行星直径。		
CelestialBodyProperties.VersionTagLabel	Version Tag	版本标签		
CelestialBodyProperties.VersionTagTooltip	An optional field, typically unused. The game treats celestial bodies with the same author and version tag as a set. Bodies may be hidden by default in some lists when a newer version is found (based on version number). For planetary systems, this also determines newer versions when upgrading saved games to newer versions of the system.	可选字段，通常不使用。游戏会将作者和版本标签相同的天体视为一组。当发现更新的版本（按版本号判断）时，某些列表中可能会默认隐藏旧天体。对于行星系，在将存档升级到更新版本的行星系时，这也用于判断更新的版本。		
CelestialBodyProperties.VersionTooltip	The version number of the celestial body. This should be one to four integers separated by periods. You know... like a normal looking version number.	天体的版本号。应为 1 至 4 个以句点分隔的整数。你懂的……就像普通的版本号那样。		
CelestialBodyProperties.WaterVertexQuality.Full	Full	完整		
CelestialBodyProperties.WaterVertexQuality.Half	Half	一半		
CelestialBodyProperties.WaterVerticesLabel	Water Vertices	水体顶点数		
CelestialBodyProperties.WaterVerticesTooltip	The number of vertices along one edge of a water quad depends on the current terrain quad setting. They can use the same number of vertices or half as many. Full looks better; Half performs better.	水体四边形一条边上的顶点数量取决于当前地形四边形设置，可以与地形顶点数相同或减半。完整画面更好；一半性能更好。		
ColorPicker.Alpha	Alpha	透明度		
ColorPicker.Blue	Blue	蓝		
ColorPicker.Green	Green	绿		
ColorPicker.Hex	Hex	十六进制		
ColorPicker.HSV	HSV	HSV		
ColorPicker.Hue	Hue	色相		
ColorPicker.Intensity	Intensity	强度		
ColorPicker.NewColor	NEW	新		
ColorPicker.OldColor	OLD	旧		
ColorPicker.Red	Red	红		
ColorPicker.RGB	RGB	RGB		
ColorPicker.Saturation	Saturation	饱和度		
ColorPicker.Value	Value	明度		
CommandPod.ActivationGroups.LandingGear	Landing Gear	起落架		
CommandPod.ActivationGroups.RCS	RCS	RCS		
CommandPod.ActivationGroups.SolarPanels	Solar Panels	太阳能板		
Common.Alignment.Horizontal.Center	Center	居中		
Common.Alignment.Horizontal.Left	Left	左对齐		
Common.Alignment.Horizontal.Right	Right	右对齐		
Common.Alignment.Vertical.Bottom	Bottom	底部		
Common.Alignment.Vertical.Middle	Middle	居中		
Common.Alignment.Vertical.Top	Top	顶部		
Common.Add	Add	添加		
Common.Amplitude	Amplitude	振幅		
Common.AuthorVersionSubtitle	Author: {0} - Version: {1}	作者：{0} - 版本：{1}		
Common.Default	Default	默认		
Common.Details.Author	Author	作者		
Common.Details.Description	Description	描述		
Common.Input	Input	输入		
Common.Output	Output	输出		
Common.Details.Errors	Errors	错误		
Common.Frequency	Frequency	频率		
Common.Details.FilePath	File Path	文件路径		
Common.Details.ModifiedDate	Modified Date	修改日期		
Common.Details.Version	Version	版本		
Common.Details.Warnings	Warnings	警告		
Common.No	No	否		
Common.None	None	无		
Common.NotAvailable	N/A	不可用		
Common.NotFound	NOT FOUND	未找到		
Common.TruncatedMessage	<<Truncated>>	&lt;&lt;已截断&gt;&gt;		
Common.Unbound	Unbound	未绑定		
Common.Unknown	Unknown	未知		
Common.Unlimited	Unlimited	无限制		
Common.Yes	Yes	是		
Design.CameraControls.Message	Camera and mouse controls are fully customizable in the game settings.	相机与鼠标操作可在游戏设置中完全自定义。		
Design.CameraControls.OkayButton	OK	确定		
Design.CameraControls.ShowMeButton	Show Me	演示		
Design.CameraMovementMode.Rotation	Rotation	旋转		
Design.CameraMovementMode.Translation	Translation	平移		
Design.CraftLoader.LoadErrorFormat	An error occurred trying to load craft '{0}'.	加载载具「{0}」时发生错误。		
Design.CraftLoader.UnableToLoadFormat	Unable to load craft '{0}'. An error occurred loading the craft XML.	无法加载载具「{0}」。加载载具 XML 时发生错误。		
Design.CraftParts.ListAllPerformance	Listing all parts can result in performance degradation depending on part count	列出全部零件可能因零件数量而导致性能下降		
Design.DesignerScript.CameraMovementModeFormat	Camera Mode: {0}	相机模式：{0}		
Design.DesignerScript.CannotReconnectSymmetry	Cannot reconnect a part that has symmetry enabled.	无法重新连接已启用对称的零件。		
Design.DesignerScript.CannotRedo	Cannot redo while a tool is actively processing inputs.	工具正在处理输入时无法重做。		
Design.DesignerScript.CannotUndo	Cannot undo while a tool is actively processing inputs.	工具正在处理输入时无法撤销。		
Design.DesignerScript.EditorCraftLoadError	An error occurred trying to load the XML for the current editor craft.	加载当前编辑器载具的 XML 时发生错误。		
Design.DesignerScript.NewCraftPrefixFormat	New {0}	新 {0}		
Design.DesignerScript.NoFlightProgramForPartFormat	Unable to find a flight program for the part {0}.	无法为零件 {0} 找到飞行程序。		
Design.DesignerScript.OverwriteConfirm	A craft already exists with that name. Do you wish to overwrite it?	已存在同名载具。是否覆盖？		
Design.DesignerScript.PartManipulationModeFormat	Part Manipulation Mode: {0}	零件操作模式：{0}		
Design.DesignerScript.PartReconnectedPluralFormat	Part reconnected. Found {0} connections	零件已重新连接。找到 {0} 个连接		
Design.DesignerScript.PartReconnectedSingular	Part reconnected. Found 1 connection	零件已重新连接。找到 1 个连接		
Design.DesignerScript.RedoComplete	Redo complete	重做完成		
Design.DesignerScript.RedoingLastStep	Redoing last step...	正在重做上一步…		
Design.DesignerScript.SavedAsFormat	Saved as '{0}'	已保存为「{0}」		
Design.DesignerScript.UndoComplete	Undo complete	撤销完成		
Design.DesignerScript.UndoingLastStep	Undoing last step...	正在撤销上一步…		
Design.DialogSave.MessageText	SAVE CRAFT	保存载具		
Design.DialogSave.NamePlaceholder	CRAFT NAME	载具名称		
Design.Download.Error.GenericFormat	Failed to download the craft.\n{0}	载具下载失败。\n{0}		
Design.Download.Error.LoadFailed	The craft failed to load.	载具加载失败。		
Design.Download.Error.NotFoundFormat	Could not find a craft with ID {0}.	找不到 ID 为 {0} 的载具。		
Design.Download.Status.DownloadingCraft	Downloading Craft...	正在下载载具…		
Design.Download.Status.DownloadingProgressFormat	DOWNLOADING CRAFT: {0}%	正在下载载具：{0}%		
Design.Download.Status.LoadingCraft	Loading Craft...	正在加载载具…		
Design.FuselageTool.LengthFormat	Length: {0:n2}m	长度：{0:n2}m		
Design.FuselageTool.RadiusFormat	Radius: {0:n2}m	半径：{0:n2}m		
Design.GenericPartProperties.UpgradeFormat	Upgrade to the {0} to unlock these settings.	升级到 {0} 以解锁这些设置。		
Design.GizmosScript.NoCompatibleForThrust	The center of thrust gizmo can't be enabled because there are no compatible parts in the craft.	由于载具中没有兼容的零件，无法启用推力中心辅助显示。		
Design.GizmosScript.NoWingsForLift	The center of lift gizmo can't be enabled because there are no wings in the craft.	由于载具中没有机翼，无法启用升力中心辅助显示。		
Design.Group.CannotGroupSingle	Cannot create a group from a single part.	无法用单个零件创建组。		
Design.Group.CannotGroupToolActive	Can't group parts right now while actively using a tool.	正在使用工具时无法对零件分组。		
Design.Group.Grouped	Grouped {0} parts together.	已将 {0} 个零件组成一组。		
Design.Group.NoSelection	Cannot group parts: No parts are selected.	无法分组零件：未选中任何零件。		
Design.Group.Ungrouped	Ungrouped {0} parts.	已取消 {0} 个零件的分组。		
Design.Launch.IssuesDialog.CannotLaunchMessage	This craft has one or more issues and cannot be launched at this time. Try launching again after correcting the issues.	该载具存在一个或多个问题，目前无法发射。请修正问题后重试。		
Design.LoadCraftPanel.DeleteConfirmFormat	Please confirm that you wish to delete this craft:\n'{0}'	请确认要删除此载具：\n「{0}」		
Design.LoadCraftPanel.DeletedFormat	Deleted Craft '{0}'	已删除载具「{0}」		
Design.LoadCraftPanel.LoadedFormat	Loaded craft '{0}'	已加载载具「{0}」		
Design.LoadCraftPanel.LoadFailed	The craft failed to load.	载具加载失败。		
Design.LoadCraftPanel.Loading	Loading...	正在加载…		
Design.MirrorTool.MirroredFormat	Mirrored {0} part(s) to the other side.	已将 {0} 个零件镜像到另一侧。		
Design.MirrorTool.NoPartSelected	No part is selected to mirror to other side.	未选中要镜像到另一侧的零件。		
Design.MovePartTool.AngleFormat	Angle: {0:n0}{1}	角度：{0:n0}{1}		
Design.MovePartTool.CannotDeletePrimary	Cannot delete primary command pod.	无法删除主指令舱。		
Design.MovePartTool.ClonedPartFormat	Cloned part: {0}	已克隆零件：{0}		
Design.MovePartTool.ClonedPartsFormat	Cloned {0} parts	已克隆 {0} 个零件		
Design.MovePartTool.PartsDeleted	Selected parts deleted	已删除选中的零件		
Design.MovePartTool.SubassemblyDialogMessage	Enter a name for this new subassembly.\nYou will be able to access it from the part list under the Subassemblies category.	为此新组件输入名称。\n之后可在零件列表的「组件」分类中找到它。		
Design.MovePartTool.SubassemblyDialogPlaceholder	Name...	名称…		
Design.Paint.UnlockTransparency.Message	Transparency is fun, but it can make parts render in unexpected ways, so use it sparingly. Do you want to enable the transparency slider?	透明效果很有趣，但可能使零件的渲染出现异常，请谨慎使用。要启用透明度滑块吗？		
Design.PartConnections.AttachPointsDisabled	Disabled	已禁用		
Design.PartConnections.AttachPointsEnabled	Enabled	已启用		
Design.PartConnections.AttachPointsToggleAllConnectedFormat	{0} all connected parts' attach points.	{0}所有已连接零件的连接点。		
Design.PartConnections.AttachPointsToggleAllFormat	{0} all of this part's attach points.	{0}此零件的所有连接点。		
Design.PartConnections.CannotDeleteSymmetric	This connection cannot be deleted because of part symmetry.	由于零件对称，无法删除此连接。		
Design.PartConnections.IncompatibleSuffix	 (Incompatible)	（不兼容）		
Design.PartConnections.RemovedAll	Removed all of this part's connections.	已移除此零件的所有连接。		
Design.PartConnections.RemovedConnectionFormat	Removed connection to {0} #{1}	已移除与 {0} #{1} 的连接		
Design.PartConnections.ShellSuffix	(Shell)	（外壳）		
Design.PartConnections.UnavailableSuffix	 (Unavailable)	（不可用）		
Design.PartList.SubAssemblyLoadError	One or more sub-assemblies could not be loaded.	一个或多个组件无法加载。		
Design.PartManipulationMode.None	None	无		
Design.PartManipulationMode.RotateX	Rotation X-Axis	绕 X 轴旋转		
Design.PartManipulationMode.RotateY	Rotation Y-Axis	绕 Y 轴旋转		
Design.PartManipulationMode.RotateZ	Rotation Z-Axis	绕 Z 轴旋转		
Design.PartManipulationMode.TranslateX	Translation X-Axis	沿 X 轴平移		
Design.PartManipulationMode.TranslateY	Translation Y-Axis	沿 Y 轴平移		
Design.PartManipulationMode.TranslateZ	Translation Z-Axis	沿 Z 轴平移		
Design.Staging.AddedNewStage	Added New Stage	已添加新分级		
Design.Staging.DeletedStage	Deleted Stage	已删除分级		
Design.Staging.MaxStagesReachedFormat	You have reached the maximum number of stages. {0}	已达到最大分级数量。{0}		
Design.Staging.Reset	Staging Reset	分级已重置		
Design.Staging.ResetConfirm	This will reset all changes you made to the staging. Please, confirm that you wish to reset your staging.	这将重置你对分级所做的全部更改。请确认要重置分级。		
Design.Staging.TotalDeltaVFormat	Total Delta-V: {0}	总 Delta-V：{0}		
Design.Staging.ThrustToWeightFormat	{0}:1	{0}:1		
Design.StylePart.PartStyle	Part Style	零件样式		
Design.StylePart.Style	Style	样式		
Design.StylePart.StyleName.Advanced	Advanced	高级		
Design.StylePart.StyleName.Barrel	Barrel	桶形		
Design.StylePart.StyleName.Basic	Basic	基础		
Design.StylePart.StyleName.Beveled	Beveled	斜面		
Design.StylePart.StyleName.Camouflage	Camouflage	迷彩		
Design.StylePart.StyleName.Channels	Channels	槽纹		
Design.StylePart.StyleName.Checkered	Checkered	方格		
Design.StylePart.StyleName.Chevron	Chevron	人字纹		
Design.StylePart.StyleName.Circular	Circular	环形		
Design.StylePart.StyleName.Civilian	Civilian	民用		
Design.StylePart.StyleName.Core	Core	核心		
Design.StylePart.StyleName.CrossBeam	Cross Beam	十字梁		
Design.StylePart.StyleName.CrossBeams	CrossBeams	十字梁		
Design.StylePart.StyleName.Curved	Curved	弧形		
Design.StylePart.StyleName.Custom	Custom	自定义		
Design.StylePart.StyleName.Default	Default	默认		
Design.StylePart.StyleName.Double	Double	双联		
Design.StylePart.StyleName.Drone	Drone	无人机		
Design.StylePart.StyleName.Flat	Flat	扁平		
Design.StylePart.StyleName.FuelCell1	FuelCell1	燃料电池 1		
Design.StylePart.StyleName.Grooves	Grooves	凹槽		
Design.StylePart.StyleName.Grooves1	Grooves 1	凹槽 1		
Design.StylePart.StyleName.Grooves2	Grooves 2	凹槽 2		
Design.StylePart.StyleName.Grooves3	Grooves 3	凹槽 3		
Design.StylePart.StyleName.HStriped	H. Striped	横向条纹		
Design.StylePart.StyleName.HUD	HUD	HUD		
Design.StylePart.StyleName.Hex	Hex	六角		
Design.StylePart.StyleName.Hexagonal	Hexagonal	六边形		
Design.StylePart.StyleName.Horizontal	Horizontal	水平		
Design.StylePart.StyleName.Insulation	Insulation	隔热层		
Design.StylePart.StyleName.LandingGear	Landing Gear	起落架		
Design.StylePart.StyleName.Lunar	Lunar	月球		
Design.StylePart.StyleName.Military	Military	军用		
Design.StylePart.StyleName.NoDoors	No Doors	无舱门		
Design.StylePart.StyleName.NoDoorsThin	No Doors Thin	无舱门（薄）		
Design.StylePart.StyleName.None	None	无		
Design.StylePart.StyleName.NoneLegacy	None (Legacy)	无（旧版）		
Design.StylePart.StyleName.Normal	Normal	普通		
Design.StylePart.StyleName.NormalStriped	Normal Striped	普通条纹		
Design.StylePart.StyleName.Ogive	Ogive	卵形		
Design.StylePart.StyleName.OgiveStriped	Ogive Striped	卵形条纹		
Design.StylePart.StyleName.OneDoor	One Door	单舱门		
Design.StylePart.StyleName.OneDoorInverted	One Door Inverted	单舱门（倒置）		
Design.StylePart.StyleName.OneDoorThin	One Door Thin	单舱门（薄）		
Design.StylePart.StyleName.Panels	Panels	面板		
Design.StylePart.StyleName.Pointy	Pointy	尖头		
Design.StylePart.StyleName.RTG1	RTG1	RTG1		
Design.StylePart.StyleName.Racing	Racing	竞速		
Design.StylePart.StyleName.Retro	Retro	复古		
Design.StylePart.StyleName.Riptide	Riptide	Riptide		
Design.StylePart.StyleName.Rivets	Rivets	铆钉		
Design.StylePart.StyleName.Rocket	Rocket	火箭		
Design.StylePart.StyleName.Round	Round	圆形		
Design.StylePart.StyleName.RoundStriped	Round Striped	圆形条纹		
Design.StylePart.StyleName.Rounded	Rounded	圆角		
Design.StylePart.StyleName.RoundedStriped	Rounded Striped	圆角条纹		
Design.StylePart.StyleName.Rover	Rover	巡视车		
Design.StylePart.StyleName.Rugged	Rugged	坚固		
Design.StylePart.StyleName.SCurve	S Curve	S 形		
Design.StylePart.StyleName.Scimitar	Scimitar	弯刀		
Design.StylePart.StyleName.ShippingContainer	Shipping Container	集装箱		
Design.StylePart.StyleName.Side	Side	侧面		
Design.StylePart.StyleName.Sidechute	Side chute	侧伞		
Design.StylePart.StyleName.Simple	Simple	简洁		
Design.StylePart.StyleName.Single	Single	单联		
Design.StylePart.StyleName.Slats	Slats	板条		
Design.StylePart.StyleName.Smooth	Smooth	光滑		
Design.StylePart.StyleName.Soyuz	Soyuz	Soyuz		
Design.StylePart.StyleName.Spike	Spike	尖锥		
Design.StylePart.StyleName.Spiral	Spiral	螺旋		
Design.StylePart.StyleName.Square	Square	方形		
Design.StylePart.StyleName.Straddled	Straddled	跨式		
Design.StylePart.StyleName.Straight	Straight	笔直		
Design.StylePart.StyleName.StraightStriped	Straight Striped	笔直条纹		
Design.StylePart.StyleName.Street	Street	街道		
Design.StylePart.StyleName.Striped	Striped	条纹		
Design.StylePart.StyleName.TestPilot	TestPilot	试飞员		
Design.StylePart.StyleName.Tiles	Tiles	瓦片		
Design.StylePart.StyleName.Topchute	Top chute	顶伞		
Design.StylePart.StyleName.VStriped	V. Striped	纵向条纹		
Design.StylePart.StyleName.Vents	Vents	通风口		
Design.StylePart.StyleName.Vertical	Vertical	垂直		
Design.StylePart.StyleName.Vortex	Vortex	Vortex		
Design.StylePart.StyleName.Warbird	Warbird	战鹰		
Design.StylePart.StyleName.WoodenCrate	Wooden Crate	木箱		
Design.StylePart.StyleSuffix	 Style	 样式		
Design.StylePart.SubpartName.Base	Base	底座		
Design.StylePart.SubpartName.Bay	Bay	舱段		
Design.StylePart.SubpartName.Blade	Blade	桨叶		
Design.StylePart.SubpartName.ControlSurface	Control Surface	操纵面		
Design.StylePart.SubpartName.Core	Core	核心		
Design.StylePart.SubpartName.Default	Default	默认		
Design.StylePart.SubpartName.Door	Door	舱门		
Design.StylePart.SubpartName.EngineType	Engine Type	发动机类型		
Design.StylePart.SubpartName.Fan	Fan	风扇		
Design.StylePart.SubpartName.Hub	Hub	轮毂		
Design.StylePart.SubpartName.InletCone	Inlet Cone	进气锥		
Design.StylePart.SubpartName.Inside	Inside	内侧		
Design.StylePart.SubpartName.Nozzle	Nozzle	喷管		
Design.StylePart.SubpartName.NozzleExtension	Nozzle Extension	喷管延伸段		
Design.StylePart.SubpartName.Outside	Outside	外侧		
Design.StylePart.SubpartName.Panel	Panel	面板		
Design.StylePart.SubpartName.Parachute	Parachute	降落伞		
Design.StylePart.SubpartName.Part	Part	零件		
Design.StylePart.SubpartName.Shroud	Shroud	罩壳		
Design.StylePart.SubpartName.SubType	Sub Type	子类型		
Design.StylePart.SubpartName.Tire	Tire	轮胎		
Design.StylePart.SubpartName.Type	Type	类型		
Design.StylePart.SubpartName.Wheel	Wheel	车轮		
Design.StylePart.SubpartName.Wing	Wing	机翼		
Design.StylePart.Texture	Texture	贴图		
Design.Symmetry.MultipleAttachpoints	The selected part is connected to the craft with more than one attachpoint, make sure it is connected just by one for symmetry to be applied.	所选零件与载具的连接点不止一个，请确保只通过一个连接点相连，才能应用对称。		
Design.Symmetry.NotAvailableHere	Part symmetry is not available at this position. It is only available for parts connected to the side of a fuel tank.	该位置不支持零件对称。仅对连接在燃料箱侧面的零件可用。		
Design.Symmetry.NotOnRootPart	The primary command pod cannot use symmetry.	主指令舱不能使用对称。		
Design.WingPartProperties.AddControlSurface	Add Control Surface	添加操纵面		
Design.WingPartProperties.LimitReached	You have reached your limit of control surfaces, you can unlock more in the Tech Tree	操纵面数量已达上限，可在科技树中解锁更多		
Design.WingPartProperties.NoRoom	No room for additional control surfaces	没有空间添加更多操纵面		
Design.WingPartProperties.SurfaceAdded	Control surface added	已添加操纵面		
Design.WingPartProperties.SurfaceDeleted	Deleted Control Surface	已删除操纵面		
Design.XmlEdit.NewModifier.InputPlaceholder	MODIFIER NAME	修改器名称		
Design.XmlEdit.NewModifier.Message	NAME THE MODIFIER\n\nAll your unsaved changes will be lost	为修改器命名\n\n所有未保存的更改都将丢失		
Design.XmlEdit.NewModifier.OkayButton	ADD	添加		
Design.XmlEdit.RemoveModifier.Message	By removing a necessary modifier you can brick your craft. Are you sure you want to remove it?	移除必要的修改器可能导致载具无法使用。确定要移除吗？		
DesignerParts.Ball1.Ball.Name	Ball	球体		
DesignerParts.Ball1.Ball.Description	Just a simple ball.	一个简单的球体。		
DesignerParts.BeaconLight1.BeaconLight.Name	Beacon Light	信标灯		
DesignerParts.BeaconLight1.BeaconLight.Description	Small blinking lights.	小型闪烁灯。		
DesignerParts.Block1.Block.Name	Block	方块		
DesignerParts.Block1.Block.Description	Just a simple block.	一个简单的方块。		
DesignerParts.Camera1.Camera.Name	Camera	相机		
DesignerParts.Camera1.Camera.Description	Attach to your craft to add new views that you can cycle through during flight.	装到载具上可添加新视角，飞行中可循环切换。		
DesignerParts.CargoBay1.CargoBay.Name	Cargo Bay	货舱		
DesignerParts.CargoBay1.CargoBay.Description	Cargo bay that can hold stuff and comes with two hinged doors by default.	可装载物品的货舱，默认带两扇铰链门。		
DesignerParts.CargoBay1.SmallBay.Name	Small Bay	小货舱		
DesignerParts.CargoBay1.SmallBay.Description	Cargo bay that can hold stuff and comes with a single sliding door by default.	可装载物品的货舱，默认带一扇滑动门。		
DesignerParts.Cockpit1.CockpitBase.Name	Cockpit Base	座舱底座		
DesignerParts.CockpitBundle.Cockpit.Name	Cockpit	座舱		
DesignerParts.CockpitBundle.Cockpit.Description	It's a cockpit. For planes, or whatever.	就是个座舱。给飞机用，或者随便什么。		
DesignerParts.CockpitCanopy1.CockpitCanopy.Name	Cockpit Canopy	座舱罩		
DesignerParts.CommandChip1.CommandChip.Name	Command Chip	指令芯片		
DesignerParts.CommandChip1.CommandChip.Description	Compact and lightweight alternative to using a Space Capsule for controlling a craft.	比用太空舱控制载具更紧凑、更轻便的选择。		
DesignerParts.CommandDisc1.CommandDisc.Name	Command Disc	指令盘		
DesignerParts.CommandDisc1.CommandDisc.Description	A pack combining a command chip with room for batteries and gyroscopes, giving you all you need to control your craft in a single, more configurable part.	集成了指令芯片，并留有电池和陀螺仪空间的组件，用单个更易配置的零件满足控制载具所需。		
DesignerParts.CommandPod1.CommandPod.Name	Command Pod	指令舱		
DesignerParts.CommandPod1.CommandPod.Description	Controls the craft. Every rocket must have at least one command pod. This command pod has a built-in gyroscope for attitude control. Batteries are included.	控制载具。每枚火箭至少需要一个指令舱。该指令舱内置姿态控制陀螺仪。已含电池。		
DesignerParts.CommandPod2.KomodoCommandPod.Name	Komodo Command Pod	Komodo 指令舱		
DesignerParts.CommandPod2.KomodoCommandPod.Description	Space capsule which includes a small amount of fuel and built-in engines.	太空舱，含少量燃料和内置发动机。		
DesignerParts.CommandPod3.PatriotCapsule.Name	Patriot Capsule	爱国者舱		
DesignerParts.CommandPod3.PatriotCapsule.Description	Space capsule that has a bit more legroom than the alternatives. Great capsule if you love your country and if you have the money.	腿部空间比其他太空舱稍大一些。如果你热爱你的国家而且有钱，这是个很棒的选择。		
DesignerParts.CommandPod4.SpaceCapsule.Name	Space Capsule	太空舱		
DesignerParts.CommandPod4.SpaceCapsule.Description	Controls the craft. Every rocket must have at least one capsule or command chip. Includes built-in gyroscope for attitude control. Batteries are included.	控制载具。每枚火箭至少需要一个太空舱或指令芯片。内置姿态控制陀螺仪。已含电池。		
DesignerParts.CommandPod5.VrozSpaceCapsule.Name	Vroz Space Capsule	Vroz 太空舱		
DesignerParts.CommandPod5.VrozSpaceCapsule.Description	Controls the craft. Every rocket must have at least one capsule or command chip. This capsule has a built-in gyroscope for attitude control. Batteries are included.	控制载具。每枚火箭至少需要一个太空舱或指令芯片。该太空舱内置姿态控制陀螺仪。已含电池。		
DesignerParts.CommandPod6.VrozOrbitalModule.Name	Vroz Orbital Module	Vroz 轨道舱		
DesignerParts.CommandPod6.VrozOrbitalModule.Description	Spherical space capsule that fits quite nicely on top of the Vroz Descent Module in case you want to bring more people into space.	球形太空舱，能很好地装在 Vroz 下降舱顶部，适合你想把更多人送上太空时使用。		
DesignerParts.CrewCompartment.SpaceHabitat.Name	Space Habitat	太空居住舱		
DesignerParts.CrewCompartment.SpaceHabitat.Description	A fuselage capable of holding crew inside, but with a very low density. Ideal for large vehicles such as spaceships, space stations and the like.	可容纳乘员的机身，但密度很低。适合飞船、空间站等大型载具。		
DesignerParts.CrewCompartment.CrewCompartment.Name	Crew Compartment	乘员舱		
DesignerParts.CrewCompartment.CrewCompartment.Description	A fuselage that holds crew with a high density of seats, but a limited working pressure range. Under too much or too little pressure, it takes damage.	座椅密度很高的乘员机身，但工作压力范围有限。压力过高或过低都会受损。		
DesignerParts.Detacher1.Interstage.Name	Interstage	级间段		
DesignerParts.Detacher1.Interstage.Description	Use this to split your craft into stages.	用它把载具分成多级。		
DesignerParts.DetacherSide1.SideInterstage.Name	Side Interstage	侧挂级间段		
DesignerParts.DetacherSide1.SideInterstage.Description	Interstage that is designed to connect to the side of a fuel tank, but can connect to other places, too.	为连接燃料箱侧面而设计的级间段，但也能连接到其他位置。		
DesignerParts.DockingPort1.DockingPort.Name	Docking Port	对接口		
DesignerParts.DockingPort1.DockingPort.Description	Allows connecting two crafts in flight so they can be friends and transfer fuel.	让两个载具在飞行中对接，从而做朋友并互相输送燃料。		
DesignerParts.ElectricMotor1.ElectricMotorold.Name	Electric Motor (old)	电动机（旧版）		
DesignerParts.ElectricMotor1.ElectricMotorold.Description	Motor that can continuously rotate parts. Uses Electricity.	可连续旋转零件的电动机。消耗电力。		
DesignerParts.ElectricMotor2.ElectricMotor.Name	Electric Motor	电动机		
DesignerParts.ElectricMotor2.ElectricMotor.Description	Motor that can continuously rotate parts. Uses Electricity.	可连续旋转零件的电动机。消耗电力。		
DesignerParts.Engine1.MageIEngine.Name	Mage I Engine	Mage I 发动机		
DesignerParts.Engine1.MageIEngine.Description	Powerful engine that can be used for takeoff and orbiting. Not a great choice for landing on moons.	推力强劲，可用于起飞和入轨。不太适合在卫星上着陆。		
DesignerParts.Engine2.PixieIEngine.Name	Pixie I Engine	Pixie I 发动机		
DesignerParts.Engine2.PixieIEngine.Description	Lower power engine useful for second stages and landing on small planetary bodies.	推力较低，适合二级和小天体着陆。		
DesignerParts.Engine3.ApexIEngine.Name	Apex I Engine	Apex I 发动机		
DesignerParts.Engine3.ApexIEngine.Description	It's heavy, expensive, and drinks RP-1 like there's no tomorrow, but it will have the power to get even your most poorly engineered contraptions into space.	又重又贵，喝 RP-1 像不要命一样，但推力足够把你设计得最糟糕的玩意儿送上太空。		
DesignerParts.Eva-Tourist.Tourist.Name	Tourist	游客		
DesignerParts.Eva-Tourist.Tourist.Description	They pay money to go places, but sadly they lack jetpacks and grappling hooks, how useless...	他们会花钱去各处，可惜没有喷气背包和抓钩，真没用……		
DesignerParts.Eva.Drood.Name	Drood	Drood		
DesignerParts.Eva.Drood.Description	A mysterious being that resembles an Earthling. They can be a bit fragile but are great at exploring and piloting. Put them into cockpits, cabins, or seats to control your crafts even without power, and get them out in flight to have a walk.	一种形似地球人的神秘生物。有时有点脆弱，但非常擅长探索和驾驶。把他们放进座舱、客舱或座椅，即使没有电力也能操控载具；飞行中让他们出舱就能走走。		
DesignerParts.EvaChair1.Chair.Name	Chair	座椅		
DesignerParts.EvaChair1.Chair.Description	Astronauts will stand as long as you ask them to, but sometimes it's nice to give them a break and let them sit down.	只要你要求，航天员就会一直站着，但偶尔让他们坐下来歇歇也不错。		
DesignerParts.Fairing1.Fairing.Name	Fairing	整流罩		
DesignerParts.Fairing1.Fairing.Description	Protects precious cargo on its way to space. 	在飞往太空途中保护珍贵的载荷。		
DesignerParts.FairingBase1.FairingBase.Name	Fairing Base	整流罩底座		
DesignerParts.FairingBase1.FairingBase.Description	The base of your fairings. When using fairings, this must be the first part you connect to your craft.	整流罩的底座。使用整流罩时，必须最先把它连接到载具上。		
DesignerParts.FairingNoseCone1.FairingNoseCone.Name	Fairing Nose Cone	整流罩头锥		
DesignerParts.FairingNoseCone1.FairingNoseCone.Description	Nose cone specially designed to only connect to fairings.	专门设计为只能连接整流罩的头锥。		
DesignerParts.Fin1.Fin.Name	Fin	尾翼		
DesignerParts.Fin1.Fin.Description	Smaller wing section designed for rockets.	为火箭设计的较小翼面。		
DesignerParts.FuelAdapter1.FuelAdapter.Name	Fuel Adapter	燃料转接器		
DesignerParts.FuelAdapter1.FuelAdapter.Description	Makes it easier to connect engines to odd places on fuel tanks.	让发动机更容易连接到燃料箱上那些别扭的位置。		
DesignerParts.Fuselage1.FuelTank.Name	Fuel Tank	燃料箱		
DesignerParts.Fuselage1.FuelTank.Description	Versatile fuel tank that can be resized into many shapes and can hold many different types of fuel.	多用途燃料箱，可调整成多种形状，并能容纳多种不同类型的燃料。		
DesignerParts.Fuselage1.BatteryPack.Name	Battery Pack	电池组		
DesignerParts.Fuselage1.BatteryPack.Description	A properly sized, handy fuel tank preset to hold battery, in case you don't feel like using the built-in battery of a command disc.	尺寸合适、方便好用的燃料箱预设，用于装电池，以防你不想用指令盘自带的电池。		
DesignerParts.Fuselage1.BatteryTank.Name	Battery Tank	电池箱		
DesignerParts.Fuselage1.BatteryTank.Description	If you don't worry about weight and you don't feel like bringing some solar panels with you, this clearly over-sized battery will do.	如果你不在乎重量，也不想带太阳能板，这个明显超大的电池就够用了。		
DesignerParts.Gauge1.GaugeTop.Name	Gauge Top	仪表顶部		
DesignerParts.GaugeBase1.GaugeBase.Name	Gauge Base	仪表底座		
DesignerParts.GaugeBundle.Gauge.Name	Gauge	仪表		
DesignerParts.GaugeBundle.Gauge.Description	Radial gauge, for displaying input.	径向仪表，用于显示输入。		
DesignerParts.Generator1.FuelCell.Name	Fuel Cell	燃料电池		
DesignerParts.Generator1.FuelCell.Description	A generator that turns fuel into power. It's far from efficient at burning it, but can be a lighter, more compact alternative to large batteries.	把燃料转化为电力的发电机。燃烧效率并不高，但可以比大电池更轻、更紧凑。		
DesignerParts.Generator2.RTG.Name	RTG	RTG		
DesignerParts.Generator2.RTG.Description	Radioisotope Thermal Generators act as a passive power source thanks to their insanely radioactive plutonium core. With one you can have power anywhere in the system, but it doesn't come cheap.	放射性同位素温差发电机凭借其放射性强到夸张的钚核心作为被动电源。有了它，你在星系中任何地方都能有电，但价格不便宜。		
DesignerParts.Gyroscope1.Gyroscope.Name	Gyroscope	陀螺仪		
DesignerParts.Gyroscope1.Gyroscope.Description	Allows attitude control without thrust. \nUses electricity.	无需推力即可进行姿态控制。\n消耗电力。		
DesignerParts.HeatShield1.HeatShield.Name	Heat Shield	隔热罩		
DesignerParts.HeatShield1.HeatShield.Description	Provides protection from intense heat during re-entry.	在再入时提供高温防护。		
DesignerParts.HingeRotator1.HingeRotator.Name	Hinge Rotator	铰链旋转器		
DesignerParts.HingeRotator1.HingeRotator.Description	Small motor that can rotate parts around a hinge.	可让零件绕铰链旋转的小型电机。		
DesignerParts.Inlet1.Inlet.Name	Inlet	进气道		
DesignerParts.Inlet1.Inlet.Description	Inlets suck in air for jet engines. Make sure the front of the inlet isn't blocked by other parts, because that can obstruct its airflow.	进气道为喷气发动机吸入空气。确保进气道前方没有被其他零件挡住，否则会阻碍气流。		
DesignerParts.IonEngine1.IonEngine.Name	Ion Engine	离子发动机		
DesignerParts.IonEngine1.IonEngine.Description	Extremely low power, high-efficiency engine that expels ions at nearly 50km/s. Requires electricity.	推力极低但效率极高的发动机，以近 50km/s 的速度喷出离子。需要电力。		
DesignerParts.JetEngine1.PegasusEngine.Name	Pegasus Engine	Pegasus 发动机		
DesignerParts.JetEngine1.PegasusEngine.Description	High-bypass jet engines are the most fuel efficient style of jet engines, and are more commonly found on passenger airplanes where money matters.	高涵道比喷气发动机是最省油的喷气发动机类型，常见于比较在意钱的客机上。		
DesignerParts.JetEngine1.GriffinEngine.Name	Griffin Engine	Griffin 发动机		
DesignerParts.JetEngine1.GriffinEngine.Description	A low-bypass jet engine that trades fuel efficiency for more thrust. It also includes an afterburner, which significantly boosts thrust and makes it totally rad.	低涵道比喷气发动机，牺牲燃油效率来换取更大推力。它还带加力燃烧室，能显著提升推力，非常带劲。		
DesignerParts.JetEngine1.CerberusEngine.Name	Cerberus Engine	Cerberus 发动机		
DesignerParts.JetEngine1.CerberusEngine.Description	Indecisive about where to go? Fear no more! This jet engine blends the best of both worlds, feeding extra oxygen to its afterburner so it works even in space.	纠结要去哪儿？不用怕！这款喷气发动机融合两者所长，为加力燃烧室额外供氧，在太空中也能工作。		
DesignerParts.JetEngine1.MinotaurEngine.Name	Minotaur Engine	Minotaur 发动机		
DesignerParts.JetEngine1.MinotaurEngine.Description	With a great balance between power and efficiency, mid-bypass turbofans are the perfect choice for mid size planes and small and fancy private jets.	中涵道比涡扇发动机在推力与效率之间平衡得极好，是中型飞机和精致小型私人喷气机的完美选择。		
DesignerParts.JetEngine1.CentaurEngine.Name	Centaur Engine	Centaur 发动机		
DesignerParts.JetEngine1.CentaurEngine.Description	Turbojets are the oldest and least efficient jet engines. These were designed before engineers knew that redirecting some air around the core was more fuel efficient and produced more thrust.	涡喷是最古老、效率最低的喷气发动机。它们诞生于工程师还不知道让部分气流绕过核心更省油、推力更大之前。		
DesignerParts.KomodoBundle.KomodoCapsule.Name	Komodo Capsule	Komodo 舱		
DesignerParts.KomodoBundle.KomodoCapsule.Description	Command pod which includes a small amount of fuel, built-in engines, and a rotating nose cone.	指令舱，含少量燃料、内置发动机和可旋转头锥。		
DesignerParts.Label1.Label.Name	Label	标签		
DesignerParts.Label1.Label.Description	Displays text. For labeling stuff, or whatever.	显示文字。用来给东西贴标签，或者随便什么。		
DesignerParts.LandingGear1.AirplaneLandingGear.Name	Airplane Landing Gear	飞机起落架		
DesignerParts.LandingGear1.AirplaneLandingGear.Description	Customizable landing gear.	可自定义的起落架。		
DesignerParts.LandingGear1.SmallLandingGear.Name	Small Landing Gear	小型起落架		
DesignerParts.LandingGear1.SmallLandingGear.Description	Customizable landing gear.	可自定义的起落架。		
DesignerParts.LandingLeg1.LandingLeg.Name	Landing Leg	着陆支腿		
DesignerParts.LandingLeg1.LandingLeg.Description	Useful for landing without smashing your engine into the ground.	让你着陆时不会把发动机砸进地面。		
DesignerParts.LandingLeg2.MerlinLeg.Name	Merlin Leg	Merlin 支腿		
DesignerParts.LandingLeg2.MerlinLeg.Description	A sturdy set of legs useful for landing without smashing your engines into the ground, with great aero for how far they can deploy	一套结实的支腿，让你着陆时不会把发动机砸进地面，展开幅度很大却气动优良		
DesignerParts.LandingLeg3.KISLeg.Name	KIS Leg	KIS 支腿		
DesignerParts.LandingLeg3.KISLeg.Description	A very advanced and modern landing leg that will allow you to bring down the rockets of the future	非常先进现代的着陆支腿，能让你降下未来的火箭		
DesignerParts.LandingLeg4.PistonLeg.Name	Piston Leg	活塞支腿		
DesignerParts.LandingLeg4.PistonLeg.Description	A small and simple landing leg, capable of slowing down the impact on moon landers	小巧简单的着陆支腿，能减缓卫星着陆器受到的冲击		
DesignerParts.Light1.Light.Name	Light	灯		
DesignerParts.Light1.Light.Description	Use these to help light your way.	用它们为你照亮道路。		
DesignerParts.Mfd1.MultifunctionDisplay.Name	Multi-function Display	多功能显示器		
DesignerParts.Mfd1.MultifunctionDisplay.Description	Runs special Vizzy programs to display interactive widgets during flight.	运行专用的 Vizzy 程序，在飞行中显示交互式组件。		
DesignerParts.NoseCone1.NoseCone.Name	Nose Cone	头锥		
DesignerParts.NoseCone1.NoseCone.Description	When used correctly, nose cones can reduce drag.	正确使用时，头锥能降低阻力。		
DesignerParts.NoseCone1.Hemisphere.Name	Hemisphere	半球		
DesignerParts.NoseCone1.Hemisphere.Description	Half a sphere. Two of these make a ball. Don't expect them to roll nice though, the collider is just a cone, sadly.	半个球体。两个就能拼成一个球。不过别指望它们滚得很顺，可惜碰撞体只是个锥形。		
DesignerParts.Package.Package.Name	Package	包裹		
DesignerParts.Package.Package.Description	A container with unknown contents.	内容物未知的容器。		
DesignerParts.Parachute1.Parachute.Name	Parachute	降落伞		
DesignerParts.Parachute1.Parachute.Description	With this you should hopefully touch down with a more gentle touch, but don't push them too far or they will break.	有了它，你触地时应该会轻柔一些，但别用得太狠，否则它们会损坏。		
DesignerParts.Parachute1.DrogueChute.Name	Drogue Chute	减速伞		
DesignerParts.Parachute1.DrogueChute.Description	Activate these in an atmosphere to reduce your chances of rapid unplanned disassembly.	在大气中启动它们，可降低你意外快速解体的概率。		
DesignerParts.Piston1.Piston.Name	Piston	活塞		
DesignerParts.Piston1.Piston.Description	Push parts away from each other with a customizable hydraulic piston.	用可自定义的液压活塞把零件彼此推开。		
DesignerParts.PropellerAssembly1.SkylineProp.Name	Skyline Prop	Skyline 螺旋桨		
DesignerParts.PropellerAssembly1.SkylineProp.Description	Your classic civilian small aircraft propeller, suited for the early crafts that require well rounded performance for cheap.	经典民用小型飞机螺旋桨，适合早期那些需要便宜且性能均衡的载具。		
DesignerParts.PropellerBundles.SkylineProp.Name	Skyline Prop	Skyline 螺旋桨		
DesignerParts.PropellerBundles.SkylineProp.Description	Your classic civilian small aircraft propeller, suited for the early crafts that require well rounded performance for cheap.	经典民用小型飞机螺旋桨，适合早期那些需要便宜且性能均衡的载具。		
DesignerParts.PropellerBundles.InterceptorProp.Name	Interceptor Prop	Interceptor 螺旋桨		
DesignerParts.PropellerBundles.InterceptorProp.Description	A large propeller perfect for large aircraft, a couple of these will provide the thrust you need to get things going.	适合大型飞机的大尺寸螺旋桨，装几个就能提供让东西动起来所需的推力。		
DesignerParts.PropellerBundles.ExplorerProp.Name	Explorer Prop	Explorer 螺旋桨		
DesignerParts.PropellerBundles.ExplorerProp.Description	A set of powerful lightweight blades perfect for vertical take-off and landing.	一套强劲轻巧的桨叶，非常适合垂直起降。		
DesignerParts.PropellerBundles.StriderProp.Name	Strider Prop	Strider 螺旋桨		
DesignerParts.PropellerBundles.StriderProp.Description	Modern and efficient blades ideal for long-range flight, just make sure you keep your fingers away from it.	现代高效的桨叶，适合远程飞行，只要记得别把手指伸进去。		
DesignerParts.PropellerBundles.VortexProp.Name	Vortex Prop	Vortex 螺旋桨		
DesignerParts.PropellerBundles.VortexProp.Description	A small boat propeller. The Oceans are yours now! Well, more like lakes, but you get the point.	小型船用螺旋桨。海洋现在是你的了！好吧，其实更像湖泊，但你懂意思。		
DesignerParts.PropellerBundles.RiptideProp.Name	Riptide Prop	Riptide 螺旋桨		
DesignerParts.PropellerBundles.RiptideProp.Description	A large boat propeller for long-range trips and huge ships, made of heavy steel, so get ahold of a beefy motor for it.	用于远航和巨型船只的大型船用螺旋桨，由重型钢材制成，所以得配个强劲的电机。		
DesignerParts.RCSNozzle1.RCSNozzle.Name	RCS Nozzle	RCS 喷管		
DesignerParts.RCSNozzle1.RCSNozzle.Description	Reaction control nozzles help provide precise attitude control. Uses monopropellant.	反作用控制喷管可提供精确的姿态控制。消耗单元推进剂。		
DesignerParts.RCSNozzle2.MultiDirectionalRCS.Name	Multi Directional RCS	多向 RCS		
DesignerParts.RCSNozzle2.MultiDirectionalRCS.Description	A reaction control nozzle that gimbals for far greater control than a standard RCS nozzle. Some say it can do the work of five normal RCS nozzles.	可矢量摆动的反作用控制喷管，操控能力远超标准 RCS 喷管。有人说它能顶五个普通 RCS 喷管。		
DesignerParts.RocketEngine1.SpiritEngine.Name	Spirit Engine	Spirit 发动机		
DesignerParts.RocketEngine1.SpiritEngine.Description	This engine is not about power, but about precision. Capable of small orbit and attitude adjustments, this engine is a must in any deep space mission.	这款发动机不追求推力，而追求精度。能进行小幅轨道和姿态调整，是任何深空任务的必备。		
DesignerParts.RocketEngine1.GnomeEngine.Name	Gnome Engine	Gnome 发动机		
DesignerParts.RocketEngine1.GnomeEngine.Description	As close as a deflating balloon you can get in terms of complexity, but also in terms of thrust.	复杂程度上最接近一个泄气的气球，推力上也一样。		
DesignerParts.RocketEngine1.PixieEngine.Name	Pixie Engine	Pixie 发动机		
DesignerParts.RocketEngine1.PixieEngine.Description	Low-power engine useful for second stages and landing on small bodies. Its electric pump allows a quick start and very low throttling, but requires some batteries on board.	低推力发动机，适合二级和小天体着陆。电动泵使其能快速启动并实现极低油门，但需要机上带一些电池。		
DesignerParts.RocketEngine1.DragonEngine.Name	Dragon Engine	Dragon 发动机		
DesignerParts.RocketEngine1.DragonEngine.Description	Highly efficient nuclear thermal engine. Warning: Do not lick.	高效核热发动机。警告：请勿舔。		
DesignerParts.RocketEngine1.MageEngine.Name	Mage Engine	Mage 发动机		
DesignerParts.RocketEngine1.MageEngine.Description	Powerful engine that can be used for takeoff and orbiting. Not a great choice for landing on moons.	推力强劲，可用于起飞和入轨。不太适合在卫星上着陆。		
DesignerParts.RocketEngine1.WyvernEngine.Name	Wyvern Engine	Wyvern 发动机		
DesignerParts.RocketEngine1.WyvernEngine.Description	A sophisticated methalox engine with great efficiency thanks to one of the most advanced pump systems ever seen.	精密的甲烷-液氧发动机，凭借史上最先进的泵系统之一实现了出色效率。		
DesignerParts.RocketEngine1.TitanEngine.Name	Titan Engine	Titan 发动机		
DesignerParts.RocketEngine1.TitanEngine.Description	Powerful and efficient engine that uses hydrolox and staged combustion.	使用液氢液氧和分级燃烧的强劲高效发动机。		
DesignerParts.RocketEngine1.ApexEngine.Name	Apex Engine	Apex 发动机		
DesignerParts.RocketEngine1.ApexEngine.Description	It's heavy, expensive, and drinks RP-1 like there's no tomorrow, but it will have the power to get even your most poorly engineered contraptions into space.	又重又贵，喝 RP-1 像不要命一样，但推力足够把你设计得最糟糕的玩意儿送上太空。		
DesignerParts.RocketEngine1.GoblinSolidMotor.Name	Goblin Solid Motor	Goblin 固体发动机		
DesignerParts.RocketEngine1.GoblinSolidMotor.Description	Sugar, spice and everything nice. The favorite toy of any rocket nerd.	糖、香料，一切美好的东西。每个火箭迷最爱的玩具。		
DesignerParts.RocketEngine1.IfritSolidBooster.Name	Ifrit Solid Booster	Ifrit 固体助推器		
DesignerParts.RocketEngine1.IfritSolidBooster.Description	Powerful and cheap, but inefficient. Cannot be shut down once ignited.	强劲又便宜，但效率不高。一旦点燃就无法关机。		
DesignerParts.RocketEngine1.PhoenixSolidBooster.Name	Phoenix Solid Booster	Phoenix 固体助推器		
DesignerParts.RocketEngine1.PhoenixSolidBooster.Description	An extremely powerful solid rocket motor. Brute forces its usefulness through sheer power with no concern for efficiency whatsoever.	推力极强的固体火箭发动机。靠纯粹的暴力推力证明自己的用处，完全不考虑效率。		
DesignerParts.RocketEngine1.ChimeraSolidBooster.Name	Chimera Solid Booster	Chimera 固体助推器		
DesignerParts.RocketEngine1.ChimeraSolidBooster.Description	An extremely powerful solid rocket motor with a gimbal. This beast can flex its muscles when necessary.	带矢量摆动的超强固体火箭发动机。这头猛兽必要时能秀一把肌肉。		
DesignerParts.RotatingNoseCone1.KomodoNoseCone.Name	Komodo Nose Cone	Komodo 头锥		
DesignerParts.Rotator1.Rotator.Name	Rotator	旋转器		
DesignerParts.Rotator1.Rotator.Description	Small motor that can rotate parts.	可旋转零件的小型电机。		
DesignerParts.RoverWheel1.CarWheel.Name	Car Wheel	汽车轮		
DesignerParts.RoverWheel1.CarWheel.Description	Resizable wheels that have a built-in electric motor. 	尺寸可调的轮子，内置电动机。		
DesignerParts.RoverWheel1.OffroadWheel.Name	Offroad Wheel	越野轮		
DesignerParts.RoverWheel1.OffroadWheel.Description	Resizable wheels that have a built-in electric motor. 	尺寸可调的轮子，内置电动机。		
DesignerParts.Shock1.Shock.Name	Shock	减震器		
DesignerParts.Shock1.Shock.Description	Shocks are useful when you want to soften impact with terra firma.	想减缓与大地接触的冲击时，减震器很有用。		
DesignerParts.SolarPanel1.SolarPanel.Name	Solar Panel	太阳能板		
DesignerParts.SolarPanel1.SolarPanel.Description	Single, stationary solar panel that can be resized.	单片固定式太阳能板，尺寸可调。		
DesignerParts.SolarPanelArray.SolarPanelArray.Name	Solar Panel Array	太阳能板阵列		
DesignerParts.SolarPanelArray.SolarPanelArray.Description	Configurable solar panel array that stows away into a remarkably small space.	可配置的太阳能板阵列，收起后占用空间极小。		
DesignerParts.StructuralPanel1.StructuralPanel.Name	Structural Panel	结构板		
DesignerParts.StructuralPanel1.StructuralPanel.Description	It may look like a wing, but it has no wing physics simulation. Great when you need lots of wing-like shapes but don't care if they generate lift. They use less processing power than a normal wing, so your design runs a little faster.	它看起来像机翼，但没有机翼物理模拟。当你需要大量翼状外形却不在意是否产生升力时非常合适。它们比普通机翼占用更少运算资源，因此你的设计运行会稍快一些。		
DesignerParts.Strut1.Strut.Name	Strut	支撑杆		
DesignerParts.Strut1.Strut.Description	Resizable strut that can help bolster your crafts.	尺寸可调的支撑杆，可增强载具结构。		
DesignerParts.TestPilot.TestDummy.Name	Test Dummy	测试假人		
DesignerParts.TestPilot.TestDummy.Description	Human like device that can be used to monitor the safety of your crafts.	类似人体的装置，可用于监测载具的安全性。		
DesignerParts.ToggleSwitch1.ToggleSwitch.Name	Toggle Switch	拨动开关		
DesignerParts.ToggleSwitch1.ToggleSwitch.Description	Switches when toggled.	拨动时切换。		
DesignerParts.Wing1.Wing.Name	Wing	机翼		
DesignerParts.Wing1.Wing.Description	Large wing section designed with airplanes in mind.	为飞机设计的大型翼面。		
Download.Celestial.DownloadingFilesFormat	Downloading Files... {0:F1}%	正在下载文件…… {0:F1}%		
Download.Celestial.PromptLoadPlanetStudio	Download Succeeded. \n\nDo you want to load the downloaded item in Planet Studio?	下载成功。\n\n是否要在行星工坊中加载已下载的项目？		
Download.Celestial.SuccessMessage	Download Succeeded!	下载成功！		
Download.Celestial.UnableToDetermineResourcesByPostFormat	Unable to determine resources required by post '{0}'	无法确定帖子「{0}」所需的资源		
Download.Celestial.UnableToDetermineResourcesByResourceFormat	Unable to determine resources required by resource '{0}'	无法确定资源「{0}」所需的资源		
Download.Content.CancelButton	CANCEL	取消		
Download.Content.CustomSystemsFeatureMessage	unlock support for downloading community planets and planetary systems.	解锁下载社区行星和行星系的支持。		
Download.Content.DownloadButton	DOWNLOAD	下载		
Download.Content.DownloadingFormat	Downloading: {0}%	正在下载：{0}%		
Download.Content.HashMismatchFormat	The id of the installed resource file '{0}' does not match the id of the downloaded resource file '{1}'.	已安装资源文件「{0}」的 id 与已下载资源文件「{1}」的 id 不匹配。		
Download.Content.Processing	Processing...	处理中……		
Download.Content.SizePromptFormat	This content requires {0} files to be downloaded. \n\nEstimated download size: {1}.\n\n	此内容需要下载 {0} 个文件。\n\n预计下载大小：{1}。\n\n		
Download.Content.UnableToFindResourceFormat	Unable to find required resource file '{0}' on the server.	服务器上找不到所需的资源文件「{0}」。		
Download.Content.UnexpectedFailureFormat	An unexpected failure occurred: {0}	发生意外错误：{0}		
Download.ContentResult.CommunicationFailure	Failed to download. Please verify your Internet connection and try again.	下载失败。请检查网络连接后重试。		
ErrorMonitoring.UnreportedErrorsPrompt	It looks like a problem occurred earlier. Would you help improve the game? Click Okay to send us a bug report.	看起来之前出现了问题。愿意帮我们改进游戏吗？点击确定向我们发送错误报告。		
Flight.Benchmark.CommentPrompt	Enter a comment for the benchmark.	为基准测试输入一条备注。		
Flight.CraftRecovery.FailNoLocationsFormat	There are no recovery locations available on {0}.	{0} 上没有可用的回收地点。		
Flight.CraftRecovery.FailNotEnoughParts	This craft does not have any parts to recover.	该载具没有可回收的零件。		
Flight.CraftRecovery.FailNotGrounded	The craft cannot be recovered because it is not on the ground.	载具不在陆地上，无法回收。		
Flight.CraftRecovery.FailTooFast	The craft cannot be recovered because it is moving too fast.	载具移动速度过快，无法回收。		
Flight.CraftRecovery.RecoveryDestroyPromptFormat	{0}\n\nWould you like to destroy this craft instead?	{0}\n\n要改为摧毁该载具吗？		
Flight.CraftRecovery.HeaderFormat	<size=125%>RECOVER CRAFT</size>	<size=125%>回收载具</size>		
Flight.CraftRecovery.ClosestLocationFormat	The closest recovery location is {0} which is {1}	最近的回收地点是 {0}，距离{1}		
Flight.CraftRecovery.VeryClose	very close.	非常近。		
Flight.CraftRecovery.DistanceAwayFormat	{0} away.	距离 {0}。		
Flight.CraftRecovery.BodyRecoupSingularFormat	You can recover {0} part from this craft and recoup {1}.	你可以从该载具回收 {0} 个零件，并收回 {1}。		
Flight.CraftRecovery.BodyRecoupPluralFormat	You can recover {0} parts from this craft and recoup {1}.	你可以从该载具回收 {0} 个零件，并收回 {1}。		
Flight.CraftRecovery.BodyPaySingularFormat	You can recover {0} part from this craft but you will need to pay {1}.	你可以从该载具回收 {0} 个零件，但需要支付 {1}。		
Flight.CraftRecovery.BodyPayPluralFormat	You can recover {0} parts from this craft but you will need to pay {1}.	你可以从该载具回收 {0} 个零件，但需要支付 {1}。		
Flight.CraftRecovery.RecommendDestroy	We recommend you destroy this craft instead.	建议改为摧毁该载具。		
Flight.CraftRecovery.RecommendRecoverSingular	There is an astronaut on board, so we recommend recovering this craft.	船上有航天员，建议回收该载具。		
Flight.CraftRecovery.RecommendRecoverPlural	There are astronauts on board, so we recommend recovering this craft.	船上有航天员，建议回收该载具。		
Flight.CraftRecovery.ConfirmPrompt	Do you want to recover this craft?	要回收该载具吗？		
Flight.CrewCompartment.MoveCannotFormat	Cannot move crew from {0}#{1}, because {2}	无法从 {0}#{1} 移动乘员，原因：{2}		
Flight.CrewCompartment.MovedIncompleteFormat	Crew Moved\n\nMovement of {0} Crew Member(s) Incomplete due to {1}	乘员已移动\n\n由于{1}，{0} 名乘员的移动未完成		
Flight.CrewCompartment.MoveReason.Capacity	Compartment Capacity	舱室容量		
Flight.CrewCompartment.MoveReason.Distance	Distance	距离		
Flight.CrewCompartment.TransferReason.External	you are transferring external crew	你正在转移外部乘员		
Flight.CrewCompartment.TransferReason.FromOtherFormat	you are moving crew from {0}	你正在从 {0} 转移乘员		
Flight.FlightLog.CraftCrushed	Your craft got crushed by the celestial body.	你的载具被天体压碎了。		
Flight.FlightLog.CraftExploded	Your craft exploded upon impact	你的载具在撞击时爆炸了		
Flight.Inspector.DeltaV.AntiNormal	Anti-normal	反法向		
Flight.Inspector.DeltaV.AntiNormalNormal	Anti-normal / Normal Delta-V	反法向 / 法向 Delta-V		
Flight.Inspector.DeltaV.Normal	Normal	法向		
Flight.Inspector.DeltaV.Prograde	Prograde	顺行		
Flight.Inspector.DeltaV.ProgradeRetrograde	Prograde / Retrograde Delta-V	顺行 / 逆行 Delta-V		
Flight.Inspector.DeltaV.RadialIn	Radial-in	径向内		
Flight.Inspector.DeltaV.RadialInOut	Radial-in / Radial-out Delta-V	径向内 / 径向外 Delta-V		
Flight.Inspector.DeltaV.RadialOut	Radial-out	径向外		
Flight.Inspector.DeltaV.Retrograde	Retrograde	逆行		
Flight.ManeuverNode.CurrentPeriod	Current Period	当前周期		
Flight.ManeuverNode.Error	Error	错误		
Flight.ManeuverNode.FuturePeriodFormat	Future Period: {0}	未来周期：{0}		
Flight.ManeuverNode.NextPeriod	Next Period	下一周期		
Flight.ManeuverNode.OrbitalPeriodTooltip	This can be used to position the planned burn one or more orbital periods in the future.	可用它把计划点火定位到一个或多个轨道周期之后。		
Flight.ManeuverNode.PlannedBurn	Planned Burn	计划点火		
Flight.ManeuverNode.Sensitivity	Sensitivity	灵敏度		
Flight.ManeuverNode.SensitivityTooltip	Adjusts how sensitive the delta-v adjustment gizmos are. Lower sensitivity results in smaller delta-v changes when interacting with the planned burn gizmos.	调整 Delta-V 调节手柄的灵敏度。灵敏度越低，操作计划点火手柄时 Delta-V 的变化越小。		
Flight.MapItem.PlayerCraftFallback	Player Craft	玩家载具		
Flight.MapItem.SelectFormat	Select {0}	选择 {0}		
Flight.MapView.ContextMenu.PlannedBurnApoapsis	Planned Burn at Apoapsis	在远拱点计划点火		
Flight.MapView.ContextMenu.PlannedBurnAscendingNode	Planned Burn at Ascending Node	在升交点计划点火		
Flight.MapView.ContextMenu.PlannedBurnAscendingNodeTarget	Planned Burn at Ascending Node (Target)	在升交点计划点火（目标）		
Flight.MapView.ContextMenu.PlannedBurnDescendingNode	Planned Burn at Descending Node	在降交点计划点火		
Flight.MapView.ContextMenu.PlannedBurnDescendingNodeTarget	Planned Burn at Descending Node (Target)	在降交点计划点火（目标）		
Flight.MapView.ContextMenu.PlannedBurnHere	Planned Burn Here	在此处计划点火		
Flight.MapView.ContextMenu.PlannedBurnPeriapsis	Planned Burn at Periapsis	在近拱点计划点火		
Flight.MapView.ContextMenu.WarpHere	Warp Here	加速至此		
Flight.MapView.ContextMenu.WarpToApoapsis	Warp to Apoapsis	加速至远拱点		
Flight.MapView.ContextMenu.WarpToAscendingNode	Warp to Ascending Node	加速至升交点		
Flight.MapView.ContextMenu.WarpToAscendingNodeTarget	Warp to Ascending Node (Target)	加速至升交点（目标）		
Flight.MapView.ContextMenu.WarpToDescendingNode	Warp to Descending Node	加速至降交点		
Flight.MapView.ContextMenu.WarpToDescendingNodeTarget	Warp to Descending Node (Target)	加速至降交点（目标）		
Flight.MapView.ContextMenu.WarpToPeriapsis	Warp to Periapsis	加速至近拱点		
Flight.MapView.Inspector.BurnAccuracy.High	High	高		
Flight.MapView.Inspector.BurnAccuracy.Low	Low	低		
Flight.MapView.Inspector.BurnAccuracy.Med	Med	中		
Flight.MapView.Inspector.BurnAccuracy.NotRecommended	Not Recommended	不推荐		
Flight.MapView.Inspector.DeleteCraftConfirmationFormat	Are you sure you want to destroy '{0}'?	确定要摧毁「{0}」吗？		
Flight.MapView.Inspector.DeletedCraftFormat	Destroyed craft: {0}	已摧毁载具：{0}		
Flight.MapView.Inspector.DeletedPlannedBurn	Deleted planned burn.	已删除计划点火。		
Flight.MapView.Inspector.DockingStatus.NoActivity	No Activity	无活动		
Flight.MapView.Inspector.DockingStatus.PortFormat	Port {0}	对接口 {0}		
Flight.MapView.Inspector.ItemType.Craft	Craft	载具		
Flight.MapView.Inspector.ItemType.Planet	Planet	行星		
Flight.MapView.Inspector.NodeType.EnterSoi	Enter SOI	进入影响范围		
Flight.MapView.Inspector.NodeType.ExitSoi	Exit SOI	离开影响范围		
Flight.MapView.Inspector.NodeType.PlannedBurn	Planned Burn	计划点火		
Flight.MapView.Inspector.PlayerCraftPrefix	Player Craft - 	玩家载具 - 		
Flight.MapView.NotUnlocked	You haven't unlocked the map view yet. You can unlock it in the Tech Tree.	你还没有解锁地图视图。可在科技树中解锁。		
Flight.NavSphere.IndicatorType.AntiNormal	Anti Normal	反法向		
Flight.NavSphere.IndicatorType.AntiTarget	Anti Target	反目标		
Flight.NavSphere.IndicatorType.Down	Down	下		
Flight.NavSphere.IndicatorType.East	East	东		
Flight.NavSphere.IndicatorType.ManeuverNode	Maneuver Node	机动节点		
Flight.NavSphere.IndicatorType.Normal	Normal	法向		
Flight.NavSphere.IndicatorType.North	North	北		
Flight.NavSphere.IndicatorType.RadialIn	Radial In	径向内		
Flight.NavSphere.IndicatorType.RadialOut	Radial Out	径向外		
Flight.NavSphere.IndicatorType.South	South	南		
Flight.NavSphere.IndicatorType.Target	Target	目标		
Flight.NavSphere.IndicatorType.Up	Up	上		
Flight.NavSphere.IndicatorType.VelocityPrograde	Velocity Prograde	顺行速度		
Flight.NavSphere.IndicatorType.VelocityRetrograde	Velocity Retrograde	逆行速度		
Flight.NavSphere.IndicatorType.West	West	西		
Flight.NextBurn.ArrivalTime	Arrival Time	到达时间		
Flight.NextBurn.BurnTime	Burn Time	点火时间		
Flight.NextBurn.DeltaV	Delta-V	Delta-V		
Flight.NextBurn.DeltaVProgressBar	Delta V	Delta V		
Flight.NextBurn.Title	Next Burn	下次点火		
Flight.OrbitChain.BurnNode	Burn Node	点火节点		
Flight.OrbitChain.Craft	Craft	载具		
Flight.OrbitChain.Day	day	天		
Flight.OrbitChain.Days	days	天		
Flight.OrbitChain.DaysFormat	{0:.0}days	{0:.0}天		
Flight.OrbitChain.EnterNode	Enter Node	进入节点		
Flight.OrbitChain.ExitNode	Exit Node	离开节点		
Flight.OrbitChain.NaN	NaN	NaN		
Flight.OrbitChain.Year	year	年		
Flight.OrbitChain.Years	years	年		
Flight.Teleport.CannotCrossPlanet	Cannot teleport to a target on another planet.	无法传送到另一颗行星上的目标。		
Flight.Teleport.NextToTarget	Teleported next to the target	已传送到目标旁边		
Flight.Teleport.TargetDockingPort	Teleported to the target docking port	已传送到目标对接口		
Flight.Teleport.TargetLocation	Teleported to target location	已传送到目标位置		
Flight.Teleport.TargetPlanet	Teleported to target planet	已传送到目标行星		
Flight.Teleport.UpDistanceFormat	Teleported up {0}m	已向上传送 {0}m		
Flight.TimeManager.Warp	WARP	加速		
Flight.TimePanel.MissionTime.DayAbbrLong	D	天		
Flight.TimePanel.MissionTime.YearAbbr	Y	年		
Game.SaveLoadFailed	The game failed to load the save. Check the log for more info.	游戏无法加载该存档。查看日志了解详情。		
Game.SaveNotFound	The game attempted to load a save that does not exist. Check the log for more info.	游戏尝试加载不存在的存档。查看日志了解详情。		
Inspector.Undo.AddedFormat	Added {0}	已添加 {0}		
Inspector.Undo.DeletedItemInFormat	Deleted item in {0}	{0} 中删除条目		
Inspector.Undo.RearrangedItemsInFormat	Rearranged items in {0}	{0} 中重排条目		
Inspector.Undo.RemovedFormat	Removed {0}	已移除 {0}		
Levels.Common.DistanceTraveledFormat	Distance Traveled: {0}	飞行距离：{0}		
Levels.Common.FuelUsedFormat	Fuel Used: {0}	已用燃料：{0}		
Levels.Common.TimeFormat	Time: {0}	时间：{0}		
Levels.DockingPractice.ApproachCraft	Now carefully approach the craft until your docking port touches its docking port.	现在小心接近该载具，直到你的对接端口碰到它的对接端口。		
Levels.DockingPractice.Docked	Docked! ({0})	已对接！({0})		
Levels.DockingPractice.DockingProgress	Docking {0} ({1})	对接中 {0} ({1})		
Levels.DockingPractice.EnableAnalogSticks	Turn on the analog sticks so you can control your craft.	开启模拟摇杆，以便控制你的载具。		
Levels.DockingPractice.EnableTranslationMode	Now enable Translation Mode so that you can move your craft in straight lines instead of rotating.	现在启用平移模式，让载具沿直线移动而不是旋转。		
Levels.DockingPractice.GoalDockWithSatellite	Dock with Satellite	与卫星对接		
Levels.DockingPractice.GoalDockWithSatelliteTimed	Dock with Satellite ({0})	与卫星对接 ({0})		
Levels.DockingPractice.LockHeading	Now lock your craft's heading on the target.	现在将载具朝向锁定到目标上。		
Levels.DockingPractice.SelectDockingPort	First we need to select the satellite's docking port.	首先需要选择卫星的对接端口。		
Levels.DockingPractice.SetAsTarget	Now we need to set it as our target.	现在需要将它设为目标。		
Levels.EsaJuice.DeltaVUsedFormat	Delta-V Used: {0:F2} m/s	已用 Delta-V：{0:F2} m/s		
Levels.LevelDesigner.TotalFuelFormat	\n\nTotal Fuel: {0}	\n\n总燃料：{0}		
Levels.ParachuteLanding.GoalLandOnDroo	Land on Droo ({0})	降落在 Droo ({0})		
Levels.ParachuteLanding.LandedOnDroo	Landed on Droo! ({0})	已降落在 Droo！({0})		
Levels.Requirements.AltitudeAbove	Altitude > {0}	高度 > {0}		
Levels.Requirements.AltitudeBelow	Altitude < {0}	高度 < {0}		
Levels.Requirements.Apoapsis	Apoapsis	远拱点		
Levels.Requirements.ApsisEqualFormat	{0} = {1}	{0} = {1}		
Levels.Requirements.ApsisGreaterFormat	{0} > {1}	{0} > {1}		
Levels.Requirements.AvoidImpactFormat	Avoid impact with {0}	避免撞击 {0}		
Levels.Requirements.CompleteContractFormat	Complete Contract: {0}	完成合约：{0}		
Levels.Requirements.DistanceTraveledGreater	Distance Traveled > {0}m	飞行距离 > {0}m		
Levels.Requirements.Docked	Docked	已对接		
Levels.Requirements.DockWithFormat	Dock with {0}	与 {0} 对接		
Levels.Requirements.FollowsInstructions	Follows Instructions	遵循指令		
Levels.Requirements.FuelUsedLess	Fuel Used < {0}	已用燃料 < {0}		
Levels.Requirements.ImpactFormat	Impact {0}	撞击 {0}		
Levels.Requirements.InclinationFormat	Inclination = {0} +/- {1}	倾角 = {0} +/- {1}		
Levels.Requirements.LandOnFormat	Land on {0}	降落在 {0}		
Levels.Requirements.MaxSpeedGreater	Max Speed > {0}	最大速度 > {0}		
Levels.Requirements.MustBeUpright	Must be upright	必须保持直立		
Levels.Requirements.Periapsis	Periapsis	近拱点		
Levels.Requirements.SoFar	So far...	目前…		
Levels.Requirements.SphereOfInfluenceFormat	Sphere of Influence = {0}	影响范围 = {0}		
Levels.Requirements.TimeLess	Time < {0}	时间 < {0}		
Levels.SatelliteRendezvous.Docked	Docked! ({0})	已对接！({0})		
Levels.SatelliteRendezvous.DockingProgress	Docking {0} ({1})	对接中 {0} ({1})		
Levels.SatelliteRendezvous.GoalDockWithSatellite	Dock with Satellite	与卫星对接		
Levels.SatelliteRendezvous.GoalDockWithSatelliteTimed	Dock with Satellite ({0})	与卫星对接 ({0})		
Levels.ShuttleLanding.GoalLandShuttle	Land the shuttle ({0})	着陆航天飞机 ({0})		
Levels.ShuttleLanding.Landed	Landed! ({0})	已着陆！({0})		
Levels.ShuttleLanding.Runway	the runway	跑道		
Menu.ActiveCrafts.NotAllowedFormat	You are not allowed to take control of {0} from this menu.	你不能在此菜单中接管 {0}。		
Menu.ActiveCrafts.ResumeFailed	Unable to resume the craft because it cannot be loaded.	无法继续该载具的飞行，因为它无法加载。		
Menu.CareerSelector.Title	Career Modes	生涯模式		
Menu.Challenges	Challenges	挑战		
Menu.Contracts.AcceptDuringTutorial	You cannot accept the contract yet. Please finish the tutorial first.	你现在还不能接受该合约。请先完成教程。		
Menu.Contracts.CancelDialog.CancelButton	No	否		
Menu.Contracts.CancelDialog.MessageFormat	Canceling this contract will cost <color=#e7515a>{0}</color>.\n\nAre you sure you want to cancel this contract?	取消此合约将花费 &lt;color=#e7515a&gt;{0}&lt;/color&gt;。&#10;&#10;确定要取消这个合约吗？		
Menu.Contracts.CancelDialog.OkayButton	Yes	是		
Menu.Contracts.CancelDuringFlight	You cannot accept or cancel contracts while in the flight scene.	在飞行场景中无法接受或取消合约。		
Menu.Contracts.ContextMenu.CompleteSelected	Complete Selected	标记所选为完成		
Menu.Contracts.ContextMenu.RefreshContracts	Refresh Contracts	刷新合约		
Menu.Contracts.ContextMenu.RegenerateSelected	Re-Generate Selected	重新生成所选		
Menu.Contracts.ContextMenu.ResetContract	Reset Contract	重置合约		
Menu.Contracts.ContextMenu.UncompleteSelected	Un-Complete Selected	取消所选完成状态		
Menu.Contracts.Customer.IntroTitle	You have a new customer	你有一位新客户		
Menu.Contracts.Details.AdvanceFormat	• Signing Bonus: {0}	• 签约奖金：{0}		
Menu.Contracts.Details.ContractNumberFormat	• Contract #{0}	• 合约 #{0}		
Menu.Contracts.Details.CrewBonusFormat	 + {0} if crewed	 载人时 + {0}		
Menu.Contracts.Details.CrewTechPointsBonusFormat	 + {0}TP if crewed	 载人时 + {0}TP		
Menu.Contracts.Details.CrewTechPointsOnlyFormat	• Tech Points if crewed: {0}TP	• 载人时科技点：{0}TP		
Menu.Contracts.Details.CustomerFormat	• Customer: {0}	• 客户：{0}		
Menu.Contracts.Details.DeadlineFormat	• Must be completed within {0:n1} days	• 必须在 {0:n1} 天内完成		
Menu.Contracts.Details.DescriptionHeader	Description	描述		
Menu.Contracts.Details.DetailsHeader	DETAILS	详情		
Menu.Contracts.Details.ExpirationFormat	• Can no longer be accepted after {0:n1} days	• 超过 {0:n1} 天后将无法再接受		
Menu.Contracts.Details.MoneyFormat	• Money: {0}	• 金钱：{0}		
Menu.Contracts.Details.RequirementsHeader	REQUIREMENTS	要求		
Menu.Contracts.Details.RewardsHeader	REWARDS	奖励		
Menu.Contracts.Details.TechPointsFormat	• Tech Points: {0}TP	• 科技点：{0}TP		
Menu.Contracts.Details.TutorialDescription	This contract has a tutorial! You're so lucky!	这个合约附带教程！你太幸运了！		
Menu.Contracts.Details.TutorialDuringFlight	You cannot start a tutorial while in the flight scene or while the menu tutorial is running.	在飞行场景中或菜单教程运行时，你无法开始教程。		
Menu.Contracts.Details.TutorialHeader	TUTORIAL	教程		
Menu.Contracts.Details.TutorialMustAccept	You must accept this contract before you can start the tutorial.	你必须先接受此合约，才能开始教程。		
Menu.Contracts.Details.TutorialStartButton	START TUTORIAL	开始教程		
Menu.Contracts.Details.UnlockLocationFormat	• Unlocks new location: {0}	• 解锁新地点：{0}		
Menu.Contracts.Details.UnlockLocationsFormat	• Unlocks new locations: {0}	• 解锁新地点：{0}		
Menu.Contracts.Filter.ShowRejected	Show Rejected	显示已拒绝		
Menu.Contracts.Filter.ShowRejectedTooltip	Shows the contracts that have been rejected	显示已被拒绝的合约		
Menu.Contracts.Flair.Accepted	Accepted	已接受		
Menu.Contracts.Flair.Completed	Completed	已完成		
Menu.Contracts.Flair.Location	LOCATION	地点		
Menu.Contracts.Flair.Rejected	Rejected	已拒绝		
Menu.Contracts.MaxAvailableUnlockHint	Unlock 'Novice Managers' in the tech tree to increase the max number of available contracts.	在科技树中解锁「新手经理」，以增加可用合约的最大数量。		
Menu.Contracts.NoItemsFound	No contracts are available right now.\nCheck the Tech Tree and see if there is anything you can unlock.	目前没有可用的合约。\n查看科技树，看看有没有可以解锁的内容。		
Menu.Contracts.PrimaryButton.Accept	ACCEPT	接受		
Menu.Contracts.PrimaryButton.Cancel	CANCEL	取消		
Menu.Contracts.PrimaryButton.Completed	COMPLETED	已完成		
Menu.Contracts.PrimaryButton.UnReject	UN-REJECT	取消拒绝		
Menu.Contracts.RefreshDialog.Message	Would you like to refresh the current selection of contracts? This will not affect contracts that you have already accepted.	要刷新当前的合约列表吗？这不会影响你已经接受的合约。		
Menu.Contracts.RejectDialog.Message	Reject this contract? Rejected contracts won't be shown again, but you can un-reject them anytime by opening the context menu at the top right and toggling the Show Rejected filter.	拒绝此合约？被拒绝的合约不会再显示，但你随时可以打开右上角的上下文菜单，切换「显示已拒绝」筛选器来取消拒绝。		
Menu.Contracts.ResetDialog.Message	Are you sure you want to reset this contract? You'll lose all progress on it.\n\nYou won't often need to reset a contract, but it can help in cases where a contract is attached to the wrong craft. 	确定要重置此合约吗？你将丢失它的全部进度。\n\n你通常不需要重置合约，但当合约绑定了错误的载具时，它能派上用场。 		
Menu.Contracts.Title	CONTRACTS	合约		
Menu.Contracts.UnlockCustomerFeature	unlock this customer and their contracts.	解锁此客户及其合约。		
Menu.Contracts.UnrejectDialog.Message	Confirm that you want to remove this contract from your rejection list. You may not see this exact contract again, but you might start seeing more contracts like it.	确认要将此合约从拒绝列表中移除。你可能不会再看到这一份合约，但可能会看到更多类似的合约。		
Menu.Education.Message	This is the education version of {0}.\n\nClick OKAY to confirm that you are not running the game on a personally owned device.	这是 {0} 的教育版。\n\n点击「确定」以确认你并非在个人拥有的设备上运行本游戏。		
Menu.Education.MoreInfoButton	MORE INFO	更多信息		
Menu.Exploration.LandmarksHeader	LANDMARKS	地标		
Menu.Exploration.Title	EXPLORATION	探索		
Menu.InProgressFlightDialog.KeepButton	Keep Flight	保留飞行		
Menu.InProgressFlightDialog.Message	A previous in-progress flight was detected. Would you like to keep it or revert your game to the state it was in before this flight launched?	检测到上一次飞行尚未结束。你想保留它，还是将游戏回退到该次飞行发射之前的状态？		
Menu.InProgressFlightDialog.UndoButton	Undo Flight	撤销飞行		
Menu.LaunchLocations.LaunchFeeFormat	 | Launch Fee: {0}	 | 发射费用：{0}		
Menu.LaunchLocations.LockedButton	LOCKED	已锁定		
Menu.LaunchLocations.LockedTooltip	Locked	已锁定		
Menu.LaunchLocations.UnavailableMessage	This location is currently unavailable, but it can be unlocked in the future by completing a specific contract.	此地点目前不可用，但之后可以通过完成特定合约来解锁。		
Menu.LaunchLocations.UpgradeButton	UPGRADE	升级		
Menu.LaunchLocations.UpgradeRequiredFormat	You must upgrade to the {0} to unlock this launch location.	你必须升级到 {0}，才能解锁此发射场。		
Menu.LaunchLocations.UpgradeRequiredTooltip	Requires upgrading to {0}	需要升级到 {0}		
Menu.ListView.Loading	LOADING	加载中		
Menu.ListView.NoItemsFound	No items found	未找到任何项目		
Menu.ListView.PreviewLoadFailed	Failed to load item preview.	加载项目预览失败。		
Menu.LoadGame.CannotDeleteCurrent	You cannot delete this game since it is currently loaded.	无法删除此存档，因为它当前正被载入。		
Menu.LoadGame.DeleteConfirmFormat	Confirm that you want to delete the game '{0}'	确认要删除存档「{0}」		
Menu.LoadGame.LoadButton	LOAD	载入		
Menu.LoadGame.Title	Load Game	载入游戏		
Menu.LoadSaveFailedError	Loading the save failed!\nCheck the log for more info	载入存档失败！&#10;查看日志以了解更多信息		
Menu.Milestones.CompleteMessage	This milestone is complete. Congratulations!	该里程碑已完成。恭喜！		
Menu.Milestones.DescriptionPlaceholder	Description	描述		
Menu.Milestones.Title	MILESTONES	里程碑		
Menu.NewGame.CompanyNameRequired	Please enter a Company Name above.	请在上方输入公司名称。		
Menu.NewGame.PlanetarySystemRequired	Please select a planetary system.	请选择一个行星系。		
Menu.NewGame.UnlockCareerBundleMessage	unlock this setting.	解锁此设置。		
Menu.OutdatedGameState	This game state is outdated and is no longer supported. Please start a new game from the main menu.	此存档已过时，不再受支持。请从主菜单开始新游戏。		
Menu.PreviousCrashDialog.Message	A possible crash was detected on the previous run, likely from your device running out of memory while loading crafts and/or planets.\n\nTo prevent further crashes, loading of the selected craft and launch location will be skipped. Consider selecting a different craft or planetary system, clearing crafts in flight, or lowering your quality settings to reduce memory usage before continuing.	检测到上次运行可能发生了崩溃，很可能是你的设备在加载载具和/或行星时内存不足所致。&#10;&#10;为防止再次崩溃，将跳过载入所选的载具和发射场。请考虑改用其他载具或行星系、清除飞行中的载具，或降低画质设置以减少内存占用，然后再继续。		
Menu.Tutorial.CloseConfirm	Would you like to close this tutorial?	要关闭此教程吗？		
Menu.WhatsNew.ErrorOne	Could not get the what's new text...Try again later.	无法获取更新内容文本……请稍后重试。		
Menu.WhatsNew.ErrorTwo	Could not get the What's New text. Please, try again later.	无法获取更新内容文本。请稍后重试。		
Modifier.Common.MaxInputValue	Max Input Value	最大输入值		
Modifier.Common.MinInputValue	Min Input Value	最小输入值		
Parts.CameraVantage.NightVisionLocked	You haven't unlocked the night vision yet. You can unlock it in the Tech Tree.	你尚未解锁夜视功能，可在科技树中解锁。		
Parts.Common.BrakeTorque.Label	Brake Torque	制动扭矩		
Parts.Common.HideBase.Label	Hide Base	隐藏底座		
Parts.Common.StartOpen.Label	Start Open	初始为开启		
Craft.LoadError.LoadFailed	An error occurred trying to load the craft.	加载载具时发生错误。		
Craft.LoadError.MissingPartsFormat	Failed to load {0} parts consisting of {1} distinct part types.	加载 {0} 个零件失败，涉及 {1} 种不同的零件类型。		
Craft.LoadError.MissingPartTypesFormat	Missing part types:\n{0}	缺失的零件类型：\n{0}		
Craft.LoadError.ModifierFailuresFormat	Failed to load {0} part modifiers of {1} distinct types.	加载 {0} 个零件修改器失败，涉及 {1} 种不同类型。		
Craft.LoadError.ModifierTypesFormat	Part modifier types:\n{0}	零件修改器类型：\n{0}		
Craft.LoadNewerVersion.LoadButton	LOAD CRAFT	加载载具		
Craft.LoadNewerVersion.MessageFormat	This craft requires a newer version of the game and may fail to load properly. Check your app store and download the newest version of {0}. Do you want to try and load the craft anyway?	此载具需要更新版本的游戏，可能无法正常加载。请检查你的应用商店并下载 {0} 的最新版本。是否仍要尝试加载此载具？		
Crew.Assignment.CrewFull	Your crew is already as large as it can get. You can unlock larger crews in the Tech Tree.	你的乘员数量已达上限。你可以在科技树中解锁更大的乘员规模。		
Crew.Assignment.Filter.All	ALL CREW	全部乘员		
Crew.Assignment.Filter.Available	AVAILABLE CREW	可用乘员		
Crew.Assignment.Floating	Floating	空闲		
Crew.Assignment.Header	CREW ASSIGNMENT	乘员分配		
Crew.Assignment.HireAstronaut	HIRE ASTRONAUT	雇佣宇航员		
Crew.Assignment.HireConfirm	Do you want to hire a new astronaut for {0}?	是否花费 {0} 雇佣一名新宇航员？		
Crew.Assignment.InsufficientFunds	You do not have enough money to hire a new astronaut. You currently have {0} and it costs {1} to hire a new astronaut.	你没有足够的资金雇佣新宇航员。当前资金为 {0}，雇佣一名新宇航员需要 {1}。		
Crew.Assignment.InThisCraft	CREW IN THIS CRAFT	此载具内的乘员		
Crew.State.Available	Available	可用		
Crew.State.Deceased	Deceased	已阵亡		
Crew.State.InFlight	In Flight: {0}	飞行中：{0}		
Crew.State.Unassigned	Unassigned	未分配		
CurveEditor.After	After	之后		
CurveEditor.Before	Before	之前		
CurveEditor.DeleteKey	Delete Key	删除关键帧		
CurveEditor.DiscardChangesConfirm	Please confirm that you wish to discard your changes.	请确认你要放弃这些更改。		
CurveEditor.InsertKey	Insert Key	插入关键帧		
CurveEditor.KeyProperties	Key Properties	关键帧属性		
CurveEditor.Left	Left	左侧		
CurveEditor.Normal	Normal	正常		
CurveEditor.Right	Right	右侧		
CurveEditor.TangentsLinked	Tangents Linked	切线已链接		
CurveEditor.Time	Time	时间		
CurveEditor.Value	Value	数值		
CurveEditor.WeightedTangents	Weighted Tangents	加权切线		
CurveEditor.WrapMode.Clamp	Clamp	钳制		
CurveEditor.WrapMode.Loop	Loop	循环		
CurveEditor.WrapMode.PingPong	Ping Pong	往复		
CurveEditor.WrappingMode	Wrapping Mode	环绕模式		
Desgin.ToolPanel.NudgePart.Position.X.Tooltip	Part's current X-position	零件当前的 X 坐标		
Desgin.ToolPanel.NudgePart.Position.Y.Tooltip	Part's current Y-position	零件当前的 Y 坐标		
Desgin.ToolPanel.NudgePart.Position.Z.Tooltip	Part's current Z-position	零件当前的 Z 坐标		
Design.ActivationGroups.ActivateOnStartTooltip	Activate on start	启动时激活		
Design.ActivationGroups.DefaultNameFormat	Activation Group {0}	激活组 {0}		
Design.ActivationGroups.Title	ACTIVATION GROUPS	激活组		
Design.CommandPodPartProperties.AdjustPilotOrientation.Label	Adjust Pilot Orientation	调整驾驶员朝向		
Design.CommandPodPartProperties.AdjustPilotOrientation.Tooltip	Allows adjusting the pilot orientation.  Wings, gyros, RCS, and auto control surfaces are configured using the pilot's orientation.	允许调整驾驶员朝向。机翼、陀螺仪、RCS 和自动控制面均依据驾驶员朝向进行配置。		
Design.CommandPodPartProperties.UseDefaultPilotOrientation.Label	Use Default Pilot Orientation	使用默认驾驶员朝向		
Design.CommandPodPartProperties.UseDefaultPilotOrientation.Tooltip	Automatically keeps the pilot orientation at the default value whenever the part's rotation changes. Note: for this to work as expected, rockets need to point up and planes toward the white arrow.	零件的旋转发生变化时，自动将驾驶员朝向保持为默认值。注意：要使其按预期生效，火箭需朝上，飞机需朝向白色箭头。		
Design.CraftParts.HideAll.Text	Hide All	全部隐藏		
Design.CraftParts.ListAll.Text	List All	全部列出		
Design.CraftParts.PartCountFormat	{0} parts	{0} 个零件		
Design.CraftParts.ShowAll.Text	Show All	全部显示		
Design.CraftParts.Sort.Mass.Text	Mass	质量		
Design.CraftParts.Sort.Name.Text	Name	名称		
Design.CraftParts.Sort.Price.Text	Price	价格		
Design.CraftParts.SortBy.Text	Sort by	排序方式		
Design.CraftParts.Title	SEARCH PARTS	搜索零件		
Design.CraftParts.ToggleVisibility.Tooltip	Toggle part visibility	切换零件可见性		
Design.CraftParts.Tooltip	Search Craft's Parts	搜索载具的零件		
Design.CreateSubassembly.Text	Create Subassembly	创建组件		
Design.Crew.Tooltip	View and assign the crew to this craft	查看并为该载具分配乘员		
Design.CrewCompartmentPartProperties.AdjustExitPosition.Label	Adjust exit position	调整出舱位置		
Design.CrewCompartmentPartProperties.AdjustExitPosition.Tooltip	Allows adjusting the crew's position upon exit.	允许调整乘员出舱时的位置。		
Design.CrewCompartmentPartProperties.AdjustExitRotation.Label	Adjust exit rotation	调整出舱朝向		
Design.CrewCompartmentPartProperties.AdjustExitRotation.Tooltip	Allows adjusting the crew's rotation upon exit.	允许调整乘员出舱时的朝向。		
Design.CrewCompartmentPartProperties.RemoveCrew.Label	Remove	移除		
Design.CrewCompartmentPartProperties.RemoveCrew.Tooltip	Remove crew	移除乘员		
Design.CurrentCraftMassTooltip	The current mass of your craft.	载具的当前质量。		
Design.CurrentCraftPriceTooltip	The current price of your craft. Money doesn't matter.....yet.	载具的当前价格。资金暂时还不重要……		
Design.EditProgram.Tooltip	Edit Program	编辑程序		
Design.Exit.Tooltip	Exit the designer back to the main menu.	退出设计器并返回主菜单。		
Design.GroupButton.Tooltip	Group/Ungroup selected parts	编组/取消编组所选零件		
Design.HiddenProperties.Title	Hidden Properties	隐藏属性		
Design.Launch.IssuesDialog.LaunchAnyway	Launch Anyway	仍然发射		
Design.Launch.IssuesDialog.Message	One or more potential issues have been found. Would you like to view the issues or continue with the launch?	发现一个或多个潜在问题。你想查看这些问题，还是继续发射？		
Design.Launch.IssuesDialog.ViewIssues	View Issues	查看问题		
Design.Launch.PrimaryButtonText	LAUNCH	发射		
Design.LaunchLocation.ButtonText	LAUNCH LOCATION	发射场		
Design.LaunchLocation.Tooltip	Change the current launch location.	更改当前发射场。		
Design.LaunchTooltip	Launch this craft	发射此载具		
Design.Level.ExitLevel	EXIT LEVEL	退出关卡		
Design.LoadCraft.Title	LOAD CRAFT	加载载具		
Design.Menu.Career.Text	CAREER	生涯		
Design.Menu.Career.Text.Header	CAREER	生涯		
Design.Menu.Career.Tooltip	View career information and contracts.	查看生涯信息和合约。		
Design.Menu.NewCraft.AirplaneButton	AIRPLANE	飞机		
Design.Menu.NewCraft.PromptMessage	Do you want to create a rocket or an airplane? This can be changed later by updating the command pod's configuration type.	你想创建火箭还是飞机？之后可通过更改指令舱的配置类型来修改。		
Design.Menu.NewCraft.RocketButton	ROCKET	火箭		
Design.Menu.TechTree.BackgroundText	You can earn Tech Points by completing Milestones and visiting Landmarks. Use them to unlock new parts and perks.	完成里程碑和探访地标可获得科技点。用它们解锁新零件和特权。		
Design.Menu.TechTree.Text	TECH TREE	科技树		
Design.Menu.TechTree.Text.Header	TECH TREE	科技树		
Design.Menu.TechTree.Tooltip	View the technology tree.	查看科技树。		
Design.Menu.Tooltip	Menu	菜单		
Design.Menu.TutorialBlockedMessage	This button is disabled while the tutorial is in progress.	教程进行中，此按钮不可用。		
Design.Menu.Upgrade.Text	UPGRADE	升级		
Design.Menu.Upgrade.Tooltip	Upgrade your game to unlock more features.	升级你的游戏以解锁更多功能。		
Design.NudgePart.NoPartSelected	No part selected	未选择零件		
Design.NudgePart.SymmetryActive	Symmetry active	对称已启用		
Design.Paint.ColorPicker.Text	Color Picker	颜色选取器		
Design.Paint.ColorPicker.Tooltip	Open the color picker to choose a color.	打开颜色选取器以选择颜色。		
Design.Paint.Customize.Text	CUSTOMIZE	自定义		
Design.Paint.Customize.Tooltip	Customize the paint of the selected part.	自定义所选零件的涂装。		
Design.Paint.Detail.Text	Detail	细节		
Design.Paint.Detail.Tooltip	Adjust the detail texture of the surface material.	调整表面材质的细节贴图。		
Design.Paint.Emission.Text	Emission	自发光		
Design.Paint.Emission.Tooltip	Adjust how much light is emitted from the surface material.	调整表面材质发出的光照强度。		
Design.Paint.EnableTransparency.Text	ENABLE TRANSPARENCY	启用透明		
Design.Paint.EnableTransparency.Tooltip	Enable transparency for this material.	为此材质启用透明度。		
Design.Paint.MaterialName.Placeholder	Material Name...	材质名称…		
Design.Paint.Metallic.Text	Metallic	金属感		
Design.Paint.Metallic.Tooltip	Adjust the metallic quality of the surface material.	调整表面材质的金属感。		
Design.Paint.Smoothness.Text	Smoothness	平滑度		
Design.Paint.Smoothness.Tooltip	Adjust the smoothness of the surface material.	调整表面材质的平滑度。		
Design.Paint.Style.Text	Style	样式		
Design.Paint.Style.Tooltip	Select the paint style for this material.	选择此材质的涂装样式。		
Design.Paint.Target.Text	Target	目标		
Design.Paint.Target.Tooltip	Indicates which area of a part to paint.	指示要涂装零件的哪个区域。		
Design.Paint.Theme.Text	Theme	主题		
Design.Paint.Theme.Tooltip	The currently selected theme.	当前选定的主题。		
Design.Paint.Transparency.Text	Transparency	透明度		
Design.Paint.Transparency.Tooltip	Adjust the transparency of the surface material.	调整表面材质的透明度。		
Design.PartConnections.AddNew.Text	Add New Connection	添加新连接		
Design.PartConnections.AddNewConnection.Text	ADD NEW CONNECTION	添加新连接		
Design.PartConnections.AttachPointPluralFormat	{0} x ATTACH POINTS	{0} 个连接点		
Design.PartConnections.AttachPointSingularFormat	{0} x ATTACH POINT	{0} 个连接点		
Design.PartConnections.AttachPointToggle.Tooltip	Enable this attach point for consideration when placing parts.	启用此连接点，使其在放置零件时被纳入考虑。		
Design.PartConnections.Connect.Text	CONNECT	连接		
Design.PartConnections.Disconnect.Tooltip	Removes all of this part's connections.	移除此零件的所有连接。		
Design.PartConnections.Error.NotSupported	Select a different part. This part doesn't support changes to its connections.	请选择其他零件。此零件不支持更改其连接。		
Design.PartConnections.Error.SamePart	Select a different part. You cannot connect a part to itself.	请选择其他零件。你不能将零件连接到自身。		
Design.PartConnections.Error.SymmetricPart	Select a different part. You cannot connect a part to a symmetric part.	请选择其他零件。你不能将零件连接到对称零件。		
Design.PartConnections.Error.SymmetricToThis	Select a different part. You cannot connect a symmetric part to this part.	请选择其他零件。你不能将对称零件连接到此零件。		
Design.PartConnections.NoPartSelected.Text	No Part Selected	未选择零件		
Design.PartConnections.NowSelectAttachPoint.Text	Now select the attach point to connect to.	现在选择要连接的连接点。		
Design.PartConnections.Reconnect.Tooltip	Removes all of this part's connections and attempts to reconnect with all surrounding parts.	移除此零件的所有连接，并尝试与周围所有零件重新连接。		
Design.PartConnections.SelectOtherPart.Text	Select the other part you want to connect to.	选择你想要连接的另一个零件。		
Design.PartConnections.SelectPartToView.Text	Select a part to view its part connections	选择零件以查看其零件连接		
Design.PartConnections.SelectTarget.Text	Select target attach point	选择目标连接点		
Design.PartConnections.Title	PART CONNECTIONS	零件连接		
Design.PartConnections.ToggleAttachPoints.Tooltip	Toggles all attach points on this part.	切换此零件上的所有连接点。		
Design.PartConnections.ToggleConnectedAttachPoints.Tooltip	Toggles all attach points on this part and all of its connected parts.	切换此零件及其所有相连零件上的全部连接点。		
Design.PartProperties.ActivationGroup.Label	Activation Group	激活组		
Design.PartProperties.Color.Label	Color	颜色		
Design.PartProperties.EmptyPanelText	Select a part to view its customizable properties.	选择零件以查看其可自定义的属性。		
Design.PartProperties.HintText	Click on 'Part Properties' to customize this part.	点击「零件属性」以自定义此零件。		
Design.PartProperties.Mass.Label	Mass	质量		
Design.PartProperties.NoPropertiesText	The selected part has no customizable properties.	所选零件没有可自定义的属性。		
Design.PartProperties.NothingSelected.Text	Nothing selected	未选择任何内容		
Design.PartProperties.PartName.Placeholder	Part Name...	零件名称…		
Design.PartProperties.Price.Label	Price	价格		
Design.PartProperties.Style.Label	Style	样式		
Design.PartProperties.Texture.Label	Texture	贴图		
Design.PartProperties.TextureOffsetX.Label	Texture Offset X	贴图偏移 X		
Design.PartProperties.TextureOffsetY.Label	Texture Offset Y	贴图偏移 Y		
Design.PartProperties.TextureTilingX.Label	Texture Tiling X	贴图平铺 X		
Design.PartProperties.TextureTilingY.Label	Texture Tiling Y	贴图平铺 Y		
Design.PartProperties.Title	PART PROPERTIES	零件属性		
Design.PartProperties.Tooltip	Part Properties	零件属性		
Design.PartProperties.Upgrade.Label	Upgrade	升级		
Design.PartsList.Category.Airplane.Name	Aeronautics	航空		
Design.PartsList.Category.All.Name	All Parts	全部零件		
Design.PartsList.Category.Command.Name	Command	指令		
Design.PartsList.Category.Control & Descent.Name	Control & Descent	控制与下降		
Design.PartsList.Category.Electronics.Name	Electronics	电子设备		
Design.PartsList.Category.Payloads.Name	Payloads	载荷		
Design.PartsList.Category.Propulsion.Name	Propulsion	推进		
Design.PartsList.Category.Structural.Name	Structural	结构		
Design.PartsList.Category.Sub Assemblies.Name	Sub Assemblies	组件		
Design.PartsList.DeleteSubassembly.Confirmation	Please confirm that you wish to delete this subassembly:\n'{0}'	请确认你要删除此组件：\n「{0}」		
Design.Partslist.InfoPopup.EngineDetails	Engine Details	发动机详情		
Design.Partslist.InfoPopup.FuelType	Fuel Type	燃料类型		
Design.Partslist.InfoPopup.IspSL	Isp (SL)	Isp（海平面）		
Design.Partslist.InfoPopup.IspVac	Isp (vac)	Isp（真空）		
Design.Partslist.InfoPopup.MassAndPriceVaryWithSize	Mass and price vary with size	质量和价格随尺寸变化		
Design.Partslist.InfoPopup.PowerUsage	Power Usage	耗电		
Design.Partslist.InfoPopup.Thrust	Thrust	推力		
Design.Partslist.NoCategorySelected.Text	Select a category on the left to view parts.	在左侧选择一个分类以查看零件。		
Design.PartsList.Title	PART LIST	零件列表		
Design.PartsList.Tooltip	Add Part	添加零件		
Design.Performance.AllStages	All Stages	全部分级		
Design.Performance.Altitude	Altitude	高度		
Design.Performance.AvailableFunds	Available Funds	可用资金		
Design.Performance.BurnTime	Burn Time	燃烧时间		
Design.Performance.CraftDetails	Craft Details	载具详情		
Design.Performance.DeltaV	Delta V	Delta-V		
Design.Performance.Depth	Depth	深度		
Design.Performance.DesignInfo	Design Info	设计信息		
Design.NavigationCube.Tooltip	Toggles the navigation cube view gizmo.	切换导航立方体视图控件。		
Design.NavigationCube.ProjectionToggle.Tooltip	Toggle orthographic view	切换正交视图		
Design.NavigationCube.CenterIndicators.Tooltip	Toggle center of mass / lift / thrust	切换质心/升力中心/推力中心		
Design.NavigationCube.DizzyFormat	You're making me {0}dizzy!	你让我{0}头晕！		
Design.NavigationCube.DizzyIntensifier	very 	非常		
Design.Performance.EndingTwr	Ending TWR	末端推重比		
Design.Performance.Engines	Engines	发动机		
Design.Performance.Environment	Environment	环境		
Design.Performance.Height	Height	高度		
Design.Performance.Isp	Isp	Isp		
Design.Performance.MachNumber	Mach Number	马赫数		
Design.Performance.Mass	Mass	质量		
Design.Performance.PartCount	Part Count	零件数		
Design.Performance.Price	Price	价格		
Design.Performance.PropellantMass	Propellant Mass	推进剂质量		
Design.Performance.SelectedPart	Selected Part	所选零件		
Design.Performance.StageNumber	Stage {0}	分级 {0}		
Design.Performance.StagingAnalysis	Staging Analysis	分级分析		
Design.Performance.StartingTwr	Starting TWR	初始推重比		
Design.Performance.Thrust	Thrust	推力		
Design.Performance.Vacuum	Vacuum	真空		
Design.Performance.Width	Width	宽度		
Design.PlayButton.DisabledInTutorialMessage	This button is disabled while the tutorial is in progress.	教程进行中，此按钮不可用。		
Design.Preflight.ActivationGroups.Tooltip	Activation Groups	激活组		
Design.Preflight.CraftValidation.Title	CRAFT VALIDATION	载具校验		
Design.Preflight.CraftValidation.Tooltip	Craft Validation	载具校验		
Design.Preflight.Title	PREFLIGHT CONFIGURATION	发射前配置		
Design.Preflight.Tooltip	Preflight Configuration	发射前配置		
Design.SelectPart.Text	SELECT	选择		
Design.StageNode.Empty	Empty	空		
Design.StageNode.StageNumber	STAGE {0}	分级 {0}		
Design.Staging.AddStage.Text	ADD STAGE	添加分级		
Design.Staging.AutoRecalculate.Tooltip	Automatically recalculate staging when parts change.	零件发生变化时自动重新计算分级。		
Design.Staging.BurnTime.Tooltip	Estimated burn time for this stage.	此分级的预计燃烧时间。		
Design.Staging.DeltaV.Tooltip	Show delta-v for each stage.	显示每个分级的 Delta-V。		
Design.Staging.EmptyStage.Text	Empty Stage	空分级		
Design.Staging.Reset.Tooltip	Reset staging to default.	将分级重置为默认。		
Design.Staging.StageDeltaV.Tooltip	Delta-v for this stage.	此分级的 Delta-V。		
Design.Staging.TotalDeltaV.Tooltip	Total Delta-V for the craft.	载具的总 Delta-V。		
Design.Staging.TWR.Tooltip	Thrust-to-weight ratio for this stage.	此分级的推重比。		
Design.StagingEditor.Title	STAGING	分级		
Design.StagingEditor.Tooltip	Staging Editor	分级编辑器		
Design.Symmetry.BakeConfirmation	This will solidify the current symmetry and remove on-the-fly updating of symmetric parts.	这将固化当前的对称，并取消对称零件的实时更新。		
Design.Symmetry.BreakSymmetry.Text	BREAK SYMMETRY	断开对称		
Design.Symmetry.BreakSymmetry.Tooltip	Break the symmetry of the selected part.	断开所选零件的对称。		
Design.Symmetry.HighSymmetryOkay	Sure	当然		
Design.Symmetry.HighSymmetryWarning	You are trying to use symmetry x{0}.<br>Are you sure that's a good idea?	你正在尝试使用 x{0} 对称。<br>你确定这是个好主意？		
Design.Symmetry.InfoText	Select the root part to define the plane of symmetry.	选择根零件以定义对称平面。		
Design.Symmetry.MessageDisconnected	The part must be connected to the surface of a part from the Primary craft.	零件必须连接到主载具上某个零件的表面。		
Design.Symmetry.MessageInheriting	This part is inheriting symmetry from a part it is connected to. Changes can only be made at the root of its symmetry chain.	此零件正从它所连接的零件继承对称。只能在对称链的根零件处进行更改。		
Design.Symmetry.MessageNoPartSelected	No part selected.	未选择零件。		
Design.Symmetry.Mirror.Text	MIRROR	镜像		
Design.Symmetry.MirrorCraft.Text	MIRROR CRAFT	镜像载具		
Design.Symmetry.MirrorMode.Tooltip	Switch to mirror symmetry mode.	切换到镜像对称模式。		
Design.Symmetry.MirrorPosition.Text	Mirror Position	镜像位置		
Design.Symmetry.MirrorRotation.Text	Mirror Rotation	镜像旋转		
Design.Symmetry.MirrorTool.Text	MIRROR TOOL	镜像工具		
Design.Symmetry.MirrorTool.Tooltip	Use the mirror tool to mirror selected parts.	使用镜像工具镜像所选零件。		
Design.Symmetry.Mode.Text	Mode	模式		
Design.Symmetry.OptionDisabled.Description	Symmetry is currently disabled for this part	此零件当前已禁用对称		
Design.Symmetry.OptionDisabled.Name	Disabled	禁用		
Design.Symmetry.OptionMirror.Description	Part is cloned across the mirror plane	零件沿镜像平面复制		
Design.Symmetry.OptionMirror.Name	Mirror	镜像		
Design.Symmetry.OptionRadial2.Description	Part is radially cloned twice around its root.	零件绕其根零件径向复制两次。		
Design.Symmetry.OptionRadial2.Name	Radial x 2	径向 x 2		
Design.Symmetry.OptionRadial3.Description	Part is radially cloned 3x around its root.	零件绕其根零件径向复制 3 次。		
Design.Symmetry.OptionRadial3.Name	Radial x 3	径向 x 3		
Design.Symmetry.OptionRadial4.Description	Part is radially cloned 4x around its root.	零件绕其根零件径向复制 4 次。		
Design.Symmetry.OptionRadial4.Name	Radial x 4	径向 x 4		
Design.Symmetry.OptionRadial5.Description	Part is radially cloned 5x around its root.	零件绕其根零件径向复制 5 次。		
Design.Symmetry.OptionRadial5.Name	Radial x 5	径向 x 5		
Design.Symmetry.OptionRadial6.Description	Part is radially cloned 6x around its root.	零件绕其根零件径向复制 6 次。		
Design.Symmetry.OptionRadial6.Name	Radial x 6	径向 x 6		
Design.Symmetry.OptionRadialX.DescriptionFormat	Part is radially cloned x{0} around its root.	零件绕其根零件径向复制 x{0} 次。		
Design.Symmetry.OptionRadialX.Format	Radial x {0}	径向 x {0}		
Design.Symmetry.QuickMirror.Text	QUICK MIRROR	快速镜像		
Design.Symmetry.QuickMirrorDescription.Text	Quick Mirror is useful for airplanes that may not have a central fuel tank to use as a symmetry root.	快速镜像适用于没有中央燃料箱可用作对称根的飞机。		
Design.Symmetry.QuickMirrorDescription.Tooltip	Parts are simply copied to the other side and don't keep updating like they do with active symmetry. The primary command pod determines the position of the mirror plane.	零件只是被复制到另一侧，不会像活动对称那样持续更新。镜像平面的位置由主指令舱决定。		
Design.Symmetry.QuickMirrorLeft.Tooltip	Quick mirror to the left.	向左快速镜像。		
Design.Symmetry.QuickMirrorRight.Tooltip	Quick mirror to the right.	向右快速镜像。		
Design.Symmetry.RadialMode.Tooltip	Switch to radial symmetry mode.	切换到径向对称模式。		
Design.Symmetry.SelectRoot.Text	SELECT ROOT	选择根零件		
Design.Symmetry.SelectRoot.Tooltip	Select the root part for symmetry.	选择用于对称的根零件。		
Design.Symmetry.Title	SYMMETRY	对称		
Design.Symmetry.Tooltip	Symmetry Tool	对称工具		
Design.Symmetry.VeryHighSymmetryOkay	Absolutely	绝对确定		
Design.Symmetry.VeryHighSymmetryWarning	100% sure? {0} sounds like a lot.	100% 确定？{0} 听起来太多了。		
Design.ToggleFingerAid.Tooltip	Toggle Finger Aid Tool	切换手指辅助工具		
Design.ToolPanel.FuselageShape.AddSection.Text	Add Section	添加分段		
Design.ToolPanel.FuselageShape.ChangePartSelection.Tooltip	Change part selection	更改零件选择		
Design.ToolPanel.FuselageShape.ChangeSelection.Tooltip	Change selection	更改选择		
Design.ToolPanel.FuselageShape.Clamp1.Text	Clamp 1	夹持 1		
Design.ToolPanel.FuselageShape.Clamp2.Text	Clamp 2	夹持 2		
Design.ToolPanel.FuselageShape.Clamp3.Text	Clamp 3	夹持 3		
Design.ToolPanel.FuselageShape.Clamp4.Text	Clamp 4	夹持 4		
Design.ToolPanel.FuselageShape.Corner1.Text	Corner 1	转角 1		
Design.ToolPanel.FuselageShape.Corner2.Text	Corner 2	转角 2		
Design.ToolPanel.FuselageShape.Corner3.Text	Corner 3	转角 3		
Design.ToolPanel.FuselageShape.Corner4.Text	Corner 4	转角 4		
Design.ToolPanel.FuselageShape.CornerRadius.Text	Corner Radius	圆角半径		
Design.ToolPanel.FuselageShape.CornerRadius.Tooltip	Higher means rounded edges. Lower means harder edges	数值越高边缘越圆润，越低边缘越硬朗		
Design.ToolPanel.FuselageShape.CurveOverride.Text	Curve Override	曲线覆盖		
Design.ToolPanel.FuselageShape.Depth.Text	Depth	深度		
Design.ToolPanel.FuselageShape.Depth.Tooltip	The depth of the part cross section	零件横截面的深度		
Design.ToolPanel.FuselageShape.GridSize.Tooltip	Changes how far to move with each step	更改每步移动的距离		
Design.ToolPanel.FuselageShape.Length.Text	Length	长度		
Design.ToolPanel.FuselageShape.Length.Tooltip	The length of the part	零件的长度		
Design.ToolPanel.FuselageShape.NoShapePartSelected.Text	No shapable part selected	未选择可塑形零件		
Design.ToolPanel.FuselageShape.Offset.X.Text	Run	X 位移		
Design.ToolPanel.FuselageShape.Offset.X.Tooltip	The change along the x-axis for the part	零件沿 X 轴的变化量		
Design.ToolPanel.FuselageShape.Offset.Z.Text	Rise	Z 位移		
Design.ToolPanel.FuselageShape.Offset.Z.Tooltip	The change along the z-axis for the part	零件沿 Z 轴的变化量		
Design.ToolPanel.FuselageShape.Pinch.Text	Pinch	收窄		
Design.ToolPanel.FuselageShape.Pinch.Tooltip	Pinch the fuselage shape inward.	将机身形状向内收窄。		
Design.ToolPanel.FuselageShape.Slant.Text	Slant	倾斜		
Design.ToolPanel.FuselageShape.Slant.Tooltip	Slant the fuselage shape to one side.	将机身形状向一侧倾斜。		
Design.ToolPanel.FuselageShape.Title	Part Shape Tool	零件塑形工具		
Design.ToolPanel.FuselageShape.Width.Text	Width	宽度		
Design.ToolPanel.FuselageShape.Width.Tooltip	The width of the part cross section	零件横截面的宽度		
Design.ToolPanel.MovePart.AngleSnap.Text	Angle Snap	角度吸附		
Design.ToolPanel.MovePart.AngleSnap.Tooltip	Attach parts to fuselages at discrete angles	以离散角度将零件连接到机身		
Design.ToolPanel.MovePart.AttachToSurfaces.Text	Attach To Surfaces	附着到表面		
Design.ToolPanel.MovePart.AttachToSurfaces.Tooltip	Allow some of the parts to be attached directly to surfaces.	允许部分零件直接附着到表面。		
Design.ToolPanel.MovePart.AutoResizeParts.Text	Auto Resize Parts	自动调整零件尺寸		
Design.ToolPanel.MovePart.AutoResizeParts.Tooltip	Automatically resize parts to match in size when they are connected.	零件连接时自动调整尺寸使其相互匹配。		
Design.ToolPanel.MovePart.AutoRotateParts.Text	Auto Rotate Parts	自动旋转零件		
Design.ToolPanel.MovePart.AutoRotateParts.Tooltip	Allow parts to rotate into place when suggesting part connections.	在建议零件连接时允许零件旋转到位。		
Design.ToolPanel.MovePart.GridSize.Text	Grid Size	网格尺寸		
Design.ToolPanel.MovePart.GridSize.Tooltip	Attach parts to fuselages at discrete vertical coordinates	以离散垂直坐标将零件连接到机身		
Design.ToolPanel.MovePart.PartConnections.Tooltip	View a part's connections with other parts.	查看零件与其他零件的连接。		
Design.ToolPanel.MovePart.ShowAttachPoints.Text	Show Attach Points	显示连接点		
Design.ToolPanel.MovePart.ShowAttachPoints.Tooltip	Show attach points while moving parts.	移动零件时显示连接点。		
Design.ToolPanel.MovePart.ShowResizeGizmos.Text	Show Resize Gizmos	显示尺寸控件		
Design.ToolPanel.MovePart.ShowResizeGizmos.Tooltip	Show gizmos to control the size of fuel tanks, wings, etc.	显示用于控制燃料箱、机翼等尺寸的控件。		
Design.ToolPanel.MovePart.ShowFuelFlow.Text	Show Fuel Flow	显示燃料流向		
Design.ToolPanel.MovePart.ShowFuelFlow.Tooltip	Show how fuel flows to the selected part from the tanks that feed it.	显示燃料如何从供给它的燃料箱流向所选零件。		
Design.ToolPanel.MovePart.Title	Move Part Tool	移动零件工具		
Design.ToolPanel.NudgePart.Direction.Text	Direction	方向		
Design.ToolPanel.NudgePart.Direction.Tooltip	The orientation to use when moving	移动时使用的朝向		
Design.ToolPanel.NudgePart.GridSize.Tooltip	Changes how far to move the part with each step	更改每步移动零件的距离		
Design.ToolPanel.NudgePart.Mode.Tooltip	Indicates the parts that will be moved	指示将被移动的零件		
Design.ToolPanel.NudgePart.Position.Separator.Text	Position	位置		
Design.ToolPanel.NudgePart.Position.X.Text	X-Pos	X 位置		
Design.ToolPanel.NudgePart.Position.Y.Text	Y-Pos	Y 位置		
Design.ToolPanel.NudgePart.Position.Z.Text	Z-Pos	Z 位置		
Design.ToolPanel.NudgePart.Title	Translate Part Tool	平移零件工具		
Design.ToolPanel.Paint.Title	Paint Tool	涂装工具		
Design.ToolPanel.RotatePart.AngleSnap.Tooltip	Changes how many degrees to rotate with each step	更改每步旋转的角度		
Design.ToolPanel.RotatePart.Direction.Text	Direction	方向		
Design.ToolPanel.RotatePart.Direction.Tooltip	The orientation to use when rotating	旋转时使用的朝向		
Design.ToolPanel.RotatePart.Mode.Tooltip	Indicates the parts that will be rotated	指示将被旋转的零件		
Design.ToolPanel.RotatePart.Rotation.Separator.Text	Rotation	旋转		
Design.ToolPanel.RotatePart.Rotation.X.Text	X-Angle	X 角度		
Design.ToolPanel.RotatePart.Rotation.X.Tooltip	Part's current rotation around the X-axis	零件当前绕 X 轴的旋转		
Design.ToolPanel.RotatePart.Rotation.Y.Text	Y-Angle	Y 角度		
Design.ToolPanel.RotatePart.Rotation.Y.Tooltip	Part's current rotation around the Y-axis	零件当前绕 Y 轴的旋转		
Design.ToolPanel.RotatePart.Rotation.Z.Text	Z-Angle	Z 角度		
Design.ToolPanel.RotatePart.Rotation.Z.Tooltip	Part's current rotation around the Z-axis	零件当前绕 Z 轴的旋转		
Design.ToolPanel.RotatePart.Sensitivity.Text	Sensitivity	灵敏度		
Design.ToolPanel.RotatePart.Sensitivity.Tooltip	Indicates how sensitive the rotation gizmo is to dragging	指示旋转控件对拖动的灵敏度		
Design.ToolPanel.RotatePart.Title	Rotate Part Tool	旋转零件工具		
Design.ToolPanel.Title	TOOLS	工具		
Design.ToolPanel.Tooltip	Active Tool	当前工具		
Design.ToolPanel.Transform.Direction.Local	Local	局部		
Design.ToolPanel.Transform.Direction.World	World	世界		
Design.ToolPanel.Transform.Mode.Connected	Connected	相连		
Design.ToolPanel.Transform.Mode.Self	Self	自身		
Design.ToolPanel.Transform.Mode.Text	Mode	模式		
Design.Trash.Text	Drag to Delete	拖到此处删除		
Design.Tutorial.BackupCraft.Text	Backup Craft	备份载具		
Design.Tutorial.Close.Tooltip	Close the tutorial panel.	关闭教程面板。		
Design.Tutorial.NoThanks.Text	No Thanks	不用了		
Design.Tutorial.Restart.Tooltip	Restart the current tutorial step.	重新开始当前教程步骤。		
Design.Tutorial.Skip.Tooltip	Skip this tutorial step.	跳过此教程步骤。		
Design.UploadCraft.Tooltip	Upload this craft to the website to share it with other players.	将此载具上传到网站，与其他玩家分享。		
Design.Validation.AutoFix.Confirm	Auto-fix will likely alter the behavior of the craft, are you sure you want to do it?	自动修复可能会改变载具的行为，你确定要执行吗？		
Design.Validation.AutoFix.Text	Attempt Auto-Fix	尝试自动修复		
Design.Validation.ResumeFlight.Redirect	Click Okay to be redirected to the Resume Flight view. From there you can select a craft and remove it from flight.	点击「确定」将跳转到继续飞行视图。你可以在那里选择载具并将其从飞行中移除。		
Design.Validation.Status.ErrorsAndWarnings	{0} error(s) and {1} warning(s).	{0} 个错误，{1} 个警告。		
Design.Validation.Status.Ready	Craft is looking great and is ready for launch!	载具状态良好，可以发射了！		
Design.Validation.Status.ShowingFirst	 Showing first {0}.	 仅显示前 {0} 个。		
Design.ViewOptions.BackgroundColor.Text	Background Color	背景颜色		
Design.ViewOptions.BackgroundColor.Tooltip	Change the background color of the designer.	更改设计器的背景颜色。		
Design.ViewOptions.CameraFront.Tooltip	Switch to front camera view.	切换到前视相机。		
Design.ViewOptions.CameraOptions.Text	CAMERA OPTIONS	相机选项		
Design.ViewOptions.CameraSide.Tooltip	Switch to side camera view.	切换到侧视相机。		
Design.ViewOptions.CameraTop.Tooltip	Switch to top camera view.	切换到顶视相机。		
Design.ViewOptions.CenterIndicators.Text	CENTER INDICATORS	中心指示器		
Design.ViewOptions.CenterOfLift.Tooltip	Show center of lift indicator.	显示升力中心指示器。		
Design.ViewOptions.CenterOfMass.Tooltip	Show center of mass indicator.	显示质心指示器。		
Design.ViewOptions.CenterOfThrust.Tooltip	Show center of thrust indicator.	显示推力中心指示器。		
Design.ViewOptions.Other.Text	OTHER	其他		
Design.ViewOptions.Pilot.Text	Pilot	驾驶员		
Design.ViewOptions.Pilot.Tooltip	Toggle the pilot view overlay.	切换驾驶员视图叠加层。		
Design.ViewOptions.SelectCommandPod.Text	Select Command Pod	选择指令舱		
Design.ViewOptions.SelectCommandPod.Tooltip	Select the command pod to use for the pilot view.	选择用于驾驶员视图的指令舱。		
Design.ViewOptions.ShowLiftVectors.Text	Show Lift Vectors	显示升力矢量		
Design.ViewOptions.ShowLiftVectors.Tooltip	Show aerodynamic lift vectors on parts.	在零件上显示气动升力矢量。		
Design.ViewOptions.Stage.All	All	全部		
Design.ViewOptions.Stage.Text	Stage	分级		
Design.ViewOptions.Stage.Tooltip	Select which stage to use for the center indicators.	选择用于中心指示器的分级。		
Design.ViewOptions.Title	VIEW OPTIONS	视图选项		
Design.ViewOptions.Tooltip	View Options	视图选项		
Design.XmlEdit.Apply.Tooltip	Apply the XML changes to the craft.	将 XML 更改应用到载具。		
Design.XmlEdit.Reset.Text	Reset	重置		
Design.XmlEdit.Reset.Tooltip	Reset the XML to the last saved state.	将 XML 重置为上次保存的状态。		
DevConsole.CloseButton	CLOSE	关闭		
DevConsole.ExecuteButton	EXECUTE	执行		
Dialog.Apply	Apply	应用		
Dialog.Cancel	CANCEL	取消		
Dialog.Cancel.Short	CANCEL	取消		
Dialog.Clone	Clone	克隆		
Dialog.Close	CLOSE	关闭		
Dialog.Close.Header	CLOSE	关闭		
Dialog.Continue	CONTINUE	继续		
Dialog.Create	Create	创建		
Dialog.Delete	DELETE	删除		
Dialog.Discard	Discard	放弃		
Dialog.FileNamePlaceholder	FILE NAME	文件名		
Dialog.FileNamePrompt	File Name	文件名		
Dialog.Load	Load	载入		
Dialog.Okay	OKAY	确定		
Dialog.Overwrite	OVERWRITE	覆盖		
Dialog.Save	SAVE	保存		
Dialog.SearchPlaceholder	Search...	搜索…		
Dialog.Select	Select	选择		
Flight.ActivationPanel.DefaultGroupName	Activation Group	激活组		
Flight.ActivationPanel.NoGroups	No Activation Groups	无激活组		
Flight.AltitudeMode.AGL	AGL	AGL		
Flight.AltitudeMode.ASL	ASL	ASL		
Flight.AutoBurn.AbortedNodeNotLocked	Auto-burn aborted: Node is not locked	自动点火已中止：节点未锁定		
Flight.AutoBurn.AbortedNotAchievable	Aborting: auto-burn not achievable	正在中止：无法完成自动点火		
Flight.AutoBurn.AbortedZeroDv	Aborting auto-burn with zero dv	Delta-V 为零，中止自动点火		
Flight.AutoBurn.InterruptedFormat	Auto-burn interrupted by {0} command.  Unpause and re-enable auto-burn to resume.	自动点火被 {0} 指令中断。解除暂停并重新启用自动点火即可继续。		
Flight.AutoBurn.NoControls	Cannot perform an auto-burn using a craft without controls	无法用没有控制能力的载具执行自动点火		
Flight.AutoBurn.NoThrust	Warning: Craft is not capable of producing thrust in its current stage.	警告：载具当前分级无法产生推力。		
Flight.AutoBurn.UnpauseToBeginWarp	Unpause game to begin warp.	解除暂停以开始时间加速。		
Flight.Camera.AutoSwitchingFormat	Auto-switching camera: {0}	自动切换相机：{0}		
Flight.Camera.CameraParts	Camera Parts	相机零件		
Flight.Camera.Crew	Crew	乘员		
Flight.Camera.CustomCameraPrefixFormat	Camera {0} of {1} - 	相机 {0}/{1} - 		
Flight.Camera.DefaultView	Default View	默认视角		
Flight.Camera.FirstPerson	First Person	第一人称		
Flight.Camera.FlyByCinematic	Fly-By Cinematic	电影式掠飞		
Flight.Camera.FlyByStationary	Fly-By Stationary	定点掠飞		
Flight.Camera.ImageEffectsDirt	Image Effects in Settings -> Quality must be enabled to view the dirt in this camera.	必须在 设置 -> 画质 中启用图像效果，才能在此相机中看到污渍。		
Flight.Camera.ImageEffectsNightVision	Image Effects in Settings -> Quality must be enabled to view this camera in night vision mode.	必须在 设置 -> 画质 中启用图像效果，才能以夜视模式查看此相机。		
Flight.Camera.LookZoomSwapped	Camera look up/down and zoom swapped.	相机俯仰与缩放已互换。		
Flight.Camera.Mode.ChaseView	Chase View	追踪视角		
Flight.Camera.Mode.DualTargetView	Target Framing View	目标取景视角		
Flight.Camera.Mode.FlyByCinematic	Fly By - Cinematic	掠飞 - 电影式		
Flight.Camera.Mode.FlyByStationary	Fly By - Stationary	掠飞 - 定点		
Flight.Camera.Mode.KillCam	Kill Cam	击毁镜头		
Flight.Camera.Mode.OrbitPlanetAligned	Orbit - Planet Aligned	轨道 - 行星对齐		
Flight.Camera.Mode.OrbitSpaceAligned	Orbit - Space Aligned	轨道 - 太空对齐		
Flight.Camera.Mode.OrbitViewAutoSwitch	Orbit View (Auto Switch)	轨道视角（自动切换）		
Flight.Camera.Mode.View2D	2D View	2D 视角		
Flight.Camera.NameWithPlaneFormat	{0} - {1}	{0} - {1}		
Flight.Camera.NoCameraParts	No Camera Parts	无相机零件		
Flight.Camera.NoCrew	No Crew On Board	载具内无乘员		
Flight.Camera.ReferencePlane.NavSphere	Nav Sphere	导航球		
Flight.Camera.ReferencePlane.PlanetPositionNormal	Planet Aligned	行星对齐		
Flight.Camera.ReferencePlane.SolarSystem	Space Aligned	太空对齐		
Flight.Camera.ReferencePlane.Target	Target	目标		
Flight.Camera.SpaceAligned	Space Aligned	太空对齐		
Flight.Camera.ThirdPerson	Third Person	第三人称		
Flight.CommandPod.DefaultName	Command Pod	指令舱		
Flight.CommandPod.SwitchedMessage	Command pod switched.	已切换指令舱。		
Flight.CommandPod.SwitchedToFormat	Switched to '{0}' on '{1}'	已切换到「{1}」上的「{0}」		
Flight.CommandPod.TooFarMessage	Command pod is too far away.	指令舱距离过远。		
Flight.Contracts.Deadline.DaysFormat	{0:n1} days	{0:n1} 天		
Flight.Contracts.Deadline.DaysOverdueFormat	{0:n1} days overdue	逾期 {0:n1} 天		
Flight.Contracts.Deadline.Label	Deadline	截止时间		
Flight.Controls.EvaInputsSwapped	EVA Strafe and EVA Turn inputs swapped.	EVA 横移与 EVA 转向输入已互换。		
Flight.Controls.EvaRunning	Running	奔跑		
Flight.Controls.EvaWalking	Walking	行走		
Flight.Controls.MouseJoystickDisabled	Mouse as Joystick Disabled	鼠标摇杆已禁用		
Flight.Controls.MouseJoystickEnabled	Mouse as Joystick Enabled	鼠标摇杆已启用		
Flight.Controls.RollYawSwapped	Roll and Yaw inputs swapped.	滚转与偏航输入已互换。		
Flight.Controls.StageDuringTimeWarp	Cannot activate stage during time warp	时间加速期间无法激活分级		
Flight.Crew.AddedToMoveFormat	Added {0} to crew movement	已将 {0} 加入乘员移动		
Flight.Crew.CompartmentFullFormat	The crew compartment is full of {0} astronauts.	乘员舱已满载 {0} 名宇航员。		
Flight.Crew.MoveCanceled	Crew Move Canceled	乘员移动已取消		
Flight.Crew.MoveCanceledAbsence	Crew Move Canceled due to Sudden Astronaut Absence	因宇航员突然缺席，乘员移动已取消		
Flight.Crew.MoveCanceledDestruction	Crew Move Canceled due to Compartment Destruction	因舱室损毁，乘员移动已取消		
Flight.Crew.MoveCanceledDistance	Crew Move Canceled due to Excessive Distance	因距离过远，乘员移动已取消		
Flight.Crew.MoveComplete	Crew Move Complete	乘员移动完成		
Flight.Crew.MovingFormat	Moving crew {0}	正在移动乘员 {0}		
Flight.Crew.NoRoom	<color="red">The crew compartment has no room for astronauts.</color>	<color="red">乘员舱内已无空间容纳宇航员。</color>		
Flight.Crew.RemovedFromMoveFormat	Removed {0} from crew movement	已将 {0} 从乘员移动中移除		
Flight.Crew.TooFarToEnterFormat	You're too far away ({0:0.0}m) to enter the crew compartment. You must be within {1}m.	距离过远（{0:0.0}m），无法进入乘员舱。必须在 {1}m 以内。		
Flight.EndFlight.DistanceTraveled	Distance Traveled	飞行距离		
Flight.EndFlight.ExitFlight	EXIT FLIGHT	退出飞行		
Flight.EndFlight.FlightStats	FLIGHT STATS	飞行统计		
Flight.EndFlight.FlightTime	Flight Time	飞行时间		
Flight.EndFlight.LaunchCost	Launch Cost	发射费用		
Flight.EndFlight.LevelHeader	END FLIGHT	结束飞行		
Flight.EndFlight.MaxAltitude	Max Altitude	最大高度		
Flight.EndFlight.MaxQ	Max Q	最大动压		
Flight.EndFlight.MaxVelocity	Max Velocity	最大速度		
Flight.EndFlight.MoneyAwarded	Money Awarded	获得资金		
Flight.EndFlight.RecoverCraft.Tooltip	View options for recovering this craft. If it's close enough to a recovery location, you can scrap its parts for money.	查看回收此载具的选项。若距离回收点足够近，可拆解其零件换取资金。		
Flight.EndFlight.RetryUndo	RETRY / UNDO	重试 / 撤销		
Flight.EndFlight.RetryUndo.Tooltip	Undo this flight and try again.	撤销本次飞行并重试。		
Flight.EndFlight.SaveFlight	SAVE FLIGHT	保存飞行		
Flight.EndFlight.SaveFlight.Tooltip	Exit the flight scene and keep this as an active craft in case you want to resume control of it later.	退出飞行场景，并将此载具保留为活跃载具，以便稍后重新操控。		
Flight.EndFlight.TechPointsAwarded	Tech Points Awarded	获得科技点		
Flight.EndFlightButton.Text	END FLIGHT	结束飞行		
Flight.Eva.BoardedFormat	{0} has boarded the crew compartment.	{0} 已进入乘员舱。		
Flight.Eva.CannotTransferCrewFormat	Cannot transfer crew, because you are moving crew from {0}#{1}	无法转移乘员，因为你正在从 {0}#{1} 移动乘员		
Flight.Eva.Extend	EXTEND	展开		
Flight.Eva.NoAttachPointsFormat	Cannot load {0} into {1} b/c {1} has no suitable attach points.	无法将 {0} 装入 {1}，因为 {1} 没有合适的连接点。		
Flight.Eva.Retract	RETRACT	收回		
Flight.Eva.SwitchedToFormat	Switched to {0}.	已切换到 {0}。		
Flight.Eva.Tether	TETHER	系绳		
Flight.Eva.TetherChangedFormat	Tether {0} to {1:0.0}m	系绳已{0}至 {1:0.0}m		
Flight.Eva.TetherExtended	extended	展开		
Flight.Eva.TetherMaxLengthFormat	Tether has reached maximum length: {0}m	系绳已达最大长度：{0}m		
Flight.Eva.TetherRetracted	retracted	收回		
Flight.Eva.TooFarToBoard	The crew compartment is too far away to board.	乘员舱距离过远，无法进入。		
Flight.Eva.TooFarToControlFormat	{0} is too far away to control	{0} 距离过远，无法操控		
Flight.Eva.Tooltip.Grapple	Grapple	抓钩		
Flight.Eva.Tooltip.JetpackFuel	Remaining jetpack fuel.	喷气背包剩余燃料。		
Flight.FlightLog.Title	Flight Log	飞行日志		
Flight.FlightMenu.Title	FLIGHT MENU	飞行菜单		
Flight.GodMode.ChallengeDisabled	Command disabled during challenges.	挑战期间该指令已禁用。		
Flight.GodMode.InfiniteFuelDisabled	Good feeling's gone.	爽快感消失了。		
Flight.GodMode.InfiniteFuelEnabled	Oh, that feels nice.	哦，感觉真不错。		
Flight.GodMode.GroundCloudsEnabled	Our vessel is invulnerable.	我们的载具已无敌。		
Flight.GodMode.GroundCloudsDisabled	The river opened her mouth.	河张开了她的嘴。		
Flight.GodMode.LessRobust	Your craft suddenly feels less robust.	你的载具突然变得不那么坚固了。		
Flight.GodMode.MoreRobust	Your craft suddenly feels more robust.	你的载具突然变得更坚固了。		
Flight.InputSlider.AddSlider	ADD SLIDER	添加滑块		
Flight.InputSlider.AddTooltip	Add Input Slider	添加输入滑块		
Flight.InputSlider.BRAKE	BRAKE	刹车		
Flight.InputSlider.EnterValue	Enter Value	输入数值		
Flight.InputSlider.FORWARD	FORWARD	前进		
Flight.InputSlider.PITCH	PITCH	俯仰		
Flight.InputSlider.RemoveTooltip	Remove Input Slider	移除输入滑块		
Flight.InputSlider.RIGHT	RIGHT	右		
Flight.InputSlider.ROLL	ROLL	滚转		
Flight.InputSlider.SLIDER1	SLIDER 1	滑块 1		
Flight.InputSlider.SLIDER2	SLIDER 2	滑块 2		
Flight.InputSlider.SLIDER3	SLIDER 3	滑块 3		
Flight.InputSlider.SLIDER4	SLIDER 4	滑块 4		
Flight.InputSlider.THROTTLE	THROTTLE	油门		
Flight.InputSlider.UP	UP	上		
Flight.InputSlider.YAW	YAW	偏航		
Flight.Inspector.Acceleration	Acceleration	加速度		
Flight.Inspector.Actions	Actions	动作		
Flight.Inspector.Activate.Tooltip	Activate this part	激活此零件		
Flight.Inspector.ActiveStage	Active Stage	当前分级		
Flight.Inspector.AirDensity	Air Density	空气密度		
Flight.Inspector.AllStages	All Stages	全部分级		
Flight.Inspector.AmbientTemperature	Ambient Temperature	环境温度		
Flight.Inspector.Angular	Angular	角向		
Flight.Inspector.Apoapsis	Apoapsis	远拱点		
Flight.Inspector.AutoPilot	Auto-pilot	自动驾驶		
Flight.Inspector.Battery	Battery	电池		
Flight.Inspector.CommandPod.AutoConfigControls.Label	Auto Config Controls	自动配置控制		
Flight.Inspector.CommandPod.AutoConfigControls.Tooltip	Automatically reorient controls when the command pod's orientation changes.	指令舱朝向改变时自动重新调整控制方向。		
Flight.Inspector.CommandPod.Config.Label	Config	配置		
Flight.Inspector.CommandPod.PlayerControl.Label	Player Control	玩家控制		
Flight.Inspector.CommandPod.PowerUsage.Label	Power Usage	耗电量		
Flight.Inspector.CommandPod.ReplicateAG.Tooltip	Replicates activation group activations from this command pod to other command pods on the craft.	将此指令舱的激活组激活同步到载具上的其他指令舱。		
Flight.Inspector.CommandPod.ReplicateCommands.Tooltip	Replicates flight commands from this command pod to other command pods on the craft.	将此指令舱的飞行指令同步到载具上的其他指令舱。		
Flight.Inspector.CommandPod.ReplicateStageAct.Label	Replicate Stage Act.	同步分级激活		
Flight.Inspector.CommandPod.ReplicateStageAct.Tooltip	Replicates stage activations from this command pod to other command pods on the craft.	将此指令舱的分级激活同步到载具上的其他指令舱。		
Flight.Inspector.Contract	Contract	合约		
Flight.Inspector.Craft	Craft	载具		
Flight.Inspector.CraftMass	Craft Mass	载具质量		
Flight.Inspector.Damage	Damage	损伤		
Flight.Inspector.Deactivate.Tooltip	Deactivate this part	停用此零件		
Flight.Inspector.Derivative	Derivative	微分		
Flight.Inspector.Docking	Docking	对接		
Flight.Inspector.DockingStatus	Status	状态		
Flight.Inspector.DragLoss	Drag Loss	阻力损失		
Flight.Inspector.DragScale	Drag Scale	阻力倍率		
Flight.Inspector.EngineThrust	Engine Thrust	引擎推力		
Flight.Inspector.EstDragForce	Est. Drag Force	估算阻力		
Flight.Inspector.EvaFollowCamera	EVA Follow Camera	EVA 跟随相机		
Flight.Inspector.Explode.Tooltip	Explode this part. Use with caution. Or not. Your call.	引爆此零件。请谨慎使用。或者不必。随你便。		
Flight.Inspector.FlightInfo	Flight Info	飞行信息		
Flight.Inspector.FocusCamera.Tooltip	Center camera on this part	将相机对准此零件		
Flight.Inspector.Fuel	Fuel	燃料		
Flight.Inspector.FuelTank.AllTanksInSet	All Tanks in Set	组内全部燃料箱		
Flight.Inspector.FuelTank.ExplosivePower.Label	Explosive Power	爆炸威力		
Flight.Inspector.FuelTank.ExplosivePower.Tooltip	The explosive power of this fuel tank. Higher values result in larger explosions.	此燃料箱的爆炸威力。数值越高，爆炸越大。		
Flight.Inspector.FuelTank.FuelTransfer.Drain.Tooltip	Drains this tank during fuel transfer. Requires at least one other tank to be set to Fill.	燃料传输时抽空此燃料箱。需要至少另一个燃料箱设为「注入」。		
Flight.Inspector.FuelTank.FuelTransfer.Fill.Tooltip	Fills the tank during fuel transfer. Requires at least one other tank to be set to Drain.	燃料传输时注入此燃料箱。需要至少另一个燃料箱设为「抽出」。		
Flight.Inspector.FuelTank.FuelTransfer.None.Tooltip	Disable fuel transfer.	禁用燃料传输。		
Flight.Inspector.FuelTank.FuelType.Label	Fuel Type	燃料类型		
Flight.Inspector.FuelTank.SelectedTank	Selected Tank	选中燃料箱		
Flight.Inspector.FuelTank.TankSet.Count.Label	Tanks in Set	组内燃料箱数		
Flight.Inspector.FuelTank.TankSet.Count.Tooltip	Gets the number of fuel tanks in the Tank Set.	获取燃料箱组内的燃料箱数量。		
Flight.Inspector.FuelTank.TankSet.Group	Tank Set	燃料箱组		
Flight.Inspector.FuelTank.TankSet.Id.Label	Tank Set ID	燃料箱组 ID		
Flight.Inspector.FuelTank.TankSet.Id.Tooltip	Connected fuel tanks are combined into a single Tank Set. This is the ID of the Tank Set that contains this fuel tank.	相连的燃料箱会合并为一个燃料箱组。这是包含此燃料箱的燃料箱组 ID。		
Flight.Inspector.FuelTank.TankSet.Order.Label	Order in Set	组内顺序		
Flight.Inspector.FuelTank.TankSet.Order.Tooltip	Gets the Order of this fuel tank in its Tank Set. The fuel tanks with the lowest Order are emptied first.	获取此燃料箱在其燃料箱组中的顺序。顺序最小的燃料箱最先被抽空。		
Flight.Inspector.Grav	Grav	重力		
Flight.Inspector.Gravity	Gravity	重力		
Flight.Inspector.GravityScale	Gravity Scale	重力倍率		
Flight.Inspector.HeatDamage	Heat Damage	热损伤		
Flight.Inspector.HeatShield	Heat Shield	隔热罩		
Flight.Inspector.InfiniteFuel	Infinite Fuel	无限燃料		
Flight.Inspector.Integral	Integral	积分		
Flight.Inspector.Lateral	Lateral	横向		
Flight.Inspector.Location	Location	位置		
Flight.Inspector.MachNumber	Mach Number	马赫数		
Flight.Inspector.Mass	Mass	质量		
Flight.Inspector.Max	Max	最大		
Flight.Inspector.Mono	Mono	单组元		
Flight.Inspector.Options	Options	选项		
Flight.Inspector.Orbital	Orbital	轨道		
Flight.Inspector.OverrideHeading.Message	Control direction updated.	控制方向已更新。		
Flight.Inspector.OverrideHeading.Tooltip	Use this part's direction as the craft's forward (control) direction.	将此零件的朝向用作载具的前向（控制）方向。		
Flight.Inspector.PartId	Part ID	零件 ID		
Flight.Inspector.Performance	Performance	性能		
Flight.Inspector.Periapsis	Periapsis	近拱点		
Flight.Inspector.PhysicalDamage	Physical Damage	物理损伤		
Flight.Inspector.PIDs	PIDs	PID 参数		
Flight.Inspector.Pitch	Pitch	俯仰		
Flight.Inspector.PitchPid	Pitch Pid	俯仰 PID		
Flight.Inspector.Planet	Planet	行星		
Flight.Inspector.Proportional	Proportional	比例		
Flight.Inspector.Range	Range	范围		
Flight.Inspector.Roll	Roll	滚转		
Flight.Inspector.RollPid	Roll Pid	滚转 PID		
Flight.Inspector.SelectCommandPod.Tooltip	Select the command pod controlling this part.	选择控制此零件的指令舱。		
Flight.Inspector.SelectPort	SELECT PORT	选择接口		
Flight.Inspector.SetSpeed	Set Speed	设定速度		
Flight.Inspector.StageBurnTime	Stage Burn Time	分级点火时间		
Flight.Inspector.StageDeltaV	Stage Delta-V	分级 Delta-V		
Flight.Inspector.StageIsp	Stage Isp	分级 Isp		
Flight.Inspector.Surface	Surface	表面		
Flight.Inspector.TargetPart.Tooltip	Target this part in particular.	将此零件设为目标。		
Flight.Inspector.Teleport	Teleport	传送		
Flight.Inspector.Temp	Temp	温度		
Flight.Inspector.TimeToApo	Time to Apo.	距远拱点		
Flight.Inspector.TimeToPer	Time to Per.	距近拱点		
Flight.Inspector.Trajectory	Trajectory	轨迹		
Flight.Inspector.TWR	TWR	推重比		
Flight.Inspector.UpgradeCheats	Upgrade to Unlock Cheats	升级以解锁作弊		
Flight.Inspector.Velocity	Velocity	速度		
Flight.Inspector.Vertical	Vertical	纵向		
Flight.Inspector.WingVectors	Wing Vectors	机翼矢量		
Flight.InvalidInput.Number	Invalid input, it has to be a number.	输入无效，必须为数字。		
Flight.Log.Damage.Default	damage	损伤		
Flight.Log.Damage.Explosion	explosion damage	爆炸损伤		
Flight.Log.Damage.GForce	excessive Gs damage	G 力损伤		
Flight.Log.Damage.Heat	heat damage	高温损伤		
Flight.Log.Damage.Overexpansion	overexpansion damage	过度膨胀损伤		
Flight.Log.Damage.Overspin	damage from spinning too fast	过快旋转损伤		
Flight.Log.Damage.Pressure	atmospheric pressure damage	大气压损伤		
Flight.Log.Detail.AstronautActiveFormat	<color={0}>Astronaut '{1}' [ID: {2}] is taking {3}: {4:F1}  (Total Damage: {5:F1})	<color={0}>宇航员「{1}」[ID: {2}] 正在承受 {3}：{4:F1}（累计损伤：{5:F1}）		
Flight.Log.Detail.AstronautCompleteFormat	<color={0}>Astronaut '{1}' [ID: {2}] took {3}: {4:F1}  (Total Damage: {5:F1})	<color={0}>宇航员「{1}」[ID: {2}] 承受了 {3}：{4:F1}（累计损伤：{5:F1}）		
Flight.Log.Detail.AstronautDestroyedFormat	<color={0}>Astronaut '{1}' [ID: {2}] died from excessive {3}.	<color={0}>宇航员「{1}」[ID: {2}] 因过大的 {3} 而死亡。		
Flight.Log.Detail.AstronautDiedFormat	<color={0}>Astronaut '{1}' [ID {2}] has died.	<color={0}>宇航员「{1}」[ID {2}] 已死亡。		
Flight.Log.Detail.DisconnectedFormat	<color={0}>{1} [ID {2}] has been disconnected.	<color={0}>{1} [ID {2}] 已断开连接。		
Flight.Log.Detail.PartActiveFormat	<color={0}>Part '{1}' [ID: {2}] is taking {3}: {4:F1}  (Total Damage: {5:F1})	<color={0}>零件「{1}」[ID: {2}] 正在承受 {3}：{4:F1}（累计损伤：{5:F1}）		
Flight.Log.Detail.PartCompleteFormat	<color={0}>Part '{1}' [ID: {2}] took {3}: {4:F1}  (Total Damage: {5:F1})	<color={0}>零件「{1}」[ID: {2}] 承受了 {3}：{4:F1}（累计损伤：{5:F1}）		
Flight.Log.Detail.PartDestroyedFormat	<color={0}>Part '{1}' [ID: {2}] exploded from excessive {3}.	<color={0}>零件「{1}」[ID: {2}] 因过大的 {3} 而爆炸。		
Flight.Log.Detail.PartExplodedFormat	<color={0}>{1} [ID {2}] has exploded.	<color={0}>{1} [ID {2}] 已爆炸。		
Flight.Log.Detail.TouristActiveFormat	<color={0}>A tourist [ID: {1}] is taking {2}: {3:F1}  (Total Damage: {4:F1})	<color={0}>一名游客 [ID: {1}] 正在承受 {2}：{3:F1}（累计损伤：{4:F1}）		
Flight.Log.Detail.TouristCompleteFormat	<color={0}>A tourist [ID: {1}] took {2}: {3:F1}  (Total Damage: {4:F1})	<color={0}>一名游客 [ID: {1}] 承受了 {2}：{3:F1}（累计损伤：{4:F1}）		
Flight.Log.Detail.TouristDestroyedFormat	<color={0}>A tourist [ID: {1}] died from excessive {2}.	<color={0}>一名游客 [ID: {1}] 因过大的 {2} 而死亡。		
Flight.Log.Detail.TouristDiedFormat	<color={0}>A tourist [ID {1}] has died.	<color={0}>一名游客 [ID {1}] 已死亡。		
Flight.Log.Toast.AstronautDiedFormat	Astronaut '{0}' has died.	宇航员「{0}」已死亡。		
Flight.Log.Toast.DisconnectedFormat	{0} parts have been disconnected	{0} 个零件已断开连接		
Flight.Log.Toast.ExplodedFormat	{0} parts have exploded	{0} 个零件已爆炸		
Flight.Log.Toast.ExplodedOrDisconnectedFormat	{0} parts have exploded or disconnected	{0} 个零件已爆炸或断开连接		
Flight.Log.Toast.MultiTypeDamagedFormat	{0} parts are taking damage	{0} 个零件正在受损		
Flight.Log.Toast.MultiTypeDestroyedFormat	{0} parts have been destroyed	{0} 个零件已被摧毁		
Flight.Log.Toast.MultipleDamagedFormat	{0} parts are taking {1}	{0} 个零件正在承受 {1}		
Flight.Log.Toast.MultipleDestroyedFormat	{0} parts exploded from excessive {1}	{0} 个零件因过大的 {1} 而爆炸		
Flight.Log.Toast.PartExplodedFormat	Part '{0}' has exploded	零件「{0}」已爆炸		
Flight.Log.Toast.SingleDamagedAstronautFormat	Astronaut '{0}' is taking {1}	宇航员「{0}」正在承受 {1}		
Flight.Log.Toast.SingleDamagedFormat	Part '{0}' is taking {1}	零件「{0}」正在承受 {1}		
Flight.Log.Toast.SingleDamagedTouristFormat	A tourist is taking {0}	一名游客正在承受 {0}		
Flight.Log.Toast.SingleDestroyedAstronautFormat	Astronaut '{0}' died from excessive {1}	宇航员「{0}」因过大的 {1} 而死亡		
Flight.Log.Toast.SingleDestroyedFormat	Part '{0}' exploded from excessive {1}	零件「{0}」因过大的 {1} 而爆炸		
Flight.Log.Toast.SingleDestroyedTouristFormat	A tourist died from excessive {0}	一名游客因过大的 {0} 而死亡		
Flight.Log.Toast.TouristDied	A tourist has died.	一名游客已死亡。		
Flight.Map.Label	MAP	地图		
Flight.Maneuver.DeltaVFormat	Delta V: {0}	Delta-V：{0}		
Flight.MapButton.SwitchToAttitude.Tooltip	Switch to attitude mode.	切换到姿态模式。		
Flight.MapButton.SwitchToMap.Tooltip	Switch to map mode.	切换到地图模式。		
Flight.MapView.CraftName	Craft Name	载具名称		
Flight.MapView.GizmoAlignmentType.NewOrbit	New Orbit	新轨道		
Flight.MapView.GizmoAlignmentType.ReferenceOrbit	Reference Orbit	参考轨道		
Flight.MapView.Inspector.Title	Map Info	地图信息		
Flight.MapView.MapViewFontSize.Default	Default	默认		
Flight.MapView.MapViewFontSize.ExtraLarge	Extra Large	特大		
Flight.MapView.MapViewFontSize.Large	Large	大		
Flight.MapView.MapViewFontSize.Small	Small	小		
Flight.MapView.Options.Defaults	Defaults	默认值		
Flight.MapView.Options.GizmoAlign	Gizmo Align	控件对齐		
Flight.MapView.Options.GizmoAlign.Tooltip	Determines how the burn gizmo is aligned. It can stay statically aligned with the reference orbit, or change dynamically to align with the orbit resulting from the burn. Switching options does not alter the existing burn vector.	决定点火控件的对齐方式。它可与参考轨道保持静态对齐，也可动态变为与点火后的轨道对齐。切换选项不会改变现有点火矢量。		
Flight.MapView.Options.GizmoSensitivity	Gizmo Sensitivity (Global)	控件灵敏度（全局）		
Flight.MapView.Options.GizmoSensitivity.Tooltip	Adjusts the global sensitivity of planned burn node delta-v adjustment gizmos. Applied globally, in addition to per-node sensitivity settings. Lower sensitivity means smaller delta-v changes when using the planned burn gizmos.	调整计划点火节点的 Delta-V 调整控件的全局灵敏度。此设置全局生效，并叠加在各节点自身的灵敏度设置之上。灵敏度越低，使用计划点火控件时 Delta-V 的变化越小。		
Flight.MapView.Options.Title	Map Options	地图选项		
Flight.MapView.Options.UiFontSize	UI Font Size	界面字号		
Flight.MapView.Options.UiVerbosity	UI Verbosity	界面信息量		
Flight.MapView.Orbit.Apoapsis	Apoapsis	远拱点		
Flight.MapView.Orbit.ArgOfPeriapsis	Arg of Periapsis	近拱点幅角		
Flight.MapView.Orbit.Color	Color	颜色		
Flight.MapView.Orbit.DayLength	Day Length	一天长度		
Flight.MapView.Orbit.DayLength.Tooltip	The length of a day in hours.	一天的时长，以小时计。		
Flight.MapView.Orbit.DefaultSphereOfInfluence	Default Sphere Of Influence	默认影响范围		
Flight.MapView.Orbit.DefaultSphereOfInfluence.Tooltip	Reset the planet's sphere of influence to its default value. Note: The default may not be large enough to encompass child planets. You may need to adjust the size so all children (and their SOI) fit within the bounds.	将行星的影响范围重置为默认值。注意：默认值可能不足以覆盖子行星。你可能需要调整大小，使所有子天体（及其影响范围）都落在范围内。		
Flight.MapView.Orbit.Eccentricity	Eccentricity	偏心率		
Flight.MapView.Orbit.Inclination	Inclination	倾角		
Flight.MapView.Orbit.OrbitDetails	Orbit Details	轨道详情		
Flight.MapView.Orbit.Parent	Parent	母天体		
Flight.MapView.Orbit.Periapsis	Periapsis	近拱点		
Flight.MapView.Orbit.Period	Period	周期		
Flight.MapView.Orbit.RightAscension	Right Ascension	赤经		
Flight.MapView.Orbit.Rotation	Rotation	自转		
Flight.MapView.Orbit.SemiMajorAxis	Semi-Major Axis	半长轴		
Flight.MapView.Orbit.SphereOfInfluence	Sphere Of Influence	影响范围		
Flight.MapView.Orbit.TidalLock	Tidal Lock	潮汐锁定		
Flight.MapView.Orbit.TidalLock.Tooltip	Updates the angular velocity so the planet is tidally locked in its current orbit. If the orbit changes, this button must be used again.	更新角速度，使行星在当前轨道上处于潮汐锁定状态。若轨道发生变化，需再次使用此按钮。		
Flight.MapView.Orbit.TimeToApo	Time to Apo.	距远拱点		
Flight.MapView.Orbit.TimeToPer	Time to Per.	距近拱点		
Flight.MapView.Orbit.TrueAnomaly	True Anomaly	真近点角		
Flight.MapView.OrbitUiVerbosity.High	High	高		
Flight.MapView.OrbitUiVerbosity.Low	Low	低		
Flight.MapView.OrbitUiVerbosity.Medium	Medium	中		
Flight.MapView.OrbitUiVerbosity.Minimal	Minimal	精简		
Flight.MapView.RenameCraft	Rename Craft	重命名载具		
Flight.MapView.Details.Atmosphere	Atmosphere	大气		
Flight.MapView.Details.DaySurfaceTemp	Day surface temp	白天表面温度		
Flight.MapView.Details.Density	Density	密度		
Flight.MapView.Details.Height	Height	高度		
Flight.MapView.Details.Hydrosphere	Hydrosphere	水圈		
Flight.MapView.Details.Liquid	Liquid	液体		
Flight.MapView.Details.Mass	Mass	质量		
Flight.MapView.Details.NightSurfaceTemp	Night surface temp	夜间表面温度		
Flight.MapView.Details.Notes	Notes	备注		
Flight.MapView.Details.Radius	Radius	半径		
Flight.MapView.Details.SurfaceDensity	Surface density	表面密度		
Flight.MapView.Details.SurfaceGravity	Surface gravity	表面重力		
Flight.MapView.Details.Temperature	Temperature	温度		
Flight.MapView.Details.Title	Details	详情		
Flight.MapView.Selected.Accuracy	Accuracy	精度		
Flight.MapView.Selected.AddPlanet	Add child planet that will orbit this planet	添加环绕此行星的子行星		
Flight.MapView.Selected.ArrivalTime	Arrival Time	抵达时间		
Flight.MapView.Selected.AutoBurn	Toggle to have the player craft perform an auto-burn when a burn node is approached.	开启后，玩家载具在接近点火节点时将自动点火。		
Flight.MapView.Selected.DeleteItem	Destroy this item	摧毁此项目		
Flight.MapView.Selected.DestroyItemFormat	Destroy {0}	摧毁 {0}		
Flight.MapView.Selected.EditPlanet	Edit this planet in the Celestial Body Designer	在天体设计器中编辑此行星		
Flight.MapView.Selected.File	File	文件		
Flight.MapView.Selected.LockNode	Locking the node prevents it from being updated by changes to the craft's velocity and should be enabled before performing burns.	锁定节点可防止其因载具速度变化而被更新，执行点火前应启用。		
Flight.MapView.Selected.PlanetAlreadyExists	The selected planet already exists in the planetary system. Duplicates are not currently supported.	所选行星已存在于该行星系中。目前不支持重复的行星。		
Flight.MapView.Selected.PlayerDestroyed	The player-controlled craft has been destroyed. Take control of another craft to continue.	玩家操控的载具已被摧毁。请操控另一载具以继续。		
Flight.MapView.Selected.RenameCraft	Change the name of this craft	更改此载具的名称		
Flight.MapView.Selected.ReplacePlanet	Replace this planet	替换此行星		
Flight.MapView.Selected.SelectPlayer	Select player	选择玩家		
Flight.MapView.Selected.SetTarget	Set as current target	设为当前目标		
Flight.MapView.Selected.SwitchedToCraft	Switched to craft '{0}'	已切换到载具「{0}」		
Flight.MapView.Selected.SyncCamera	Toggles the option to sync the camera focus to the selected item.	切换将相机焦点同步到所选项目的选项。		
Flight.MapView.Selected.TakeControl	Take control of this craft	操控此载具		
Flight.MapView.Selected.TakeControlConfirm	Are you sure you want to take control of the craft named '{0}'?	确定要操控名为「{0}」的载具吗？		
Flight.MapView.Selected.Type	Type	类型		
Flight.MapView.Selected.WarpToNode	Warp player craft to the next node	将玩家载具时间加速到下一节点		
Flight.MapView.Visibility.CraftIcons	Craft Icons	载具图标		
Flight.MapView.Visibility.CraftOrbits	Craft Orbits	载具轨道		
Flight.MapView.Visibility.Default	default	默认		
Flight.MapView.Visibility.Off	off	关		
Flight.MapView.Visibility.On	on	开		
Flight.MapView.Visibility.OrbitLinesLocked	You haven't unlocked the orbit lines yet. You can unlock them in the Tech Tree.	你尚未解锁轨道线。可在科技树中解锁。		
Flight.MapView.Visibility.PlanetIcons	Planet Icons	行星图标		
Flight.MapView.Visibility.PlanetOrbits	Planet Orbits	行星轨道		
Flight.MapView.Visibility.PlanetSOIs	Planet SOIs	行星影响范围		
Flight.MapView.Visibility.ResetAllCustom	Reset All Custom	重置全部自定义		
Flight.MapView.Visibility.ResetDefaults	Reset Defaults	重置默认		
Flight.MapView.Visibility.SelectedIcon	Selected Icon	选中图标		
Flight.MapView.Visibility.SelectedOrbit	Selected Orbit	选中轨道		
Flight.MapView.Visibility.SelectedSOI	Selected SOI	选中影响范围		
Flight.MapView.Visibility.StructureIcons	Structure Icons	建筑图标		
Flight.MapView.Visibility.Title	Item Visibility	项目可见性		
Flight.MapView.Visibility.ToggleAll	Toggle All	全部切换		
Flight.MaxWarp.Enforced	Max Warp Enforced	已限制最大时间加速		
Flight.MaxWarp.Unlocked	Max Warp Unlocked	最大时间加速已解锁		
Flight.Navball.Close.Tooltip	Close the navball (FDAI).	关闭导航球（FDAI）。		
Flight.Navball.Label	NAVBALL	导航球		
Flight.Navball.Open.Tooltip	Open the navball (FDAI).	打开导航球（FDAI）。		
Flight.NavPanel.LockAntiNormal	Lock Anti-Normal	锁定反法向		
Flight.NavPanel.LockAntiTarget	Lock Anti-Target	锁定反目标		
Flight.NavPanel.LockDown	Lock Down	锁定下		
Flight.NavPanel.LockEast	Lock East	锁定东		
Flight.NavPanel.LockedCurrentHeading	Locked Current Heading	已锁定当前朝向		
Flight.NavPanel.LockHeading	Lock Current Heading	锁定当前朝向		
Flight.NavPanel.LockManeuver	Lock Maneuver	锁定机动节点		
Flight.NavPanel.LockNormal	Lock Normal	锁定法向		
Flight.NavPanel.LockNorth	Lock North	锁定北		
Flight.NavPanel.LockPrograde	Lock Velocity Prograde	锁定顺行速度		
Flight.NavPanel.LockRadialIn	Lock Radial In	锁定径向内		
Flight.NavPanel.LockRadialOut	Lock Radial Out	锁定径向外		
Flight.NavPanel.LockRetrograde	Lock Velocity Retrograde	锁定逆行速度		
Flight.NavPanel.LockSouth	Lock South	锁定南		
Flight.NavPanel.LockTarget	Lock Target	锁定目标		
Flight.NavPanel.LockUp	Lock Up	锁定上		
Flight.NavPanel.LockWest	Lock West	锁定西		
Flight.NavPanel.ShowHideNavSphere	Show/Hide Nav Sphere	显示/隐藏导航球		
Flight.NavPanel.ToggleActivationPanel	Toggle Activation Panel	切换激活面板		
Flight.NavPanel.ToggleAnalogSticks	Toggle Analog Sticks	切换模拟摇杆		
Flight.NavPanel.ToggleFlightInfoPanel	Toggle Flight Info Panel	切换飞行信息面板		
Flight.NavPanel.ToggleFlightLogPanel	Toggle Flight Log Panel	切换飞行日志面板		
Flight.NavPanel.ToggleNavSpherePanel	Toggle Nav Sphere Panel	切换导航球面板		
Flight.NavPanel.ToggleTranslationMode	Toggle Translation Mode	切换平移模式		
Flight.NavPanel.UnlockedCurrentHeading	Unlocked Current Heading	已解锁当前朝向		
Flight.NavSphere.HeadingFormat	Heading: {0}°	朝向：{0}°		
Flight.NavSphere.LockedFormat	Locked {0}	已锁定 {0}		
Flight.NavSphere.LockedTarget	Locked Target	已锁定目标		
Flight.NavSphere.LockedVelocityPrograde	Locked Velocity Prograde	已锁定顺行速度		
Flight.NavSphere.LockedVelocityRetrograde	Locked Velocity Retrograde	已锁定逆行速度		
Flight.NavSphere.NoTargetSelected	No target is selected in Map View	地图视图中未选择任何目标		
Flight.NavSphere.PitchFormat	Pitch: {0}°	俯仰：{0}°		
Flight.NavSphere.UnlockedFormat	Unlocked {0}	已解锁 {0}		
Flight.NavSphere.UnlockedTarget	Unlocked Target	已解锁目标		
Flight.NavSphere.UnlockedVelocityPrograde	Unlocked Velocity Prograde	已解锁顺行速度		
Flight.NavSphere.UnlockedVelocityRetrograde	Unlocked Velocity Retrograde	已解锁逆行速度		
Flight.NavSphere.VelocityMode.Orbit.Initial	O	O		
Flight.NavSphere.VelocityMode.Orbit.Label	ORBT	轨道		
Flight.NavSphere.VelocityMode.Surface.Initial	S	S		
Flight.NavSphere.VelocityMode.Surface.Label	SURF	地表		
Flight.NavSphere.VelocityMode.Target.Initial	T	T		
Flight.NavSphere.VelocityMode.Target.Label	TRGT	目标		
Flight.Part.ClickAgainToDestroy	Click again to destroy this part.	再次点击以摧毁此零件。		
Flight.Part.DestroyedFormat	{0} destroyed.	{0} 已摧毁。		
Flight.Part.DestroyedOnUnpauseFormat	{0} will be destroyed as soon as you unpause.	解除暂停后，{0} 将立即被摧毁。		
Flight.Part.LogDestroyedFormat	{0} [ID {1}] destroyed.	{0} [ID {1}] 已摧毁。		
Flight.Pause.Paused	Paused	已暂停		
Flight.Pause.Unpaused	Unpaused	已解除暂停		
Flight.QuickLoad.Confirm	Confirm that you wish to restore from your last quick save.	确认要从上次快速存档恢复。		
Flight.QuickLoad.Disabled	Quick Load is currently disabled	快速载入当前已禁用		
Flight.QuickLoad.NoSave	No quick save available	没有可用的快速存档		
Flight.QuickLoad.Restore	RESTORE	恢复		
Flight.QuickLoadButton.Text	QUICK\nLOAD	快速\n载入		
Flight.QuickSave.Complete	Quick Save Complete	快速存档完成		
Flight.QuickSave.Disabled	Quick Save is currently disabled	快速存档当前已禁用		
Flight.QuickSaveButton.Text	QUICK\nSAVE	快速\n存档		
Flight.RecoverCraft.AstronautsOnboard	Astronauts Onboard	载具内宇航员		
Flight.RecoverCraft.BestToDestroy	It's going to cost money to recover this craft, so it's best to just destroy it.	回收此载具需要花钱，因此最好直接摧毁它。		
Flight.RecoverCraft.CannotRecover	This craft cannot be recovered because it is destroyed. Would you like to save this flight and exit?	此载具已被摧毁，无法回收。要保存本次飞行并退出吗？		
Flight.RecoverCraft.Destroy	DESTROY	摧毁		
Flight.RecoverCraft.DestroyCraft	DESTROY CRAFT	摧毁载具		
Flight.RecoverCraft.DestroyCraft.Tooltip	Recommended if you don't need this craft anymore, but not recommended if there are crew on board!	若不再需要此载具则推荐，但若载具上有乘员则不推荐！		
Flight.RecoverCraft.Header	RECOVER CRAFT	回收载具		
Flight.RecoverCraft.Recover	RECOVER	回收		
Flight.RecoverCraft.RecoverableParts	Recoverable Parts	可回收零件		
Flight.RecoverCraft.RecoverCraft.Tooltip	Recover money from this craft's parts. Recommended unless it will cost money, but always recommended if there are astronauts on board.	从该载具的零件中回收资金。除非回收需要花钱，否则推荐；若载具上有宇航员则总是推荐。		
Flight.RecoverCraft.RecoveryBonus	Recovery Bonus	回收奖励		
Flight.RecoverCraft.RecoveryCost	Recovery Cost	回收费用		
Flight.RecoverCraft.RecoveryDistance	Recovery Distance	回收距离		
Flight.RecoverCraft.RecoveryLocation	Recovery Location	回收地点		
Flight.RecoverCraft.Retry	RETRY	重试		
Flight.RecoverCraft.RetryRecommendation	\n\nIf you're not happy with what you accomplished this flight, then it might be best to Retry / Undo instead.	\n\n如果你对本次飞行的成果不满意，或许最好改用 重试 / 撤销。		
Flight.RecoverCraft.RetryUndo.Tooltip	There's no penalty for trying again. If you didn't complete any contracts or milestones, this is the recommended option.	重试不会有任何惩罚。如果你没有完成任何合约或里程碑，推荐选择此项。		
Flight.RecoverCraft.WouldYouLikeToRecover	Would you like to recover this craft?	要回收这艘载具吗？		
Flight.RecoverCraft.WouldYouLikeToRecoverCost	Would you like to recover this craft? It's going to cost money, but there are astronauts onboard!	要回收这艘载具吗？这需要花钱，但船上有航天员！		
Flight.RelaunchButton.Text	RELAUNCH	重新发射		
Flight.RelaunchCraft.Title	RELAUNCH CRAFT	重新发射载具		
Flight.RetryFlight.LevelRetryPrompt	Would you like to retry this level or exit?	要重试本关卡还是退出？		
Flight.RetryFlight.RetryPrompt	Okay, let's pretend this never happened. We can roll everything back to the way it was before this flight.\n\nRetry this flight, or just undo and exit?	好吧，就当这一切从未发生。我们可以把一切都回滚到本次飞行之前的状态。\n\n要重试本次飞行，还是撤销并退出？		
Flight.RetryFlight.UndoAndExit	UNDO & EXIT	撤销并退出		
Flight.RunBenchmarkButton.Text	RUN BENCHMARK	运行基准测试		
Flight.SaveAndExit	SAVE & EXIT	保存并退出		
Flight.SaveFlight.CollisionWarning	\n\nYour craft is on a collision course with the planet and will crash if left unattended. Are you sure you want to save and exit?	\n\n你的载具正朝行星坠落，若不处理将会坠毁。确定要保存并退出吗？		
Flight.SaveFlight.Message	Save this flight so that you can resume it later from the Resume Flight button in the main menu.	保存本次飞行，之后可在主菜单中通过「继续飞行」按钮恢复。		
Flight.SaveLaunchLocation.OverwriteConfirm	A launch location with that name already exists. Do you want to overwrite it?	已存在同名发射场。要覆盖吗？		
Flight.SaveLaunchLocation.Placeholder	Launch Location Name	发射场名称		
Flight.SaveLaunchLocation.Title	Save Launch Location	保存发射场		
Flight.SaveLocationButton.Text	SAVE LOCATION	保存发射场		
Flight.Scene.DisabledFormat	{0} disabled	{0} 已禁用		
Flight.Scene.EnabledFormat	{0} enabled	{0} 已启用		
Flight.SetSpeed.Message	Overriding the current craft surface speed.<br>Set the new speed in m/s.	正在覆盖载具当前的地表速度。<br>请输入新的速度（m/s）。		
Flight.Staging.ActivateStage.Tooltip	Activate this stage	激活此分级		
Flight.Staging.CurrentStageFormat	STG {0}	分级 {0}		
Flight.Staging.Engines.Tooltip	Engines	发动机		
Flight.Staging.Fairings.Tooltip	Fairings	整流罩		
Flight.Staging.Interstages.Tooltip	Interstages	级间段		
Flight.Staging.LandingLeg.Tooltip	Landing Leg	着陆支腿		
Flight.Staging.Parachutes.Tooltip	Parachutes	降落伞		
Flight.Staging.Payloads.Tooltip	Payloads	载荷		
Flight.Staging.StagingEnd	END	结束		
Flight.SwitchCraft.Button	SWITCH	切换		
Flight.SwitchCraft.ButtonText	SWITCH CRAFT	切换载具		
Flight.SwitchCraft.Title	SWITCH CRAFT	切换载具		
Flight.SwitchLocation.Button	SWITCH	切换		
Flight.SwitchLocation.ButtonText	SWITCH LOCATION	切换发射场		
Flight.SwitchLocation.Title	SWITCH LOCATION	切换发射场		
Flight.Targeting.ApproachInfo	Approach Info	接近信息		
Flight.Targeting.CannotSetTarget	Cannot set target.	无法设置目标。		
Flight.Targeting.ClosestApproachInfo	Closest Approach Info	最近接近信息		
Flight.Targeting.HideEncounterInfo	Hide Encounter Info	隐藏交会信息		
Flight.Targeting.ShowEncounterInfo	Show Encounter Info	显示交会信息		
Flight.Targeting.TargetingFormat	Targeting {0}	目标：{0}		
Flight.Teleport.AnotherPlanet	Cannot teleport to a target on another planet.	无法传送至其他行星上的目标。		
Flight.Teleport.DockingPort	Teleporting in front of a docking port.<br>How far from it do you want to be?	正在传送至对接口前方。<br>你希望距离多远？		
Flight.Teleport.InvalidCoords	Invalid input, it has to be in the format 'Lat, Lon, AGL'.	输入无效，格式必须为「纬度, 经度, 离地高度」。		
Flight.Teleport.ToCraft	Teleporting to the target craft.<br>How high do you want to be relative to it?	正在传送至目标载具。<br>你希望相对它高出多少？		
Flight.Teleport.ToPlanet	Teleporting to {0}.<br>Choose the coordinates as 'Lat, Lon, AGL'	正在传送至 {0}。<br>请按「纬度, 经度, 离地高度」选择坐标		
Flight.Teleport.Up	Teleporting up.<br>By how much?	正在向上传送。<br>传送多高？		
Flight.Throttle.Max	MAX	最大		
Flight.TimeManager.AtMaxWarp	At max warp	已达最大时间加速		
Flight.TimeManager.SlowMo	Slow-Mo	慢动作		
Flight.TimeManager.WarpFailAtmosphere	Time Warp can only be enabled when the craft is grounded or outside the atmosphere.	只有载具位于地面或大气层外时才能启用时间加速。		
Flight.TimeManager.WarpFailAtmosphereEntry	Time Warp limited: craft is on a course to enter the atmosphere.	时间加速受限：载具即将进入大气层。		
Flight.TimeManager.WarpFailEngines	Time Warp cannot be enabled when non-ion engines are active.	非离子发动机工作时无法启用时间加速。		
Flight.TimeManager.WarpFailImpact	Time Warp limited: craft is on a course to impact the planet.	时间加速受限：载具即将撞击行星。		
Flight.TimePanel.DecreaseWarpSpeed	Decrease Warp Speed	降低时间加速倍率		
Flight.TimePanel.FastForward	Fast Forward	快进		
Flight.TimePanel.IncreaseWarpSpeed	Increase Warp Speed	提高时间加速倍率		
Flight.TimePanel.MissionTime.Day	day	天		
Flight.TimePanel.MissionTime.DayAbbr	DAY	天		
Flight.TimePanel.MissionTime.Days	days	天		
Flight.TimePanel.MissionTime.DaysAbbr	DAYS	天		
Flight.TimePanel.MissionTime.Year	year	年		
Flight.TimePanel.MissionTime.Years	years	年		
Flight.TimePanel.NormalSpeed	Normal Speed	正常速度		
Flight.TimePanel.Reverse	Reverse	倒放		
Flight.TimePanel.SlowMotion	Slow Motion	慢动作		
Flight.TimePanel.WarpSpeed	Warp Speed	时间加速		
Flight.ToggleFPSButton.Text	TOGGLE FPS	切换 FPS		
Flight.TranslationMode.Disabled	Translation Mode Disabled	平移模式已禁用		
Flight.TranslationMode.Enabled	Translation Mode Enabled	平移模式已启用		
Flight.Tutorial.AutoActivatedStage	I went ahead and activated that stage for ya. You're welcome :)	我已经帮你激活了那个分级，不用谢 :)		
Flight.Tutorial.OrbitAchieved	Congratulations! You have achieved orbit!	恭喜！你已成功进入轨道！		
Flight.UndoFlight	UNDO FLIGHT	撤销飞行		
Flight.UndoFlight.Message	Okay, let's pretend this never happened. We can roll everything back to the way it was before this flight.\n\nRetry this flight, or just undo and exit?	好吧，就当这一切从未发生。我们可以把一切都回滚到本次飞行之前的状态。\n\n要重试本次飞行，还是撤销并退出？		
Flight.Validation.CommandPod.LowBattery	Low battery capacity. Consider adding more batteries.	电池容量偏低，建议增加电池。		
Flight.Validation.CommandPod.NoBattery	No battery. Command pod will not function without a battery.	没有电池。指令舱没有电池将无法工作。		
Flight.ViewPanel.ChangeCameraView	Change camera view	切换视角		
Flight.ViewPanel.ContractFeedback.HowDifficult	How difficult was it?	难度如何？		
Flight.ViewPanel.ContractFeedback.HowFun	How fun was it?	好玩吗？		
Flight.ViewPanel.ContractFeedback.JustRight	Just<br>Right	刚刚<br>好		
Flight.ViewPanel.ContractFeedback.NoThanks	NO THANKS	不用了		
Flight.ViewPanel.ContractFeedback.Okay	Okay	好的		
Flight.ViewPanel.ContractFeedback.Prompt	Please send us your thoughts about this contract. Thanks!	请把您对这份合约的看法告诉我们，谢谢！		
Flight.ViewPanel.ContractFeedback.Submit	SUBMIT FEEDBACK	提交反馈		
Flight.ViewPanel.ContractFeedback.TooEasy	Too<br>Easy	太<br>简单		
Flight.ViewPanel.ContractFeedback.TooHard	Too<br>Hard	太<br>难		
Flight.ViewPanel.ContractFeedback.VeryBoring	Very<br>Boring	很<br>无聊		
Flight.ViewPanel.ContractFeedback.VeryFun	Very<br>Fun	很<br>好玩		
Flight.ViewPanel.NoActiveContracts	No Active Contracts	没有进行中的合约		
Flight.ViewPanel.OpenMenu	Open the menu	打开菜单		
Flight.ViewPanel.RecenterHint	Click this to recenter your camera.	点击以重置视角中心。		
Flight.ViewPanel.RecenterView	Re-center View on Target	视角重新对准目标		
Flight.ViewPanel.SearchPlanetsAndCrafts	Search for planets and crafts	搜索行星和载具		
Flight.ViewPanel.ToggleMapView	Toggle Map View	切换地图视图		
Flight.ViewPanel.ViewActiveContracts	View active contracts	查看进行中的合约		
Fuel.Ar.Name	Argon	氩气		
Fuel.Ar.Description	Argon for ion engines, a cheaper stand-in for xenon at the cost of slightly lower efficiency. Where an atmosphere carries it at all it tends to be sparse, so gathering a useful amount takes a dedicated scoop and some patience.	用于离子发动机的氩气，是氙气的廉价替代品，代价是效率略低。大气中即便含有氩气也往往十分稀薄，要采集到可用的量需要专用采集器和一些耐心。		
Fuel.Battery.Name	Battery	电池		
Fuel.Battery.Description	Battery is used to power many components of a craft, and unlike fuel, it can be regenerated.	电池为载具的许多部件供电，与燃料不同，它可以重新充能。		
Fuel.CH4.Name	Methane	甲烷		
Fuel.CH4.Description	Methane for use as the fuel component in Methalox rocket engines. It turns up as atmospheric gas, surface ice, and even liquid lakes, so a harvester can often top up in the field. Store alongside an Oxygen tank and the engine will burn them together when the combined Methalox mixture tank is depleted.	用作甲烷氧火箭发动机燃料组分的甲烷。它以大气气体、地表冰甚至液体湖泊的形式出现，因此采集器常能在野外就地补充。与氧气箱一同存放，混合甲烷氧燃料箱耗尽后发动机便会同时燃烧两者。		
Fuel.CO2.Name	Carbon Dioxide	二氧化碳		
Fuel.CO2.Description	Carbon dioxide, harvested from the atmosphere where a world has one or mined from frozen surface deposits. On its own it's just cargo, but feed it to a Sabatier converter with some hydrogen and it becomes methane fuel.	二氧化碳，可从有大气层的天体大气中采集，或从地表冻结沉积物中开采。它本身只是货物，但把它和一些氢气送入萨巴蒂尔转化器，就能变成甲烷燃料。		
Fuel.H2O.Name	Water	水		
Fuel.H2O.Description	Now that's what I call high-quality H2O.	这才是我说的高品质 H2O。		
Fuel.H2O2.Name	Hydrogen Peroxide	过氧化氢		
Fuel.H2O2.Description	A storable monopropellant that runs without a separate oxidizer, handy for RCS and small thrusters. It's less efficient than hydrazine, but you can make it from nothing but water, so it's the easy choice for a self-sufficient base.	可长期储存的单组元推进剂，无需单独的氧化剂即可工作，适合 RCS 和小型推进器。效率不如肼，但它仅用水就能制取，因此是自给自足基地的省心之选。		
Fuel.Jet.Name	Jet Fuel	喷气燃料		
Fuel.Jet.Description	Special kerosene for use in jet engines. Note: Jet engines don't need to be directly connected to fuel tanks with jet fuel. As long as your craft has some, they will work.	用于喷气发动机的专用煤油。注意：喷气发动机不必与装有喷气燃料的燃料箱直接相连，只要载具上有这种燃料，它们就能工作。		
Fuel.Jetpack.Name	Jetpack	喷气背包		
Fuel.Jetpack.Description	It's for jetpacks...also this shouldn't be showing up anywhere.	这是给喷气背包用的……而且它本不该出现在任何地方。		
Fuel.LH2.Name	Hydrogen	氢气		
Fuel.LH2.Description	Hydrogen for use in rocket engines. Without an oxidizer it is even more efficient, but can then only be used in nuclear rocket engines. Also serves as the fuel component for Hydrolox engines when stored alongside Oxygen tanks, and a scoop can harvest it from any atmosphere rich enough in it.	用于火箭发动机的氢气。不加氧化剂时效率更高，但那样只能用于核火箭发动机。与氧气箱一同存放时也作为氢氧发动机的燃料组分，采集器可以从任何富含氢气的大气中收集它。		
Fuel.LOX.Name	Oxygen	氧气		
Fuel.LOX.Description	Oxygen for use as the oxidizer component in bipropellant rocket engines. Cryogenic in storage, but a scoop can pull it straight from an atmosphere that carries it. Store alongside a compatible fuel (Kerosene, Hydrogen, or Methane) and the engine will burn them together when the combined mixture tank is depleted.	用作双组元火箭发动机氧化剂组分的氧气。储存时需低温保存，但采集器可以直接从含氧大气中提取。与兼容的燃料（煤油、氢气或甲烷）一同存放，混合燃料箱耗尽后发动机便会同时燃烧两者。		
Fuel.LOX/CH4.Name	Methalox	甲烷氧		
Fuel.LOX/CH4.Description	Oxygen and methane for use in rocket engines. Somewhat more efficient than kerolox, but easier to work with than hydrolox.	用于火箭发动机的氧气和甲烷。效率比煤油氧略高，但比氢氧更易操作。		
Fuel.LOX/LH2.Name	Hydrolox	氢氧		
Fuel.LOX/LH2.Description	Oxygen and hydrogen for use in rocket engines. Hydrolox is very efficient, but it has extremely low density and therefore requires larger fuel tanks.	用于火箭发动机的氧气和氢气。氢氧效率很高，但密度极低，因此需要更大的燃料箱。		
Fuel.LOX/RP1.Name	Kerolox	煤油氧		
Fuel.LOX/RP1.Description	Oxygen and kerosene for use in rocket engines. It's cheap and only moderately cryogenic so it's safer and easier to work with. The downside is that it's not as efficient as some of the other fuels.	用于火箭发动机的氧气和煤油。它价格低廉，低温要求不高，因此更安全、更易操作。缺点是效率不如其他一些燃料。		
Fuel.Monopropellant.Name	Hydrazine	肼		
Fuel.Monopropellant.Description	Toxic? Maybe. But its flexibility is perfect for RCS and simple engines. If you smell ammonia, run.	有毒？也许吧。但它灵活多用，非常适合 RCS 和简单发动机。如果你闻到氨味，快跑。		
Fuel.N2.Name	Nitrogen	氮气		
Fuel.N2.Description	Nitrogen, scooped from the atmosphere of any world that has one. Nothing burns it directly, but combine it with hydrogen in a converter and you can synthesize hydrazine, a potent storable propellant.	氮气，可从任何有大气层的天体大气中采集。没有东西会直接燃烧它，但在转化器中与氢气结合，就能合成肼——一种强力的可储存推进剂。		
Fuel.None.Name	None	无		
Fuel.None.Description	Zero, zilch, zip, nada, nothing.	零、空、无、啥都没有。		
Fuel.PETN.Name	Penthrite	太恩		
Fuel.PETN.Description	Only for those who dare to play with fire, watch for your fingers.	只适合敢玩火的人，小心你的手指。		
Fuel.RP1.Name	Kerosene	煤油		
Fuel.RP1.Description	Highly refined kerosene (RP-1) for use as the fuel component in Kerolox rocket engines. Store alongside an Oxygen tank and the engine will burn them together when the combined Kerolox mixture tank is depleted.	高纯度精炼煤油（RP-1），用作煤油氧火箭发动机的燃料组分。与氧气箱一同存放，混合煤油氧燃料箱耗尽后发动机便会同时燃烧两者。		
Fuel.Regolith.Name	Regolith	风化层		
Fuel.Regolith.Description	Loose surface rock and dust, drilled straight from the ground. No engine burns it and no converter processes it, but with a drill and a tank you can haul it back from anywhere you can land.	松散的表面岩石与尘土，直接从地面钻取。没有发动机会燃烧它，也没有转化器能处理它，但只要带上钻头和燃料箱，你就能从任何能着陆的地方把它运回来。		
Fuel.Solid.Name	Solid	固体		
Fuel.Solid.Description	Solid fuel for use in rocket engines. It packs a lot of impulse into a small space, but it is heavy and expensive.	用于火箭发动机的固体燃料。它能在很小的体积内提供很大的冲量，但既重又贵。		
Fuel.Xenon.Name	Xenon	氙气		
Fuel.Xenon.Description	Xenon is used by ion engines. It's an inert gas, so it won't cause huge explosions. Depending on what you're going for that might be a good thing or a bad thing.	氙气供离子发动机使用。它是惰性气体，不会造成大爆炸。这算好事还是坏事，取决于你想要什么。		
GradientEditor.AlphaKeyType	alpha	透明度		
GradientEditor.Color	Color	颜色		
GradientEditor.ColorKeyType	color	颜色		
GradientEditor.MaxKeysErrorFormat	Gradients in Unity do not support more than 8 {0} keys.	Unity 的渐变最多只支持 8 个 {0} 键。		
GradientEditor.Position	Position	位置		
GradientEditor.Smooth	Smooth	平滑		
GradientEditor.Title	Gradient Editor	渐变编辑器		
Inspector.ArrayGroupFormat	{0} List ({1} items)	{0} 列表（{1} 项）		
Inspector.DeleteItemTooltip	Delete item.	删除此项。		
Inspector.MoveItemDownTooltip	Move item down.	下移此项。		
Inspector.MoveItemUpTooltip	Move item up.	上移此项。		
Inspector.RemoveButton	Remove	移除		
Inspector.SelectTexture	Select Texture	选择贴图		
Level.Tooltip.Exit	Exit Level	退出关卡		
Level.Tooltip.Failed	You have failed this requirement	你未满足此要求		
Level.Tooltip.Incomplete	This requirement is incomplete	此要求尚未完成		
Level.Tooltip.PassedForNow	You have passed this requirement (for now)	你已满足此要求（暂时）		
Level.Tooltip.Retry	Retry Level	重试关卡		
Level.YouDidIt	You did it!	你做到了！		
Level.YouFailed	You have failed!	你失败了！		
Levels.Altitude100.Description	Build a rocket that can reach an altitude of 100km above sea level.	建造一枚能飞至海平面以上 100 公里的火箭。		
Levels.Altitude100.Name	100km Altitude	100 公里高度		
Levels.Category.BuildChallenge	Build Challenge	建造挑战		
Levels.Category.FlightChallenge	Flight Challenge	飞行挑战		
Levels.Category.PracticeChallenge	Practice Challenge	练习挑战		
Levels.Category.Tutorial	Tutorial	教程		
Levels.DesignerTutorial.Description	I can show you how to build a rocket. It'll take only about 10 minutes, but the knowledge will last a lifetime! It'll be fun!	我可以教你如何建造火箭。只要大约 10 分钟，但学到的知识受用一生！会很有趣的！		
Levels.DesignerTutorial.Name	Designer Tutorial	设计器教程		
Levels.DockingPractice.Description	Practice docking with a satellite. Just ease forward and give the satellite a little kiss with your docking port. Once at close range, the docking port applies a small magnetic force to help align the two ports together.	练习与卫星对接。缓缓前进，用你的对接口轻吻一下卫星。进入近距离后，对接口会施加微小的磁力，帮助两个接口对齐。		
Levels.DockingPractice.Name	Docking Practice	对接练习		
Levels.EsaJuice.Description	The European Space Agency is visiting Jupiter for the first time with the JUpiter ICy moons Explorer.\n\nTo commemorate this, can you bring JUICE to Tydos? Fuel is low, so you may need some Gravity Assists. Keep your deltaV usage as low as possible!	欧洲空间局首次携木星冰月探测器造访木星。\n\n为纪念此事，你能把 JUICE 带到 Tydos 吗？燃料不多，可能需要借助引力助推。请尽量降低 deltaV 消耗！		
Levels.EsaJuice.Name	JUICE by ESA	欧空局 JUICE		
Levels.EscapeSoi.Description	Launch from Droo and reach escape velocity so your orbit becomes hyperbolic. The level ends once you leave Droo's Sphere of Influence (SOI). You must use less than 60kL of fuel to win.	从 Droo 发射并达到逃逸速度，使轨道变为双曲线。一旦离开 Droo 的影响范围（SOI），关卡即结束。燃料消耗须少于 60kL 才能获胜。		
Levels.EscapeSoi.Name	Escape Droo	逃离 Droo		
Levels.FlightTutorial.Description	I can show you how to fly the rocket from the Designer Tutorial. All the way from blast-off to orbit.	我可以教你如何驾驶设计器教程中造出的火箭，从点火升空一直到进入轨道。		
Levels.FlightTutorial.Name	Flight Tutorial	飞行教程		
Levels.LandingPractice.Description	Practice landing on Luna. It's not an easy thing to do, so this is a great place to learn some technique.	在 Luna 上练习着陆。这并不简单，因此是学习技巧的好地方。		
Levels.LandingPractice.Name	Landing Practice	着陆练习		
Levels.LowFlyer.Description	Fly your rocket as far as you can without going above 5,000 meters or touching the ground. You must fly more than 50km to pass. Don't worry about landing safely; just go far and do a spectacular crash landing.	让你的火箭飞得尽可能远，但不得高于 5000 米，也不能触地。飞行距离必须超过 50 公里才能通过。不必担心安全着陆；飞得远、摔得壮观就好。		
Levels.LowFlyer.Name	Low Flyer	低空飞行		
Levels.LowOrbit.Description	Get into a low orbit around Droo. Your periapsis must be at least 100km and you must use less than 10kL of fuel.	进入 Droo 的低轨道。近拱点至少 100 公里，且燃料消耗须少于 10kL。		
Levels.LowOrbit.Name	Low Orbit	低轨道		
Levels.MaximumSpeed.Description	How fast can you go? You have 20 days to reach the maximum speed possible. Exceed 30,000m/s to win. Speed is calculated relative to the body you're orbiting.\n\nTip: Sometimes you have to slow down to speed up! Also, if you're using more than 25-30 engines, you're not doing it right!	你能跑多快？你有 20 天时间达到尽可能高的速度。超过 30,000 米/秒即可获胜。速度是相对于你所环绕的天体计算的。\n\n提示：有时必须减速才能加速！另外，如果你用了超过 25-30 台发动机，说明方法不对！		
Levels.MaximumSpeed.Name	Maximum Speed	极限速度		
Levels.MaximumThrust.Description	Build a rocket that exceeds 750m/s before reaching 2km above ground level. You must fly straight up. Drift sideways more than 100 meters and you fail this challenge.	建造一枚在离地 2 公里前速度超过 750 米/秒的火箭。必须垂直上升。横向偏移超过 100 米即挑战失败。		
Levels.MaximumThrust.MaxVelocityFormat	Max Velocity: {0}	最大速度：{0}		
Levels.MaximumThrust.Name	Maximum Thrust	极限推力		
Levels.MediumOrbit.Description	Get into medium orbit around Droo. At least 5,000km periapsis. You must use less than 200 kL of fuel.	进入 Droo 的中轨道。近拱点至少 5000 公里。燃料消耗须少于 200 kL。		
Levels.MediumOrbit.Name	Medium Orbit	中轨道		
Levels.MoonLanding.Description	Land on Luna using as little fuel as possible. Apollo 11 did this back in 1969 with an on-board computer less powerful than your phone, so this should be easy, right?\n\nYou must use less than 50kL of fuel to win.	用尽可能少的燃料在 Luna 上着陆。1969 年阿波罗 11 号用一台还不如你手机强大的机载计算机就做到了，所以这应该很简单，对吧？\n\n燃料消耗须少于 50kL 才能获胜。		
Levels.MoonLanding.Name	Luna Landing	Luna 着陆		
Levels.MoonOrbit.Description	I hope you like a challenge. Blast off from Droo, make your way to Luna, and reach a stable orbit around it using less than 50kL of fuel. Your Periapsis must be at least 25km for the orbit to count.	希望你喜欢挑战。从 Droo 发射，飞向 Luna，并用少于 50kL 的燃料进入环绕它的稳定轨道。近拱点至少 25 公里，轨道才算数。		
Levels.MoonOrbit.Name	Luna Orbit	Luna 轨道		
Levels.MoonPunch.Description	Get to Luna as fast as you can. Don't worry about landing. The timer stops whenever you smash into Luna's surface. You have 10 hours to accomplish your mission. Good luck!	以最快速度抵达 Luna。不必考虑着陆。当你撞上 Luna 表面时计时停止。你有 10 小时完成任务。祝好运！		
Levels.MoonPunch.Name	Luna Punch	撞击 Luna		
Levels.OptimumTrajectory.Description	You're given a small rocket with very little fuel and must fly it as far as you can. You must travel at least 15km to win.\n\nTip: Atmospheric drag can really slow you down, but it decreases quickly as you gain altitude.	你得到一枚燃料极少的小火箭，要把它飞得尽可能远。至少飞行 15 公里才能获胜。\n\n提示：大气阻力会让你明显减速，但它会随着高度增加迅速减小。		
Levels.OptimumTrajectory.Name	Optimum Trajectory	最优弹道		
Levels.ParachuteLanding.Description	Starting in orbit around Droo with a small rocket, you must make your way back to Droo and parachute safely to the ground.\n\nDo a retrograde burn to bring your orbit into the atmosphere, then land safely.\n\nBeware of part damage from excessive heat during re-entry.	驾驶一枚小火箭从环绕 Droo 的轨道出发，返回 Droo 并用降落伞安全落地。\n\n进行逆航向点火，让轨道进入大气层，然后安全着陆。\n\n小心再入时高温对零件造成损伤。		
Levels.ParachuteLanding.Name	Parachute Landing	降落伞着陆		
Levels.PolarOrbit.Description	Get into orbit around Droo. Your periapsis must be at least 250km and your inclination between 85 and 95 degrees. You must use less than 50 kL of fuel.	进入环绕 Droo 的轨道。近拱点至少 250 公里，倾角在 85 到 95 度之间。燃料消耗须少于 50 kL。		
Levels.PolarOrbit.Name	Polar Orbit	极轨道		
Levels.Requirements.LateralMovement.Format	Lateral Movement < {0}m	横向偏移 < {0} 米		
Levels.Requirements.SurfaceVelocity.Format	Surface Velocity > {0}	地表速度 > {0}		
Levels.SatelliteRendezvous.Description	Build a rocket, launch from Droo, and rendezvous with the satellite already in orbit. This is an extremely challenging endeavor, far harder than Luna Landing.	建造一枚火箭，从 Droo 发射，与已在轨道上的卫星交会。这是极具挑战的任务，比 Luna 着陆难得多。		
Levels.SatelliteRendezvous.MissingDockingPortMessage	You need a docking port to dock with the satellite!	你需要一个对接口才能与卫星对接！		
Levels.SatelliteRendezvous.Name	Satellite Rendezvous	卫星交会		
Levels.ShuttleLanding.Description	Our shuttle was coming in for a landing when we remembered we don't know how to pilot a space shuttle...\n\n Would you please lend us a hand?	我们的航天飞机正准备着陆时，我们才想起自己不会驾驶航天飞机……\n\n能请你帮个忙吗？		
Levels.ShuttleLanding.Name	Shuttle Landing	航天飞机着陆		
Levels.TimedOrbit.Description	See how quickly you can orbit Droo. Your Periapsis must be at least 100km for the orbit to count. You have 5 minutes from launch.	看看你能多快环绕 Droo。近拱点至少 100 公里，轨道才算数。从发射起你有 5 分钟。		
Levels.TimedOrbit.Name	Timed Orbit	限时轨道		
Levels.TutorialFirstFlight.Description	Play the career contract tutorial 'Like a Bird'.\n\nThis tutorial covers the basics of building and flying airplanes with a very simple glider.\n\nContract Description:\nYou've already tried to jump as far as possible from the runway; now you have to take off from it. Be wise and get some wings, or yolo it and find an alternative, you do you.	游玩生涯合约教程「像鸟一样」。\n\n本教程通过一架很简单的滑翔机，讲解建造和驾驶飞机的基础知识。\n\n合约描述：\n你已经在跑道上试过尽可能远地跳跃了；现在你得从跑道上起飞。明智点是装上机翼，或者大胆试试别的办法，随你。		
Levels.TutorialFirstFlight.Name	Like a Bird	像鸟一样		
Levels.TutorialFirstOrbit.Description	Play the career contract tutorial 'Droo Orbit'.\n\nThis tutorial covers staging analysis and tuning rocket engine performance in the designer, followed by a guided tutorial to achieve orbit around Droo.\n\nContract Description:\nCan you go to orbit? I need you near specific orbits and I know you can get there. First, reach any orbit to prove yourself.	游玩生涯合约教程「Droo 轨道」。\n\n本教程讲解设计器中的分级分析和火箭发动机性能调校，随后是一段引导教程，带你进入环绕 Droo 的轨道。\n\n合约描述：\n你能进入轨道吗？我需要你待在特定轨道附近，我知道你做得到。先进入任意轨道来证明自己吧。		
Levels.TutorialFirstOrbit.Name	Droo Orbit	Droo 轨道		
Levels.TutorialFirstPayload.Description	Play the career contract tutorial 'Going High'.\n\nThis tutorial covers the basics of staging and payloads.\n\nContract Description:\nDroo's atmosphere ends right under 80km. Can you go to space to expose a probe a scientist sent me?	游玩生涯合约教程「飞向高空」。\n\n本教程讲解分级和载荷的基础知识。\n\n合约描述：\nDroo 的大气层在 80 公里稍下处结束。你能上太空去把一位科学家寄给我的探测器暴露一下吗？		
Levels.TutorialFirstPayload.Name	Going High	飞向高空		
Levels.TutorialFirstRace.Description	Play the career contract tutorial 'Learning To Fly'.\n\nThis tutorial guides you through a simple route to practice take off and landing.\n\nContract Description:\nThis is a time trial for planes, so get your gloves tight! Go through all checkpoints in order before time runs out.	游玩生涯合约教程「学飞」。\n\n本教程带你沿一条简单航线练习起飞和着陆。\n\n合约描述：\n这是专为飞机准备的计时赛，系好你的手套！在时间耗尽前按顺序通过所有检查点。		
Levels.TutorialFirstRace.Name	Learning To Fly	学飞		
Levels.TutorialTheJump.Description	Play the career contract tutorial 'The Jump'.\n\nThis tutorial teaches the basics of building and driving a very simple wheeled ground vehicle.\n\nContract Description:\nOne advantage of a huge ramp on a cliff's edge is you can fly without much effort. Go airborne for more than 150m after jumping from the end of the runway.	游玩生涯合约教程「跳跃」。\n\n本教程教授建造和驾驶一辆很简单的轮式地面载具的基础知识。\n\n合约描述：\n悬崖边有一个巨大的坡道，好处之一就是不费什么力气就能飞起来。从跑道末端起跳后，要在空中飞行超过 150 米。		
Levels.TutorialTheJump.Name	The Jump	跳跃		
Levels.TutorialVerticalShot.Description	Play the career contract tutorial 'Vertical Shot'.\n\nThis tutorial teaches the basics of building and launching a simple rocket, and briefly covers the flight user interface.\n\nContract Description:\nWhen you send your fireworks high enough, hitting a house in the village can become a huge problem, but going too far makes finding the scraps annoying. Crash no further than 20km, but no closer than 500m from the launchpad.	游玩生涯合约教程「垂直发射」。\n\n本教程教授建造和发射一枚简单火箭的基础知识，并简要介绍飞行界面。\n\n合约描述：\n当你的烟花放得够高时，砸到村里的房子就会变成大麻烦，但飞得太远又会让残骸难以寻找。坠毁点距发射台不超过 20 公里，也不少于 500 米。		
Levels.TutorialVerticalShot.Name	Vertical Shot	垂直发射		
Menu.ActiveCrafts.DeleteConfirmation.Message	Confirm that you want to delete the active craft '{0}'	确认要删除活动载具「{0}」		
Menu.ActiveCrafts.Details.Altitude	Altitude	高度		
Menu.ActiveCrafts.Details.Altitude.Ground	Ground	地面		
Menu.ActiveCrafts.Details.Apoapsis	Apoapsis	远拱点		
Menu.ActiveCrafts.Details.Crew	Crew	乘员		
Menu.ActiveCrafts.Details.Eccentricity	Eccentricity	偏心率		
Menu.ActiveCrafts.Details.Inclination	Inclination	倾角		
Menu.ActiveCrafts.Details.Orbit	Orbit	轨道		
Menu.ActiveCrafts.Details.Periapsis	Periapsis	近拱点		
Menu.ActiveCrafts.Details.Period	Period	周期		
Menu.ActiveCrafts.Details.Period.DaysFormat	{0:n} days	{0:n} 天		
Menu.ActiveCrafts.Details.Period.HoursFormat	{0:n} hours	{0:n} 小时		
Menu.ActiveCrafts.Details.Planet	Planet	行星		
Menu.ActiveCrafts.Details.Resumable	Resumable	可继续		
Menu.ActiveCrafts.Details.Velocity	Velocity	速度		
Menu.ActiveCrafts.ErrorLoadingCraftMessage	An error occurred trying to load craft '{0}'.	尝试加载载具「{0}」时发生错误。		
Menu.ActiveCrafts.NotResumable.Message	{0} is not resumable because it does not have a command pod.	{0} 无法继续，因为它没有指令舱。		
Menu.ActiveCrafts.NotResumable.OkayText	OK	确定		
Menu.ActiveCrafts.NotResumableButtonText	NOT RESUMABLE	无法继续		
Menu.ActiveCrafts.RemoveAllDebris.ConfirmationMessage	There are {0} non-resumable craft(s). Confirm that you wish to remove them.	有 {0} 个无法继续的载具。确认要移除它们。		
Menu.ActiveCrafts.RemoveAllDebris.ContextButtonText	Remove All Debris	移除所有残骸		
Menu.ActiveCrafts.RemoveAllDebris.NoDebrisMessage	There is no more debris to remove.	没有更多残骸可以移除了。		
Menu.ActiveCrafts.ResumableButtonText	RESUME	继续飞行		
Menu.ActiveCrafts.Title	Resume Flight	继续飞行		
Menu.BuildCraft.Description	Build a craft by snapping parts together. You can build rockets, rovers, airplanes, or anything you want.	把零件拼接起来即可建造载具。你可以造火箭、巡视车、飞机，或者任何你想要的东西。		
Menu.BuildCraft.Name	Build Craft	建造载具		
Menu.BuildText	BUILD	建造		
Menu.CareerSelector.Details.Error	Error reading career information	读取生涯信息时出错		
Menu.ChangeLocation	CHANGE\nLOCATION	更换&#10;发射场		
Menu.CraftDesigns.ConfirmDelete.Message	Confirm that you want to delete the craft design '{0}'	确认要删除载具设计「{0}」		
Menu.CraftDesigns.Details.Depth	Depth	深度		
Menu.CraftDesigns.Details.Height	Height	高度		
Menu.CraftDesigns.Details.Mass	Mass	质量		
Menu.CraftDesigns.Details.Parts	Parts	零件		
Menu.CraftDesigns.Details.Price	Price	价格		
Menu.CraftDesigns.Details.Stages	Stages	分级		
Menu.CraftDesigns.Details.TotalDeltaV	Total Delta V	总 Delta-V		
Menu.CraftDesigns.Details.TotalThrust	Total Thrust	总推力		
Menu.CraftDesigns.Details.WetDryMass	Wet Mass / Dry Mass	湿重 / 干重		
Menu.CraftDesigns.Details.Width	Width	宽度		
Menu.CraftDesigns.PrimaryButtonText	LOAD	载入		
Menu.CraftDesigns.ShowStockCrafts.Label	Show stock crafts	显示官方载具		
Menu.CraftDesigns.Title	Load Craft	载入载具		
Menu.CraftsInFlightFormat	{0} crafts in flight	{0} 个载具在飞行中		
Menu.Credits	CREDITS	制作人员		
Menu.CurrentCraftInfoFormat	Craft Name: {0}\nLaunch Price: {1}	载具名称：{0}&#10;发射费用：{1}		
Menu.CurrentLaunchLocationFormat	Launching from\n{0} on {1}	从&#10;{1} 的 {0} 发射		
Menu.DownloadCrafts	DOWNLOAD CRAFTS	下载载具		
Menu.DownloadCraftsTooltip	Open your web browser to the crafts download page.	打开浏览器访问载具下载页面。		
Menu.EnterCompanyName.Text	Enter Company Name	输入公司名称		
Menu.Exit	EXIT	退出		
Menu.Exit.Header	EXIT	退出		
Menu.ExitConfirmation.Message	Exit Game?	退出游戏？		
Menu.ExitConfirmation.OkayButtonText	Exit	退出		
Menu.FlightStateSystemIdNullMessage	The planetary system id could not be determined for this flight state. 	无法确定此飞行状态所属的行星系 ID。 		
Menu.InputDialog.PlaceholderText	Enter Text...	输入文本……		
Menu.LaunchCraft.Description	Ready to launch? Give this craft a flight name and click LAUNCH!	准备好发射了吗？给这个载具起一个飞行名称，然后点击发射！		
Menu.LaunchCraft.Name	Launch Craft	发射载具		
Menu.LaunchLocations.DeleteConfirmation.Message	Confirm that you want to delete the launch location '{0}'	确认要删除发射场「{0}」		
Menu.LaunchLocations.Details.Altitude	Altitude	高度		
Menu.LaunchLocations.Details.Coords	Coords	坐标		
Menu.LaunchLocations.Details.Mass	Mass	质量		
Menu.LaunchLocations.Details.Planet	Planet	行星		
Menu.LaunchLocations.Details.Size	Size	大小		
Menu.LaunchLocations.Details.Velocity	Velocity	速度		
Menu.LaunchLocations.Title	Launch Location	发射场		
Menu.LaunchText	LAUNCH	发射		
Menu.ListView.Close	Close	关闭		
Menu.ListView.Created	Created	创建时间		
Menu.ListView.RemoveSelectedItem	Remove the selected item.	移除所选项目。		
Menu.ListView.SelectForDetails	Select something on the left for more details.	在左侧选择一项以查看更多详情。		
Menu.ListView.Size	Size	大小		
Menu.LoadCraft.Title	LOAD CRAFT	载入载具		
Menu.LoadCraftTooltip	Load an existing craft from your hard drive.	从硬盘载入已有的载具。		
Menu.LoadGame	LOAD GAME	载入游戏		
Menu.LoadGame.CurrentlyLoaded.Tooltip	Currently Loaded	当前已载入		
Menu.LoadGame.Details.CompanyFunds	Company Funds	公司资金		
Menu.LoadGame.Details.CraftsInFlight	Crafts in Flight	飞行中的载具		
Menu.LoadGame.Details.Created	Created	创建时间		
Menu.LoadGame.Details.ElapsedTime	Elapsed Time	已用时间		
Menu.LoadGame.Details.GameType	Game Type	游戏类型		
Menu.LoadGame.Details.LastPlayed	Last Played	上次游玩		
Menu.LoadGame.Details.PlanetarySystem	Planetary System	行星系		
Menu.LoadGame.Details.Time.DaysFormat	{0:n1} days	{0:n1} 天		
Menu.LoadGame.Details.Time.HoursFormat	{0:n1} hours	{0:n1} 小时		
Menu.LoadOrCreateNewGameMessage	Please use the file menu to load another game or create a new game.	请使用文件菜单载入其他游戏，或创建新游戏。		
Menu.MenuTitle	MENU	菜单		
Menu.MenuTitle.Header	MENU	菜单		
Menu.MissingSystemFiles.CannotDownloadMessage	Unable to download the missing planetary system files from the website. 	无法从网站下载缺失的行星系文件。 		
Menu.MissingSystemFiles.CannotFindAllMessage	Unable to find all the missing planetary system files on the website. 	无法在网站上找到全部缺失的行星系文件。 		
Menu.MissingSystemFiles.CannotFindMessage	Unable to find the missing planetary system files on the website. 	无法在网站上找到缺失的行星系文件。 		
Menu.MissingSystemFiles.DownloadButtonText	DOWNLOAD	下载		
Menu.MissingSystemFiles.DownloadConfirmationMessage	Click the download button below to download the missing files from the SimpleRockets website. Or use the file menu to load another game or create a new one.	点击下方的下载按钮，从 SimpleRockets 网站下载缺失的文件。或者使用文件菜单载入其他游戏，或创建新游戏。		
Menu.MissingSystemFiles.DownloadEstimateFormat	Download {0} files \n Estimated download size: {1}.	下载 {0} 个文件 &#10; 预计下载大小：{1}。		
Menu.MissingSystemFiles.ErrorDeterminingMessage	An error occurred trying to determine the missing planetary system files. 	尝试确定缺失的行星系文件时发生错误。 		
Menu.MissingSystemFiles.MainText	Unable to load the game because the planetary system is missing files.	由于行星系缺少文件，无法载入游戏。		
Menu.MissingSystemFiles.QueryingServerText	Querying server for missing files...	正在向服务器查询缺失的文件……		
Menu.ModManager	MOD MANAGER	模组管理		
Menu.Mods.DeleteConfirm	Confirm that you want to delete the mod '{0}'	确认要删除模组「{0}」		
Menu.Mods.Details.CreatedDate	Created Date	创建日期		
Menu.Mods.Details.PendingDisable	This mod will be disabled when the game is restarted.	重启游戏后，此模组将被禁用。		
Menu.Mods.Disable	DISABLE	禁用		
Menu.Mods.DisableAll	Disable All Mods	禁用所有模组		
Menu.Mods.DisableAll.Tooltip	Disables all mods that are currently enabled.	禁用所有当前已启用的模组。		
Menu.Mods.DisableModSupport	Disable Mod Support	禁用模组支持		
Menu.Mods.DisableModSupport.Tooltip	Toggles mod support off without affecting the current list of enabled mods. Requires restart.	关闭模组支持，且不影响当前已启用的模组列表。需要重启。		
Menu.Mods.Enable	ENABLE	启用		
Menu.Mods.EnableAll	Enable All Mods	启用所有模组		
Menu.Mods.EnableAll.Tooltip	Enables all mods that are not currently enabled or pending disable.	启用所有当前未启用或未处于待禁用状态的模组。		
Menu.Mods.EnabledTooltip	This mod is enabled and loaded.	此模组已启用并加载。		
Menu.Mods.EnableModSupport	Enable Mod Support	启用模组支持		
Menu.Mods.EnableModSupport.Tooltip	Re-enables mod support.	重新启用模组支持。		
Menu.Mods.ErrorsTooltip	This mod is enabled, but some errors occurred when it was loaded.	此模组已启用，但加载时发生了一些错误。		
Menu.Mods.IAccept	I ACCEPT	我接受		
Menu.Mods.ModSupportCurrentlyDisabled	Mod support is currently disabled. Re-enable it via the button in the top right of this dialog. A restart will be required for the change to take effect.	模组支持当前已禁用。请通过此对话框右上角的按钮重新启用。更改需要重启后才能生效。		
Menu.Mods.ModSupportDisabled	Mod support has been disabled. Restart the game for changes to take effect.	模组支持已被禁用。重启游戏以使更改生效。		
Menu.Mods.ModSupportDisabledPendingRestart	Mod support has been disabled but the game needs to be restarted for this to fully take effect.	模组支持已被禁用，但需要重启游戏才能完全生效。		
Menu.Mods.ModSupportDisabledWillRestore	Mod support is currently disabled but it will be restored once the game is restarted.	模组支持当前已禁用，但重启游戏后将会恢复。		
Menu.Mods.ModSupportEnabled	Mod support has been enabled. Restart the game for changes to take effect.	模组支持已启用。重启游戏以使更改生效。		
Menu.Mods.ModWarning	WARNING: Mods can execute code. The mod's author could use it for evil and damage your system. Only run a mod if you trust the author. By clicking 'I Accept' below, you agree that you bear this risk and Jundroo, LLC is not responsible for any damages.	警告：模组可以执行代码。模组作者可能借此作恶并损坏你的系统。只有在你信任作者时才运行模组。点击下方的「我接受」，即表示你同意自行承担此风险，Jundroo, LLC 不对任何损害负责。		
Menu.Mods.PendingDisable	PENDING\nDISABLE	待&#10;禁用		
Menu.Mods.PendingDisableTooltip	This mod will be disabled when the game is restarted.	重启游戏后，此模组将被禁用。		
Menu.Mods.SelectModMessage	Select a mod on the left to view details about it and to enable or disable it.	在左侧选择一个模组，以查看其详情并启用或禁用它。		
Menu.Mods.Title	Mods	模组		
Menu.Mods.WarningsTooltip	This mod is enabled, but some warnings occurred when it was loaded.	此模组已启用，但加载时出现了一些警告。		
Menu.NewCraft	NEW CRAFT	新建载具		
Menu.NewCraftTooltip	Start over with a new craft.	从新载具重新开始。		
Menu.NewGame	NEW GAME	新游戏		
Menu.NewGame.CareerMode.Header	CAREER MODE	生涯模式		
Menu.NewGame.CompanyName.PlaceholderText	Company Name	公司名称		
Menu.NewGame.CompanyName.SubmittedEmptyText	Please enter a Company Name above.	请在上方输入公司名称。		
Menu.NewGame.GameType.Career	Career	生涯		
Menu.NewGame.GameType.Career.Description	Complete contracts, conquer milestones, and explore landmarks to earn money and tech points. Unlock new parts and capabilities in the Tech Tree.	完成合约、攻克里程碑、探索地标，以赚取金钱和科技点。在科技树中解锁新的零件与能力。		
Menu.NewGame.GameType.Header	GAME TYPE	游戏类型		
Menu.NewGame.GameType.Sandbox	Sandbox	沙盒		
Menu.NewGame.GameType.Sandbox.Description	There is no money and no research in Sandbox Mode. All parts are unlocked so you can build whatever you want right from the start.	沙盒模式没有金钱，也没有研究。所有零件均已解锁，你可以从一开始就建造任何想要的东西。		
Menu.NewGame.PlanetarySystem.DefaultName	Planetary System Name	行星系名称		
Menu.NewGame.PlanetarySystemHeader	PLANETARY SYSTEM	行星系		
Menu.NewGameVersionMessage	A new version of Juno: New Origins is now available. Please update to get the new features and bug fixes.	Juno: New Origins 有新版本可用。请更新以获取新功能与错误修复。		
Menu.NoLaunchLocationSelected	No launch location selected.	未选择发射场。		
Menu.NoLaunchLocationsInSystem	The planetary system has no valid launch locations.	该行星系没有有效的发射场。		
Menu.PhotoLibrary.Tooltip	Photo Library	照片库		
Menu.PlanetarySystem.Upgrade.AvailableMessage	A new version of the planetary system is available. Would you like to upgrade to version {0}?	行星系有新版本可用。要升级到版本 {0} 吗？		
Menu.PlanetarySystem.Upgrade.ErrorMessage	An error occurred trying to upgrade the planetary system.	尝试升级行星系时发生错误。		
Menu.PlanetStudio	PLANET STUDIO	行星工坊		
Menu.Play	Play	开始游戏		
Menu.ReportBugButton.Text	REPORT A BUG	报告错误		
Menu.ReportBugButton.Tooltip	Report a bug to the developers.	向开发者报告错误。		
Menu.ResumeFlight	RESUME\nFLIGHT	继续&#10;飞行		
Menu.SaveCraft	SAVE CRAFT	保存载具		
Menu.SaveCraftTooltip	Save this craft to your hard drive.	将此载具保存到硬盘。		
Menu.Settings	SETTINGS	设置		
Menu.Settings.Tooltip	Settings	设置		
Menu.ShareSandbox.Tooltip	Share Sandbox	分享沙盒		
Menu.StartLevel	START LEVEL	开始关卡		
Menu.StartPlayingTooltip	Start Playing!	开始游戏！		
Menu.Tutorials	Tutorials	教程		
MenuUi.ActiveCrafts.Label	ACTIVE CRAFTS	活跃载具		
MenuUi.ActiveJobs.Label	ACTIVE JOBS	进行中的任务		
MenuUi.Craft.Mass.Label	MASS	质量		
MenuUi.Craft.Price.Label	PRICE	价格		
MenuUi.Crafts.Button	CRAFTS	载具		
MenuUi.CurrentMoney.Label	CURRENT MONEY	当前资金		
MenuUi.Map.Button	MAP	地图		
MenuUi.ExitGame.Button	EXIT GAME	退出游戏		
MenuUi.ResumeFlight.Button	RESUME FLIGHT	继续飞行		
MenuUi.TechPoints.Label	TECH POINTS	科技点		
MenuUi.WhatsNew.Title	WHAT'S NEW	新内容		
MenuUi.WhatsNew.Title.Header	WHAT'S NEW	新内容		
Modifier.AddBiome.DataIndexInputDataSlotTooltip	The input data that defines the strength of the biome to add. These values should be in the range of 0 to 1.	定义要添加的生物群系强度的输入数据。取值应在 0 到 1 之间。		
Modifier.AddBiome.Description	A planet modifier that lets you add biomes to the planet. Connect this modifier's data output to the biome input of a Biomes modifier to define a biome.	一种行星修改器，可为行星添加生物群系。将此修改器的数据输出连接到生物群系修改器的生物群系输入端，即可定义一个生物群系。		
Modifier.AddBiome.DisplayName	Add Biome	添加生物群系		
Modifier.AddBiome.DisplayName.Header	Add Biome	添加生物群系		
Modifier.AddColor.DataIndexBlueDataSlotName	Blue	蓝		
Modifier.AddColor.DataIndexBlueDataSlotTooltip	The blue color channel input.	蓝色通道输入。		
Modifier.AddColor.DataIndexGreenDataSlotName	Green	绿		
Modifier.AddColor.DataIndexGreenDataSlotTooltip	The green color channel input.	绿色通道输入。		
Modifier.AddColor.DataIndexRedDataSlotName	Red	红		
Modifier.AddColor.DataIndexRedDataSlotTooltip	The red color channel input.	红色通道输入。		
Modifier.AddColor.Description	A planet modifier that adds a color value to the planet vertex data.	一种行星修改器，为行星顶点数据添加颜色值。		
Modifier.AddColor.DisplayName	Add Color	添加颜色		
Modifier.AddColor.DisplayName.Header	Add Color	添加颜色		
Modifier.AddHeight.Description	A planet modifier that adds a height (elevation) value to the planet vertex data.	一种行星修改器，为行星顶点数据添加高度（海拔）值。		
Modifier.AddHeight.DisplayName	Add Height	添加高度		
Modifier.AddHeight.DisplayName.Header	Add Height	添加高度		
Modifier.AddHeight.HeightLabel	Height	高度		
Modifier.AddHeight.HeightTooltip	The height, in meters, to add to the planet or biome.	要添加到行星或生物群系的高度，单位为米。		
Modifier.AltitudeBasedSubBiomes.Description	A planet modifier that defines sub-biomes for a biome based on the altitude of the terrain.	一种行星修改器，根据地形高度为某个生物群系定义子生物群系。		
Modifier.AltitudeBasedSubBiomes.DisplayName	Sub-Biomes (Altitude Based)	子生物群系（基于高度）		
Modifier.AltitudeBasedSubBiomes.DisplayName.Header	Sub-Biomes (Altitude Based)	子生物群系（基于高度）		
Modifier.AltitudeBasedSubBiomes.HeightVarianceAmountLabel	Max Height Variance	最大高度变化		
Modifier.AltitudeBasedSubBiomes.HeightVarianceAmountTooltip	The height (in meters) the current height can vary by when determining which sub-biome it belongs to. This doesn't change the actual height, just adds variation to the sub-biomes' height ranges. The strength of this variation is set by the height variance data input value, which multiplies this value.	判定当前高度属于哪个子生物群系时，高度可变化的幅度（单位：米）。这不会改变实际高度，只是为子生物群系的高度范围增加变化。变化强度由高度变化数据输入值决定，该值会与此值相乘。		
Modifier.AltitudeBasedSubBiomes.HeightVarianceBlendLabel	Blend Range	混合范围		
Modifier.AltitudeBasedSubBiomes.HeightVarianceBlendTooltip	The min and max heights, in meters, defining the range over which height variance reaches full strength. At or below the min, no variance applies. Above the max, variance applies 100%. Between min and max, the variance strength (set by the data input value) scales linearly from 0% to 100%.	以米为单位的最小与最大高度，定义高度变化达到满强度的范围。等于或低于最小值时不应用任何变化。高于最大值时变化为 100%。介于最小与最大值之间时，变化强度（由数据输入值设定）从 0% 线性增长到 100%。		
Modifier.AltitudeBasedSubBiomes.HeightVarianceDataIndexDataSlotName	Height Variance	高度变化		
Modifier.AltitudeBasedSubBiomes.HeightVarianceDataIndexDataSlotTooltip	If height variance is used, this input data defines the strength of the height variance (typically a value between 0 and 1).	若使用高度变化，此输入数据定义高度变化的强度（通常为 0 到 1 之间的值）。		
Modifier.AltitudeBasedSubBiomes.HeightVarianceGroup	Height Variance	高度变化		
Modifier.AltitudeBasedSubBiomes.HeightVarianceUsesCommonDataLabel	Use Common Data	使用通用数据		
Modifier.AltitudeBasedSubBiomes.HeightVarianceUsesCommonDataTooltip	If running in a biome specific pass, this determines whether the input data value comes from the common pass or from this biome specific pass.	在生物群系专用通道中运行时，决定输入数据值来自通用通道还是本生物群系专用通道。		
Modifier.AltitudeBasedSubBiomes.SubBiomesLabel	Sub-Biome	子生物群系		
Modifier.AltitudeBasedSubBiomes.SubBiomesTooltip	The list of sub-biomes and their associated data defined for this biome.	为此生物群系定义的子生物群系列表及其关联数据。		
Modifier.AltitudeRange.AltitudeLabel	Altitude Range	高度范围		
Modifier.AltitudeRange.AltitudeTooltip	The altitude range (in meters) for this sub-biome, defined by min and max heights. The min/max values should overlap neighboring sub-biomes for a smooth transition between them.	此子生物群系的高度范围（单位：米），由最小和最大高度定义。最小/最大值应与相邻子生物群系重叠，以便它们之间平滑过渡。		
Modifier.AltitudeRange.SubBiomeLabel	Sub-Biome Data	子生物群系数据		
Modifier.ApplyBiomeData.Description	A planet modifier that applies data from a biome to the planet vertex data.	一种行星修改器，将生物群系的数据应用到行星顶点数据。		
Modifier.ApplyBiomeData.DisplayName	Apply Biome Data	应用生物群系数据		
Modifier.ApplyBiomeData.DisplayName.Header	Apply Biome Data	应用生物群系数据		
Modifier.BasicArithmetic.DataIndexInputADataSlotName	Input A	输入 A		
Modifier.BasicArithmetic.DataIndexInputADataSlotTooltip	The 'A' Input.	「A」输入。		
Modifier.BasicArithmetic.DataIndexInputBDataSlotName	Input B	输入 B		
Modifier.BasicArithmetic.DataIndexInputBDataSlotTooltip	The 'B' Input.	「B」输入。		
Modifier.BasicArithmetic.DataIndexOutputDataSlotTooltip	The output value.	输出值。		
Modifier.BasicArithmetic.Description	A planet modifier used to perform basic math operations on one or two data input values.	一种行星修改器，用于对一个或两个数据输入值进行基本数学运算。		
Modifier.BasicArithmetic.DisplayName	Basic Arithmetic	基本运算		
Modifier.BasicArithmetic.DisplayName.Header	Basic Arithmetic	基本运算		
Modifier.BasicArithmetic.OperationType.AbsoluteValue_A	Absolute Value of A	A 的绝对值		
Modifier.BasicArithmetic.OperationType.Add_A_PLUS_B	A + B	A + B		
Modifier.BasicArithmetic.OperationType.Add_A_PLUS_C	A + C	A + C		
Modifier.BasicArithmetic.OperationType.Divide_A_By_B	A / B	A / B		
Modifier.BasicArithmetic.OperationType.Divide_A_By_C	A / C	A / C		
Modifier.BasicArithmetic.OperationType.Divide_C_By_A	C / A	C / A		
Modifier.BasicArithmetic.OperationType.Exponent_A_POW_B	A^B	A^B		
Modifier.BasicArithmetic.OperationType.Exponent_A_POW_C	A^C	A^C		
Modifier.BasicArithmetic.OperationType.Exponent_C_POW_A	C^A	C^A		
Modifier.BasicArithmetic.OperationType.Max_AB	Maximum of A and B	A 与 B 的最大值		
Modifier.BasicArithmetic.OperationType.Max_AC	Maximum of A and C	A 与 C 的最大值		
Modifier.BasicArithmetic.OperationType.Min_AB	Minimum of A and B	A 与 B 的最小值		
Modifier.BasicArithmetic.OperationType.Min_AC	Minimum of A and C	A 与 C 的最小值		
Modifier.BasicArithmetic.OperationType.Multiply_A_TIMES_B	A * B	A * B		
Modifier.BasicArithmetic.OperationType.Multiply_A_TIMES_C	A * C	A * C		
Modifier.BasicArithmetic.OperationType.Sign_A	Sign of A (-1 or 1)	A 的符号（-1 或 1）		
Modifier.BasicArithmetic.OperationType.Subtract_A_MINUS_B	A - B	A - B		
Modifier.BasicArithmetic.OperationType.Subtract_A_MINUS_C	A - C	A - C		
Modifier.BasicArithmetic.OperationType.Subtract_C_MINUS_A	C - A	C - A		
Modifier.BiomeColorAndTexture.DataIndexBiomeValueDataSlotName	Biome Value	生物群系值		
Modifier.BiomeColorAndTexture.DataIndexHeightVarianceDataSlotName	Height Variance	高度变化		
Modifier.BiomeRange.RangeLabel	Range	范围		
Modifier.BiomeRange.RangeTooltip	The range of input values reassigned to this biome. Biome ranges are ordered and evaluated by their min values. One range's max value should overlap the next range's min value so biomes transition smoothly. Input values outside all ranges are still reassigned: low values to the first biome range, high values to the last.	重新分配给此生物群系的输入值范围。生物群系范围按最小值排序和求值。一个范围的最大值应与下一个范围的最小值重叠，以便生物群系平滑过渡。所有范围之外的输入值同样会被重新分配：偏低的值归入第一个生物群系范围，偏高的值归入最后一个。		
Modifier.Clamp.ClampMaxLabel	Max	最大		
Modifier.Clamp.ClampMaxTooltip	The maximum value to which the output value will be clamped.	输出值将被限制到的最大值。		
Modifier.Clamp.ClampMinLabel	Min	最小		
Modifier.Clamp.ClampMinTooltip	The minimum value to which the output value will be clamped.	输出值将被限制到的最小值。		
Modifier.Clamp.DataIndexInputDataSlotTooltip	The data input value to be clamped.	待限制的数据输入值。		
Modifier.Clamp.DataIndexOutputDataSlotTooltip	The clamped output value, which should be between the specified minimum and maximum value.	限制后的输出值，应介于指定的最小值和最大值之间。		
Modifier.Clamp.Description	A planet modifier that clamps a data value to a specified range.	一种行星修改器，将数据值限制在指定范围内。		
Modifier.Clamp.DisplayName	Clamp	限制		
Modifier.Clamp.DisplayName.Header	Clamp	限制		
Modifier.Clouds.Description	Defines detached cloud layers that are rendered on dedicated transparent spheres around the planet in scaled space. Each layer reads its density from a data slot produced by the planet generation modifiers, and has its own height, tint and rotation speed. Order the layers by altitude (Low has the smallest height, High the largest) so higher layers correctly shadow the ones below them. The fourth layer is a non-rotating mask that multiplies the opacity of the other layers.	定义在缩放空间中渲染于行星周围专用透明球面上的独立云层。每个云层从行星生成修改器产生的数据槽读取密度，并拥有各自的高度、色调和旋转速度。请按高度排列云层（低层高度最小，高层最大），以便较高层正确遮蔽其下方的云层。第四层是不旋转的遮罩，用于乘算其他层的不透明度。		
Modifier.Clouds.DetailScaleLabel	Detail Scale	细节缩放		
Modifier.Clouds.DetailScaleTooltip	How finely the close-up detail noise tiles on this layer in the ground-level cloud view (higher is finer). Has no effect on the view from space.	在地面云层视图中，此层近景细节噪声的平铺精细程度（越高越精细）。对太空视角无影响。		
Modifier.Clouds.DetailSpeedMultiplierLabel	Detail Speed Mult.	细节速度倍率		
Modifier.Clouds.DetailSpeedMultiplierTooltip	Multiplies this layer's rotation speed to set how fast its close-up detail drifts and rotates in the ground-level cloud view. Has no effect on the view from space.	乘算此层的旋转速度，决定地面云层视图中其近景细节漂移和旋转的快慢。对太空视角无影响。		
Modifier.Clouds.DetailStrengthLabel	Detail Strength	细节强度		
Modifier.Clouds.DetailStrengthTooltip	How strongly the close-up detail noise erodes this layer's edges in the ground-level cloud view (0 to ~0.6). Has no effect on the view from space.	在地面云层视图中，近景细节噪声侵蚀此层边缘的强度（0 至约 0.6）。对太空视角无影响。		
Modifier.Clouds.DisplayName	Clouds	云层		
Modifier.Clouds.DisplayName.Header	Clouds	云层		
Modifier.Clouds.HeightLabel	Height (m)	高度（米）		
Modifier.Clouds.HeightTooltip	The height of the cloud layer above sea level, in meters.	云层高于海平面的高度，单位为米。		
Modifier.Clouds.InputChannelDataSlotName	Input Channel	输入通道		
Modifier.Clouds.InputChannelDataSlotTooltip	The data slot (produced by the planet generation modifiers) that this layer reads its density from. Set to -1 to disable the layer.	此层读取密度的数据槽（由行星生成修改器产生）。设为 -1 可禁用该层。		
Modifier.Clouds.IntensityMaskDataSlotName	Intensity Mask	强度遮罩		
Modifier.Clouds.IntensityMaskDataSlotTooltip	The data slot for a non-rotating mask that multiplies the opacity of the cloud layers, so clouds can be confined to certain regions. Set to -1 to disable.	不旋转遮罩的数据槽，该遮罩乘算云层的不透明度，从而可将云限制在特定区域。设为 -1 可禁用。		
Modifier.Clouds.Layer1DataSlotName	Low Cloud Layer	低云层		
Modifier.Clouds.Layer1Label	Low Cloud Layer	低云层		
Modifier.Clouds.Layer2DataSlotName	Medium Cloud Layer	中云层		
Modifier.Clouds.Layer2Label	Medium Cloud Layer	中云层		
Modifier.Clouds.Layer3DataSlotName	High Cloud Layer	高云层		
Modifier.Clouds.Layer3Label	High Cloud Layer	高云层		
Modifier.Clouds.MaskInfluenceLabel	Mask Influence	遮罩影响		
Modifier.Clouds.MaskInfluenceTooltip	How strongly the mask layer affects this layer's opacity (0 = ignore the mask, 1 = fully masked). Use low values for high clouds and high values for fog.	遮罩层影响此层不透明度的强度（0 = 忽略遮罩，1 = 完全受遮罩）。高层云用低值，雾用高值。		
Modifier.Clouds.RotationSpeedLabel	Rotation Speed (rad/s)	旋转速度（rad/s）		
Modifier.Clouds.RotationSpeedTooltip	The rotation speed of the layer in radians per second, applied in addition to the planet's own rotation.	此层的旋转速度，单位为弧度/秒，在行星自身旋转之外额外施加。		
Modifier.Clouds.SeasonalMaskInfluenceLabel	Seasonal Mask	季节遮罩		
Modifier.Clouds.SeasonalMaskInfluenceTooltip	Reduces the cloud mask based on the planet's position in its orbit for a seasonal effect (0 disables it). Negative values thin the clouds most at the closest point to the parent (periapsis) and least at the farthest (apoapsis); positive values do the reverse. Only affects planets that use a cloud mask.	根据行星在轨道上的位置削减云层遮罩，以产生季节效果（0 表示禁用）。负值在距离母天体最近处（近拱点）云最稀薄，最远处（远拱点）最厚；正值则相反。仅影响使用云层遮罩的行星。		
Modifier.Clouds.TerrainDisplacementLabel	Terrain Follow	贴合地形		
Modifier.Clouds.TerrainDisplacementTooltip	How strongly this layer follows the terrain height, lifting it over high ground so low clouds do not clip into elevated terrain (0 = flat shell, 1 = fully follows the terrain).	此层贴合地形高度的强度，在高地上抬高云层，使低云不会穿入较高的地形（0 = 平坦球壳，1 = 完全贴合地形）。		
Modifier.Clouds.ThicknessLabel	Thickness (m)	厚度（米）		
Modifier.Clouds.ThicknessTooltip	The thickness of the cloud layer in meters, giving it a visible vertical extent when flying through it in the ground-level cloud view. Has no effect on the view from space.	云层的厚度，单位为米，在地面云层视图中穿行时呈现可见的垂直厚度。对太空视角无影响。		
Modifier.Clouds.TintLabel	Tint	色调		
Modifier.Clouds.TintTooltip	The color of the clouds. The alpha channel acts as an overall opacity multiplier.	云的颜色。alpha 通道作为整体的不透明度乘数。		
Modifier.ColorBands.DataIndexDataSlotTooltip	The input data value which identifies which color band(s) will be used. For gas giants, this is typically the y-coordinate on a Unit sphere.	用于确定使用哪些色带的输入数据值。对于气态巨行星，通常是单位球面上的 y 坐标。		
Modifier.ColorBands.Description	A planet modifier that produces color bands based on a data value.	一种行星修改器，根据数据值生成色带。		
Modifier.ColorBands.DisplayName	Color Bands	色带		
Modifier.ColorBands.DisplayName.Header	Color Bands	色带		
Modifier.ColorBands.MaxInputValueTooltip	The maximum expected input value. With the minimum, this sets the expected range of the input data value to remap it into the zero-to-one range.	预期的最大输入值。与最小值一起设定输入数据值的预期范围，以便将其重映射到 0 到 1 区间。		
Modifier.ColorBands.MinInputValueTooltip	The minimum expected input value. Used with the maximum to determine the input data's expected range and remap it into the zero-to-one range.	预期的最小输入值。与最大值一起确定输入数据的预期范围，并将其重映射到 0 到 1 区间。		
Modifier.ColorBlend.ColorBlendType.DestinationAlpha	Destination Alpha	目标透明度		
Modifier.ColorBlend.ColorBlendType.DestinationColor	Destination Color	目标颜色		
Modifier.ColorBlend.ColorBlendType.One	One	一		
Modifier.ColorBlend.ColorBlendType.OneMinusDestinationAlpha	One Minus Destination Alpha	一减目标透明度		
Modifier.ColorBlend.ColorBlendType.OneMinusDestinationColor	One Minus Destination Color	一减目标颜色		
Modifier.ColorBlend.ColorBlendType.OneMinusSourceAlpha	One Minus Source Alpha	一减源透明度		
Modifier.ColorBlend.ColorBlendType.OneMinusSourceColor	One Minus Source Color	一减源颜色		
Modifier.ColorBlend.ColorBlendType.SourceAlpha	Source Alpha	源透明度		
Modifier.ColorBlend.ColorBlendType.SourceColor	Source Color	源颜色		
Modifier.ColorBlend.ColorBlendType.Zero	Zero	零		
Modifier.ColorBlend.ColorLabel	Color	颜色		
Modifier.ColorBlend.ColorTooltip	The color value to be blended in to the existing color.	要混合到现有颜色中的颜色值。		
Modifier.ColorBlend.DataIndexAlphaDataSlotName	Alpha Source	透明度来源		
Modifier.ColorBlend.DataIndexAlphaDataSlotTooltip	An optional input specifying a data value to use as the source alpha channel, instead of the alpha defined in the source color.	可选输入，指定一个数据值作为源透明度通道，替代源颜色中定义的透明度。		
Modifier.ColorBlend.Description	A planet modifier that blends two colors together based on a data value.	一种行星修改器，根据数据值混合两种颜色。		
Modifier.ColorBlend.DestinationLabel	Destination Blend	目标混合		
Modifier.ColorBlend.DestinationTooltip	The blend type used for the destination color (the existing color before this modifier is applied). This essentially selects the value by which the destination color will be multiplied.	用于目标颜色（应用此修改器之前的现有颜色）的混合类型。这实质上是选择目标颜色将乘算的值。		
Modifier.ColorBlend.DisplayName	Color Blend	颜色混合		
Modifier.ColorBlend.DisplayName.Header	Color Blend	颜色混合		
Modifier.ColorBlend.SourceLabel	Source Blend	源混合		
Modifier.ColorBlend.SourceTooltip	The blend type used for the source color (specified in this modifier). This is essentially selecting the value by which the source color will be multiplied.	用于源颜色（在此修改器中指定）的混合类型。这实质上是选择源颜色将乘算的值。		
Modifier.Config.AdjustmentValueInnerAngleLabel	Inner Angle	内角		
Modifier.Config.AdjustmentValueInnerAngleTooltip	The inner angle (in degrees) based on a vector through the center of the pole.	内角（单位：度），基于穿过极点中心的向量。		
Modifier.Config.AdjustmentValueInnerLabel	Inner Value	内值		
Modifier.Config.AdjustmentValueInnerTooltip	The output value (before noise and remapping) that is used leading up to and including the inner angle.	在达到并包括内角之前所使用的输出值（噪声和重映射之前）。		
Modifier.Config.AdjustmentValueOuterAngleLabel	Outer Angle	外角		
Modifier.Config.AdjustmentValueOuterAngleTooltip	The outer angle (in degrees) based on a vector through the center of the pole.	外角（单位：度），基于穿过极点中心的向量。		
Modifier.Config.AdjustmentValueOuterLabel	Outer Value	外值		
Modifier.Config.AdjustmentValueOuterTooltip	The output value (before noise and remapping) that is used at the outer angle and beyond.	在外角及其之外所使用的输出值（噪声和重映射之前）。		
Modifier.Config.DataIndexInputNoiseDataSlotName	Noise Input	噪声输入		
Modifier.Config.DataIndexInputNoiseDataSlotTooltip	The input data value that provides noise to the polar cap mask.	为极冠遮罩提供噪声的输入数据值。		
Modifier.Config.LinearRemapGroup	Linear Remap	线性重映射		
Modifier.Config.LinearRemapMaxClampedLabel	Clamped	限制		
Modifier.Config.LinearRemapMaxClampedTooltip	If enabled, the linear remapping will be clamped in the range of zero to one. If disabled, output values could exceed the zero to one range.	启用后，线性重映射将被限制在 0 到 1 区间。禁用后，输出值可能超出 0 到 1 区间。		
Modifier.Config.LinearRemapMaxLabel	Max Value	最大值		
Modifier.Config.LinearRemapMaxTooltip	The maximum value used to remap the output value in the range of zero to one.	用于将输出值重映射到 0 到 1 区间的最大值。		
Modifier.Config.LinearRemapMinLabel	Min Value	最小值		
Modifier.Config.LinearRemapMinTooltip	The minimum value used to remap the output value in the range of zero to one.	用于将输出值重映射到 0 到 1 区间的最小值。		
Modifier.Config.NoiseFadeInnerLabel	Inner Strength	内侧强度		
Modifier.Config.NoiseFadeInnerTooltip	The noise strength that is used leading up to and including the inner angle.	在达到并包括内角之前所使用的噪声强度。		
Modifier.Config.NoiseFadeOuterLabel	Outer Strength	外侧强度		
Modifier.Config.NoiseFadeOuterTooltip	The noise strength that is used at the outer angle and beyond.	在外角及其之外所使用的噪声强度。		
Modifier.Config.NoiseStrengthGroup	Noise Strength	噪声强度		
Modifier.Config.OutputValueGroup	Output Value	输出值		
Modifier.CraterPass.EnabledLabel	Pass Enabled	启用通道		
Modifier.CraterPass.EnabledTooltip	This provides an easy way to quickly disable a crater pass, which can be useful in development and testing.	提供一种快速禁用某个陨石坑通道的便捷方式，在开发和测试中很有用。		
Modifier.CraterPass.FrequencyLabel	Noise Frequency	噪声频率		
Modifier.CraterPass.FrequencyTooltip	The frequency of the noise that generates the craters. The higher the frequency the smaller and more numerous the craters become.	生成陨石坑的噪声频率。频率越高，坑越小、数量越多。		
Modifier.CraterPass.MaxDepthLabel	Max Depth	最大深度		
Modifier.CraterPass.MaxDepthTooltip	The maximum depth of the crater in meters. This occurs when the crater shape curve evaluates to -1 on the y-axis.	陨石坑的最大深度，单位为米。当坑形曲线在 y 轴上的求值为 -1 时达到该深度。		
Modifier.CraterPass.NoiseLerpLabel	Noise Interpolation	噪声插值		
Modifier.CraterPass.NoiseLerpTooltip	The value used to linearly interpolate the crater shape noise between data inputs 'A' and 'B'. At 0, only input 'A' provides noise to the crater shapes. At 1, only input 'B' is used. Any value between 0 and 1 interpolates between the two.	用于在数据输入「A」和「B」之间线性插值坑形噪声的值。为 0 时，只有输入「A」为坑形提供噪声。为 1 时，只用输入「B」。0 到 1 之间的任意值则在两者之间插值。		
Modifier.CraterPass.NoiseStrengthLabel	Noise Strength	噪声强度		
Modifier.CraterPass.NoiseStrengthTooltip	The scalar value used to adjust the strength of the crater shape noise before it is applied.	在应用之前用于调整坑形噪声强度的标量值。		
Modifier.CraterPass.RandomnessLabel	Position Randomness	位置随机度		
Modifier.CraterPass.RandomnessTooltip	The randomness in the crater position noise. Less randomness means more consistent (and larger) craters but they will be more grid like in alignment.	陨石坑位置噪声中的随机度。随机度越低，坑更一致（也更大），但排列会更接近网格。		
Modifier.CraterPass.RotationAngleLabel	Rotation Angle	旋转角度		
Modifier.CraterPass.RotationAngleTooltip	The rotation angle applied to the input position used to sample crater positions and sizes. Sometimes adjusting it slightly helps when multiple passes all want to pile craters on top of each other.	对用于采样坑位置和大小的输入位置施加的旋转角度。当多个通道都想把坑堆在同一处时，略微调整它会有所帮助。		
Modifier.CraterPass.RotationAxisLabel	Rotation Axis	旋转轴		
Modifier.CraterPass.RotationAxisTooltip	The axis of the rotation angle applied to the input position used to sample crater positions and sizes. Sometimes adjusting the rotation slightly helps when multiple passes all want to pile craters on top of each other.	对用于采样坑位置和大小的输入位置所施加旋转角度的轴。当多个通道都想把坑堆在同一处时，略微调整旋转会有所帮助。		
Modifier.CraterPass.SeedLabel	Noise Seed	噪声种子		
Modifier.CraterPass.SeedTooltip	The seed value used for the cellular noise that generates the crater positions and sizes.	用于生成陨石坑位置和大小的蜂窝噪声的种子值。		
Modifier.Craters.CraterColorsGroup	Crater Colors	坑的颜色		
Modifier.Craters.CraterCurveLabel	Shape	形状		
Modifier.Craters.CraterCurveTooltip	The curve that craters resemble. Typically mapped between (0,-1) and (1,0). The x-axis is distance from the crater center, the y-axis is crater depth. The left side, starting at 0, is the crater center; the right side, typically ending at 1, is the end of the crater rims. The bottom, starting at -1, is the deepest part; the top, ending at 0, is the planet's regular surface.	陨石坑所遵循的曲线。通常映射在 (0,-1) 到 (1,0) 之间。x 轴是到坑中心的距离，y 轴是坑的深度。左侧从 0 开始，是坑中心；右侧通常到 1 结束，是坑缘的末端。底部从 -1 开始，是最深处；顶部到 0 结束，是行星的常规表面。		
Modifier.Craters.CraterFrequencyTooltip	The frequency of the noise that generates the crater positions and sizes. The higher the frequency, the smaller and more numerous the craters become.	生成陨石坑位置和大小的噪声频率。频率越高，坑越小、数量越多。		
Modifier.Craters.CraterMaskDataIndexDataSlotName	Crater Mask Input	坑遮罩输入		
Modifier.Craters.CraterMaskDataIndexDataSlotTooltip	The data input that, if used, can mask out the craters this modifier generates. Typically a value between zero and one, where one means full-strength unmasked craters and zero means this modifier changes nothing.	可选使用的数据输入，可遮除此修改器生成的陨石坑。通常为 0 到 1 之间的值，1 表示全强度、不被遮除的坑，0 表示此修改器不产生任何改变。		
Modifier.Craters.CraterNoiseOutputDataSlotName	Crater Noise Output	坑噪声输出		
Modifier.Craters.CraterNoisePowerValueLabel	Noise Exponent	噪声指数		
Modifier.Craters.CraterNoisePowerValueTooltip	The exponent applied to the crater positional noise. This is used to help prevent seams between craters.	施加到坑位置噪声的指数。用于帮助防止陨石坑之间出现接缝。		
Modifier.Craters.CraterNoiseStrengthLabel	Shape Noise Strength	形状噪声强度		
Modifier.Craters.CraterNoiseStrengthTooltip	The strength of the crater shape noise. This noise adds variation to crater shapes so they aren't perfectly circular. The crater shape noise is highly configurable, and this value provides an easy way to adjust its final strength.	坑形噪声的强度。该噪声为坑形增加变化，使它们不是完美的圆形。坑形噪声可高度配置，而此值提供了一种便捷方式，用于调整其最终强度。		
Modifier.Craters.CraterPassesLabel	Number of Passes	通道数		
Modifier.Craters.CraterPassesTooltip	The number of crater passes to perform. Crater passes are expensive, so use them sparingly; however, multiple crater passes are cheaper than the same number of single-pass crater modifiers for a similar effect. Craters within a pass can't overlap, but craters in different passes can.	要执行的陨石坑通道数量。坑通道开销很大，请谨慎使用；不过，要达到类似效果，多通道的坑比同样数量的单通道坑修改器更省性能。同一通道内的坑不能重叠，不同通道的坑可以重叠。		
Modifier.Craters.CraterPositionNoiseGroup	Crater Position Noise	坑位置噪声		
Modifier.Craters.Description	A planet modifier that generates terrain crater features.	一种行星修改器，生成地形陨石坑特征。		
Modifier.Craters.DisplayName	Craters 1	陨石坑 1		
Modifier.Craters.DisplayName.Header	Craters 1	陨石坑 1		
Modifier.Craters.HeightNoiseOutputDataIndexDataSlotName	Height Noise Sum Output	高度噪声总和输出		
Modifier.Craters.HeightNoiseOutputDataIndexDataSlotTooltip	The data output that, if used, holds the summed crater height noise from all passes. Multiplied by the crater max depth and the final crater strength, it gives the final height adjustment this modifier applies. Not always useful, but it can be. For example, with a single-pass crater, this value can pinpoint where craters are, so you can feed it into a biome modifier to generate biomes inside and outside craters.	可选使用的数据输出，保存所有通道的坑高度噪声总和。乘以坑最大深度和最终坑强度，即为该修改器施加的最终高度调整。它并非总是有用，但有时确实有用。例如，对于单通道陨石坑，此值可以精确定位坑的位置，因此你可以将它接入生物群系修改器，在坑内外生成生物群系。		
Modifier.Craters.MaxHeightColorVarianceLabel	Max Height Color Variance	最大高度颜色变化		
Modifier.Craters.MaxHeightColorVarianceTooltip	The red, green, and blue color values (0 to 1) to add to the terrain color as the crater extends above the planet's surface. Useful for adding a bit of color variation to the crater rims.	当坑高出行星表面时，添加到地形颜色的红、绿、蓝颜色值（0 到 1）。可为坑缘增加一点颜色变化。		
Modifier.Craters.MinHeightColorVarianceLabel	Min Height Color Variance	最小高度颜色变化		
Modifier.Craters.MinHeightColorVarianceTooltip	The red, green, and blue color values (0 to 1) to subtract from the terrain color as it reaches the craters' minimum height. Useful for adding a bit of color variation to the deep centers of craters.	当达到坑的最低高度时，从地形颜色中减去的红、绿、蓝颜色值（0 到 1）。可为坑的深处中心增加一点颜色变化。		
Modifier.CratersFast.CraterNoiseADataIndexDataSlotName	Noise Input A	噪声输入 A		
Modifier.CratersFast.CraterNoiseADataIndexDataSlotTooltip	The first crater shape noise input data. Each crater pass can choose a value by which this noise input and the other are linearly interpolated to generate that pass's crater shape noise value. This adds variation so craters don't all appear as perfect circles. Lower frequency noise (relative to the crater size) can create some very interesting non-crater-like terrain.	第一个坑形噪声输入数据。每个坑通道可选择一个值，用于将此噪声输入与另一个输入线性插值，以生成该通道的坑形噪声值。这增加了变化，使坑不都呈现为完美的圆形。较低的频率（相对于坑的大小）可以造出一些非常有趣、不像坑的地形。		
Modifier.CratersFast.CraterNoiseBDataIndexDataSlotName	Noise Input B	噪声输入 B		
Modifier.CratersFast.CraterNoiseBDataIndexDataSlotTooltip	The second crater shape noise input. Each crater pass picks a value used to linearly interpolate this noise input and the other to generate that pass's crater shape noise. This noise adds variation so craters don't all look like perfect circles. Lower frequency noise (relative to crater size) can create some very interesting non-crater-like terrain.	第二个坑形噪声输入。每个坑通道会选取一个值，用于将此噪声输入与另一个输入线性插值，以生成该通道的坑形噪声。该噪声增加了变化，使坑不都看起来像完美的圆形。较低的频率（相对于坑的大小）可以造出一些非常有趣、不像坑的地形。		
Modifier.CratersFast.CraterPassesLabel	Crater Passes	坑通道		
Modifier.CratersFast.CurveTooltip	The default curve that craters resemble. Individual passes can override this; passes without a custom curve fall back to it. Typically mapped between (0,-1) and (1,0). The x-axis is distance from the crater center, the y-axis is crater depth. The left side, starting at 0, is the crater center; the right side, typically ending at 1, is the end of the crater rims. The bottom, starting at -1, is the deepest part; the top, ending at 0, is the planet's regular surface.	陨石坑默认遵循的曲线。各通道可覆盖此项；没有自定义曲线的通道则回退到它。通常映射在 (0,-1) 到 (1,0) 之间。x 轴是到坑中心的距离，y 轴是坑的深度。左侧从 0 开始，是坑中心；右侧通常到 1 结束，是坑缘的末端。底部从 -1 开始，是最深处；顶部到 0 结束，是行星的常规表面。		
Modifier.CratersFast.Description	A fast planet modifier that generates terrain crater features.	一种快速行星修改器，生成地形陨石坑特征。		
Modifier.CratersFast.DisplayName	Craters 2	陨石坑 2		
Modifier.CratersFast.DisplayName.Header	Craters 2	陨石坑 2		
Modifier.CratersFast.HeightNoiseMinOutputDataIndexDataSlotName	Minimum Noise Output	最小噪声输出		
Modifier.CratersFast.HeightNoiseMinOutputDataIndexDataSlotTooltip	An optional data output that stores the minimum noise output used for the height of the craters.	可选数据输出，保存用于坑高度的最小噪声输出。		
Modifier.CratersFast.LockSeedTooltip	Prevents the seed from being randomized when the randomize button is clicked.	点击随机化按钮时，防止种子被随机化。		
Modifier.CratersFast.MaxHeightColorVarianceTooltip	The red, green, and blue color values (typically 0 to 1) to add to the terrain color as the crater rises above the planet's surface. Useful for adding a bit of color variation to crater rims.	当坑高出行星表面时，添加到地形颜色的红、绿、蓝颜色值（通常为 0 到 1）。可为坑缘增加一点颜色变化。		
Modifier.CratersFast.MinHeightColorVarianceTooltip	The red, green, and blue color values (typically 0 to 1) to subtract from the terrain color as it reaches the craters' minimum height. Useful for adding a bit of color variation to the deep centers of craters.	当达到坑的最低高度时，从地形颜色中减去的红、绿、蓝颜色值（通常为 0 到 1）。可为坑的深处中心增加一点颜色变化。		
Modifier.CratersFast.SeedSyncIdTooltip	Allows multiple, unlocked Noise elements to obtain the same seed when the randomize button is clicked.	允许多个未锁定的噪声元素在点击随机化按钮时获得相同的种子。		
Modifier.CubemapData.DataIndexDefaultCubemapDataSlotName	Default Cubemap Input	默认立方体贴图输入		
Modifier.CubemapData.Description	A planet modifier that reads data from a cubemap texture for the celestial body and stores an output value based on that data. The cubemap texture should be in horizontal format (X+, X-, Y+, Y-, Z+, Z-).	一种行星修改器，从天体的立方体贴图读取数据，并根据该数据存储输出值。立方体贴图应为横向格式（X+、X-、Y+、Y-、Z+、Z-）。		
Modifier.CubemapData.DisplayName	Texture Data (Cubemap)	贴图数据（立方体贴图）		
Modifier.CubemapData.DisplayName.Header	Texture Data (Cubemap)	贴图数据（立方体贴图）		
Modifier.CubemapData.InterpolationMethod.Bicubic	Bicubic	双三次		
Modifier.CubemapData.InterpolationMethod.Bilinear	Bilinear	双线性		
Modifier.CubemapData.InterpolationMethodLabel	Interpolation Method	插值方式		
Modifier.CubemapData.InterpolationMethodTooltip	The interpolation method used when sampling the texture data. Bilinear should be much faster. Bicubic should be smoother, but won't always look better than bilinear, since the look depends heavily on the texture content and resolution. Stick with bilinear for performance unless bicubic offers a far better visual result.	采样贴图数据时所用的插值方式。双线性要快得多。双三次更平滑，但未必总比双线性好看，因为视觉效果很大程度上取决于贴图的内容与分辨率。除非双三次的视觉效果明显更好，否则建议用双线性以保性能。		
Modifier.CubemapData.MapColorGradientLabel	Map Color Gradient	地图颜色渐变		
Modifier.CubemapData.MapColorGradientTooltip	The color gradient used in planet studio when using a brush on this cubemap.	在行星工坊中对此立方体贴图使用画笔时所用的颜色渐变。		
Modifier.CubemapData.MapNameLabel	Map Name	地图名称		
Modifier.CubemapData.MapNameTooltip	The cubemap display name associated with this modifier (if any). This is required for using the brush flyout with this cubemap modifier.	与此修改器关联的立方体贴图显示名称（若有）。要在此立方体贴图修改器上使用画笔弹出菜单，必须设置此项。		
Modifier.CubemapData.MaxValueLabel	Max Output Value	最大输出值		
Modifier.CubemapData.MaxValueTooltip	The output value is linearly interpolated between the min and max values based on the texture data's pixel value. This also sets the maximum value of the source data when generating a default cubemap.	输出值根据贴图数据的像素值在最小值与最大值之间线性插值。生成默认立方体贴图时，此项也设定源数据的最大值。		
Modifier.CubemapData.MinValueLabel	Min Output Value	最小输出值		
Modifier.CubemapData.MinValueTooltip	The output value is linearly interpolated between the min and max value based on the texture data's pixel value. This also defines the minimum value of the source data when generating a default cubemap.	输出值根据贴图数据的像素值在最小值与最大值之间线性插值。生成默认立方体贴图时，此项也定义源数据的最小值。		
Modifier.CubemapData.TextureChannel.Alpha	Alpha	透明度		
Modifier.CubemapData.TextureChannel.Blue	Blue	蓝		
Modifier.CubemapData.TextureChannel.Green	Green	绿		
Modifier.CubemapData.TextureChannel.Red	Red	红		
Modifier.CubemapData.TextureChannelBitsPerPixel._32	32 Bits Per Pixel	每像素 32 位		
Modifier.CubemapData.TextureChannelBitsPerPixel._8	8 Bits Per Pixel	每像素 8 位		
Modifier.CubemapData.TextureChannelBitsPerPixelLabel	Bits Per Pixel	每像素位数		
Modifier.CubemapData.TextureChannelBitsPerPixelTooltip	The bits per pixel used at runtime to represent the texture data. A value of 32 can be slightly more efficient on the CPU but uses far more memory at runtime, especially for large textures. It's recommended to leave this at 8 bits per pixel.	运行时用于表示贴图数据的每像素位数。32 位在 CPU 上可能稍快，但运行时会占用多得多的内存，贴图越大越明显。建议保持 8 位。		
Modifier.CubemapData.TextureChannelLabel	Texture Channel	贴图通道		
Modifier.CubemapData.TextureChannelTooltip	The texture channel from which values should be used for this texture.	应从此贴图的哪个通道取值。		
Modifier.CubemapData.TextureIdLabel	Texture	贴图		
Modifier.CubemapData.TextureIdTooltip	The cubemap texture.	立方体贴图。		
Modifier.DebugFace.ColorXNegativeLabel	X Negative	X 负		
Modifier.DebugFace.ColorXNegativeTooltip	The debug color used to identify the X-negative face of the cubemap.	用于标识立方体贴图 X 负方向面的调试颜色。		
Modifier.DebugFace.ColorXPositiveLabel	X Positive	X 正		
Modifier.DebugFace.ColorXPositiveTooltip	The debug color used to identify the X-positive face of the cubemap.	用于标识立方体贴图 X 正方向面的调试颜色。		
Modifier.DebugFace.ColorYNegativeLabel	Y Negative	Y 负		
Modifier.DebugFace.ColorYNegativeTooltip	The debug color used to identify the Y-negative face of the cubemap.	用于标识立方体贴图 Y 负方向面的调试颜色。		
Modifier.DebugFace.ColorYPositiveLabel	Y Positive	Y 正		
Modifier.DebugFace.ColorYPositiveTooltip	The debug color used to identify the Y-positive face of the cubemap.	用于标识立方体贴图 Y 正方向面的调试颜色。		
Modifier.DebugFace.ColorZNegativeLabel	Z Negative	Z 负		
Modifier.DebugFace.ColorZNegativeTooltip	The debug color used to identify the Z-negative face of the cubemap.	用于标识立方体贴图 Z 负方向面的调试颜色。		
Modifier.DebugFace.ColorZPositiveLabel	Z Positive	Z 正		
Modifier.DebugFace.ColorZPositiveTooltip	The debug color used to identify the Z-positive face of the cubemap.	用于标识立方体贴图 Z 正方向面的调试颜色。		
Modifier.DebugFace.Description	A debug planet modifier that visualizes the cubemap faces of the planet.	一种调试用行星修改器，用于可视化行星的立方体贴图各面。		
Modifier.DebugFace.DisplayName	Debug Visualize (Cubemap)	调试可视化（立方体贴图）		
Modifier.DebugFace.DisplayName.Header	Debug Visualize (Cubemap)	调试可视化（立方体贴图）		
Modifier.DebugVisualize.DataIndexInputDataSlotTooltip	The input data to visualize. This value will be linearly interpolated between the min and max values specified by this modifier, then color will be applied based on the specified gradient.	要可视化的输入数据。该值会按此修改器指定的最小值与最大值线性插值，然后依据指定的渐变着色。		
Modifier.DebugVisualize.Description	A debug planet modifier that visualizes a data value on the planet surface.	一种调试用行星修改器，用于在行星表面可视化某个数据值。		
Modifier.DebugVisualize.DisplayName	Debug Visualize (Data)	调试可视化（数据）		
Modifier.DebugVisualize.DisplayName.Header	Debug Visualize (Data)	调试可视化（数据）		
Modifier.DebugVisualizeBiomes.Description	A debug planet modifier that visualizes the biome data on the planet surface.	一种调试用行星修改器，用于在行星表面可视化生物群系数据。		
Modifier.DebugVisualizeBiomes.DisplayName	Debug Visualize (Biomes)	调试可视化（生物群系）		
Modifier.DebugVisualizeBiomes.DisplayName.Header	Debug Visualize (Biomes)	调试可视化（生物群系）		
Modifier.DomainWarping.AmplitudeTooltip	The amplitude of the domain warping noise.	域扭曲噪声的振幅。		
Modifier.DomainWarping.DomainWarpingType.AxialTwist	Axial Twist	轴向扭转		
Modifier.DomainWarping.DomainWarpingType.Basic	Basic	基础		
Modifier.DomainWarping.DomainWarpingType.Fractal	Fractal	分形		
Modifier.DomainWarping.DomainWarpingType.None	None	无		
Modifier.DomainWarping.DomainWarpingType.Offset	Offset	偏移		
Modifier.DomainWarping.DomainWarpingType.Rotate	Rotate	旋转		
Modifier.DomainWarping.DomainWarpingType.Scaled	Scaled	缩放		
Modifier.DomainWarping.DomainWarpingTypeLabel	Domain Warping Type	域扭曲类型		
Modifier.DomainWarping.DomainWarpingTypeTooltip	The domain warping type. Domain warping adjusts the input position before generating the actual noise, thus 'warping' it. Some types use additional noise to perform the warping.	域扭曲类型。域扭曲会在生成实际噪声之前调整输入位置，从而「扭曲」它。部分类型会使用额外的噪声来完成扭曲。		
Modifier.DomainWarping.FrequencyTooltip	The frequency of the domain warping noise.	域扭曲噪声的频率。		
Modifier.DomainWarping.GainLabel	Gain	增益		
Modifier.DomainWarping.GainTooltip	The gain of the domain warping noise.	域扭曲噪声的增益。		
Modifier.DomainWarping.Interpolation.Hermite	Hermite	埃尔米特		
Modifier.DomainWarping.Interpolation.Linear	Linear	线性		
Modifier.DomainWarping.Interpolation.Quintic	Quintic	五次		
Modifier.DomainWarping.InterpolationLabel	Interpolation	插值		
Modifier.DomainWarping.InterpolationTooltip	The interpolation method of the domain warping noise. Linear is the fastest and lowest quality. Quintic is the slowest and best quality.	域扭曲噪声的插值方式。线性最快、质量最低；五次最慢、质量最好。		
Modifier.DomainWarping.LacunarityLabel	Lacunarity	间隙度		
Modifier.DomainWarping.LacunarityTooltip	The lacunarity of the domain warping noise.	域扭曲噪声的间隙度。		
Modifier.DomainWarping.OctavesLabel	Octaves	倍频数		
Modifier.DomainWarping.OctavesTooltip	The number of octaves for the domain warping noise.	域扭曲噪声的倍频数。		
Modifier.DomainWarping.OffsetLabel	Offset	偏移		
Modifier.DomainWarping.OffsetTooltip	The X,Y,Z offset to apply to the input position before generating the noise value for that position.	在为某位置生成噪声值之前，施加到该输入位置的 X、Y、Z 偏移。		
Modifier.DomainWarping.RotationLabel	Rotation	旋转		
Modifier.DomainWarping.RotationTooltip	The euler angles, in degrees, to rotate the input position before generating the noise value for that position.	在为某位置生成噪声值之前，用于旋转该输入位置的欧拉角（度）。		
Modifier.DomainWarping.SeedLabel	Seed	种子		
Modifier.DomainWarping.SeedTooltip	The noise seed value used for the domain warping noise.	域扭曲噪声所使用的噪声种子值。		
Modifier.DomainWarping.TwistAngleLabel	Angle	角度		
Modifier.DomainWarping.TwistAngleTooltip	The amount of twist (in degrees) to apply to the lines in a single hemisphere.	单个半球上对线条施加的扭转量（度）。		
Modifier.DomainWarping.TwistAxisLabel	Axis	轴		
Modifier.DomainWarping.TwistAxisTooltip	The axis around which to apply the twisting.	施加扭转所围绕的轴。		
Modifier.DomainWarping.TwistExponentLabel	Exponent	指数		
Modifier.DomainWarping.TwistExponentTooltip	The exponent to apply to the twist amount. Increasing this can reduce the twisting near the equator and increase the twisting near the poles.	施加到扭转量上的指数。增大此值可减弱赤道附近的扭转、增强两极附近的扭转。		
Modifier.DomainWarping.TwistMethod.DistanceFromAxis	Distance From Axis	距轴距离		
Modifier.DomainWarping.TwistMethod.DistanceFromAxisInverse	Distance From Axis Inverse	距轴距离反向		
Modifier.DomainWarping.TwistMethod.DistanceOnAxis	Distance On Axis	沿轴距离		
Modifier.DomainWarping.TwistMethod.DistanceOnAxisInverse	Distance On Axis Inverse	沿轴距离反向		
Modifier.DomainWarping.TwistMethodLabel	Method	方式		
Modifier.DomainWarping.TwistMethodTooltip	How the twist strength at a given position is determined. Distance On Axis - twisting increases as distance along the axis increases. Distance On Axis Inverse - twisting decreases as distance along the axis increases. Distance From Axis - twisting increases as distance from the axis increases. Distance From Axis Inverse - twisting decreases as distance from the axis increases.	某位置扭转强度的确定方式。沿轴距离——扭转随沿轴距离增大而增强。沿轴距离反向——扭转随沿轴距离增大而减弱。距轴距离——扭转随距轴距离增大而增强。距轴距离反向——扭转随距轴距离增大而减弱。		
Modifier.DomainWarping.WarpScaleLabel	Warp Scale	扭曲缩放		
Modifier.DomainWarping.WarpScaleTooltip	The X,Y,Z scale to apply to the input position before generating the noise value for that position.	在为某位置生成噪声值之前，施加到该输入位置的 X、Y、Z 缩放。		
Modifier.Expression.DataIndexOutputDataSlotTooltip	The data output of the expression.	表达式的数据输出。		
Modifier.Expression.Description	A planet modifier that evaluates a mathematical expression using data values as inputs.	一种行星修改器，使用数据值作为输入来求值数学表达式。		
Modifier.Expression.DisplayName	Expression	表达式		
Modifier.Expression.DisplayName.Header	Expression	表达式		
Modifier.Flatten.DataIndexInputDataSlotTooltip	The data input values to act as a mask. At 1.0, the terrain is completely flattened, fading out to the original height at 0.0.	作为遮罩的数据输入值。为 1.0 时地形被完全平整，到 0.0 时渐变为原始高度。		
Modifier.Flatten.Description	A planet modifier that flattens the terrain in an area.	一种行星修改器，用于平整某一区域内的地形。		
Modifier.Flatten.DisplayName	Flatten	平整地形		
Modifier.Flatten.DisplayName.Header	Flatten	平整地形		
Modifier.Flatten.ElevationLabel	Elevation	海拔		
Modifier.Flatten.ElevationTooltip	The height, in meters, to which the terrain should be flattened.	地形应被平整到的高度（米）。		
Modifier.Flatten.SmoothStepLabel	Use Smooth Step	使用平滑阶跃		
Modifier.Flatten.SmoothStepTooltip	If enabled, the input value will have a smoothstep function applied to it before use as a flatten mask.	若启用，输入值在用作平整遮罩前会先应用平滑阶跃函数。		
Modifier.GenerateHeight.DataIndexInputDataSlotTooltip	The input data value that is used to generate the heights.	用于生成高度的输入数据值。		
Modifier.GenerateHeight.DataIndexOutputDataSlotTooltip	The data output that stores the generated height data.	存储所生成高度数据的数据输出。		
Modifier.GenerateHeight.Description	A planet modifier that generates height data for the planet terrain.	一种行星修改器，用于为行星地形生成高度数据。		
Modifier.GenerateHeight.DisplayName	Generate Height	生成高度		
Modifier.GenerateHeight.DisplayName.Header	Generate Height	生成高度		
Modifier.GenerateHeight.GenerateHeightType.LerpMinToMax	Lerp Min To Max	最小值插值至最大值		
Modifier.GenerateHeight.GenerateHeightType.LerpToFromZero	Lerp To/From Zero	与零值双向插值		
Modifier.GenerateHeight.GenerateHeightTypeLabel	Height Type	高度类型		
Modifier.GenerateHeight.GenerateHeightTypeTooltip	How the data input is interpreted to generate a height output. Lerp Min To Max: height is linearly interpolated from minimum to maximum based on the input value and its specified range. Lerp To/From Zero: height is linearly interpolated from minimum to zero if the input is negative, or from zero to maximum if positive. Don't use this if the minimum and maximum heights don't span across zero.	如何解释数据输入以生成高度输出。最小值插值至最大值：高度根据输入值及其指定范围，从最小值到最大值线性插值。与零值双向插值：若输入为负，高度从最小值线性插值到零；若为正，则从零线性插值到最大值。若最小与最大高度不跨越零，请勿使用此项。		
Modifier.GenerateHeight.InputMaxValueTooltip	The maximum input value used to create the range by which the input value will be linearly interpolated.	用于构成范围的最大输入值，输入值将在此范围内线性插值。		
Modifier.GenerateHeight.InputMinValueTooltip	The minimum input value used to create the range by which the input value will be linearly interpolated.	用于构成范围的最小输入值，输入值将在此范围内线性插值。		
Modifier.GenerateHeight.MaxHeightLabel	Max Height	最大高度		
Modifier.GenerateHeight.MaxHeightTooltip	The maximum height (in meters) generated by this modifier.	此修改器生成的最大高度（米）。		
Modifier.GenerateHeight.MinHeightLabel	Min Height	最小高度		
Modifier.GenerateHeight.MinHeightTooltip	The minimum height (in meters) generated by this modifier.	此修改器生成的最小高度（米）。		
Modifier.GetBiomeStrength.DataIndexOutputDataSlotTooltip	The output in which to store the biome strength (a value between 0 and 1).	用于存储生物群系强度（0 到 1 之间的值）的输出。		
Modifier.GetBiomeStrength.Description	A planet modifier that reads the strength of a specific biome into a data value.	一种行星修改器，用于将指定生物群系的强度读入数据值。		
Modifier.GetBiomeStrength.DisplayName	Get Biome Strength	获取生物群系强度		
Modifier.GetBiomeStrength.DisplayName.Header	Get Biome Strength	获取生物群系强度		
Modifier.GetCombinedBiomeStrength.BiomeIndexesLabel	Biome Indexes	生物群系索引		
Modifier.GetCombinedBiomeStrength.DataIndexOutputDataSlotTooltip	The output in which to store the combined biome strength (typically a value between 0 and 1).	用于存储合计生物群系强度（通常为 0 到 1 之间的值）的输出。		
Modifier.GetCombinedBiomeStrength.Description	A planet modifier that reads the combined strength of all biomes into a data value.	一种行星修改器，用于将所有生物群系的合计强度读入数据值。		
Modifier.GetCombinedBiomeStrength.DisplayName	Get Biome Strength (Combined)	获取生物群系强度（合计）		
Modifier.GetCombinedBiomeStrength.DisplayName.Header	Get Biome Strength (Combined)	获取生物群系强度（合计）		
Modifier.GetCommonData.DataIndexInputDataSlotTooltip	The data from the common pass that is to be stored in the biome specific pass data channel.	要存入生物群系专属通道数据的、来自公共通道的数据。		
Modifier.GetCommonData.DataIndexOutputDataSlotTooltip	The biome specific pass data output.	生物群系专属通道的数据输出。		
Modifier.GetCommonData.Description	A planet modifier that reads data from the common pass into the current pass data.	一种行星修改器，用于将公共通道的数据读入当前通道数据。		
Modifier.GetCommonData.DisplayName	Get Common Pass Data	获取公共通道数据		
Modifier.GetCommonData.DisplayName.Header	Get Common Pass Data	获取公共通道数据		
Modifier.GetConstant.DataIndexOutputDataSlotTooltip	The data output to store the constant value.	用于存储常量值的数据输出。		
Modifier.GetConstant.Description	A planet modifier that writes a constant value into a data slot.	一种行星修改器，用于将常量值写入数据槽。		
Modifier.GetConstant.DisplayName	Get Constant	获取常量		
Modifier.GetConstant.DisplayName.Header	Get Constant	获取常量		
Modifier.GetConstant.ValueLabel	Constant Value	常量值		
Modifier.GetConstant.ValueTooltip	The constant value to store in the data output.	要存入数据输出的常量值。		
Modifier.GetCurrentBiomeStrength.DataIndexOutputDataSlotTooltip	The output data to contain the strength of the current biome (typically a value between 0 and 1).	用于存放当前生物群系强度的输出数据（通常为 0 到 1 之间的值）。		
Modifier.GetCurrentBiomeStrength.Description	A planet modifier that reads the strength of the current biome into a data value.	一种行星修改器，用于将当前生物群系的强度读入数据值。		
Modifier.GetCurrentBiomeStrength.DisplayName	Get Biome Strength (Current)	获取生物群系强度（当前）		
Modifier.GetCurrentBiomeStrength.DisplayName.Header	Get Biome Strength (Current)	获取生物群系强度（当前）		
Modifier.GetHeight.DataIndexOutputDataSlotTooltip	The data output used to store the requested height value (in meters).	用于存储所获取高度值（米）的数据输出。		
Modifier.GetHeight.Description	A planet modifier that reads the current terrain height into a data slot.	一种行星修改器，用于将当前地形高度读入数据槽。		
Modifier.GetHeight.DisplayName	Get Height	获取高度		
Modifier.GetHeight.DisplayName.Header	Get Height	获取高度		
Modifier.GetHeight.HeightType.BiomeHeight	Biome Height	生物群系高度		
Modifier.GetHeight.HeightType.CombinedHeight	Combined Height	合计高度		
Modifier.GetHeight.HeightType.CommonHeight	Common Height	公共高度		
Modifier.GetHeight.HeightType.Default	Default	默认		
Modifier.GetHeight.HeightTypeLabel	Height Type	高度类型		
Modifier.GetHeight.HeightTypeTooltip	The type of height value to retrieve. Default: the common height in a non-biome pass, the biome height in a biome pass. Common Height: the common height, regardless of pass. Biome Height: the biome height in a biome pass; retrieves the common height if run in a non-biome pass. Combined Height: biome height plus common height in a biome pass; retrieves the common height if run in a non-biome pass.	要获取的高度值类型。默认：非生物群系通道中取公共高度，生物群系通道中取生物群系高度。公共高度：无论哪个通道都取公共高度。生物群系高度：在生物群系通道中取生物群系高度；在非生物群系通道中运行时取公共高度。合计高度：在生物群系通道中取生物群系高度加公共高度；在非生物群系通道中运行时取公共高度。		
Modifier.GetHeight.IncludeRadiusLabel	Include Radius	包含半径		
Modifier.GetHeight.IncludeRadiusTooltip	If enabled, the radius of the celestial body will be added to the output of the modifier. This is typically not enabled.	若启用，天体的半径将加到修改器的输出上。通常不启用。		
Modifier.GetPosition.DataIndexXDataSlotName	X	X		
Modifier.GetPosition.DataIndexXDataSlotTooltip	The data output used to store the X-position value.	用于存储 X 坐标值的数据输出。		
Modifier.GetPosition.DataIndexYDataSlotName	Y	Y		
Modifier.GetPosition.DataIndexYDataSlotTooltip	The data output used to store the Y-position value.	用于存储 Y 坐标值的数据输出。		
Modifier.GetPosition.DataIndexZDataSlotName	Z	Z		
Modifier.GetPosition.DataIndexZDataSlotTooltip	The data output used to store the Z-position value.	用于存储 Z 坐标值的数据输出。		
Modifier.GetPosition.Description	A planet modifier that reads the current vertex position into data slots.	一种行星修改器，用于将当前顶点位置读入数据槽。		
Modifier.GetPosition.DisplayName	Get Position	获取位置		
Modifier.GetPosition.DisplayName.Header	Get Position	获取位置		
Modifier.GetPosition.RotationLabel	Rotation	旋转		
Modifier.GetPosition.RotationTooltip	The rotation in degrees about the X, Y, and Z axis to be applied to the planet before returning the requested positions.	在返回所需位置之前，绕 X、Y、Z 轴施加到行星上的旋转角度（度）。		
Modifier.HemisphereBiomeSwap.Description	A planet modifier that swaps biomes between hemispheres.	一种行星修改器，用于在两个半球之间交换生物群系。		
Modifier.HemisphereBiomeSwap.DisplayName	Hemisphere Biome Swap	半球生物群系交换		
Modifier.HemisphereBiomeSwap.DisplayName.Header	Hemisphere Biome Swap	半球生物群系交换		
Modifier.Interpolate.DataIndexInputADataSlotName	Input A (From)	输入 A（起点）		
Modifier.Interpolate.DataIndexInputADataSlotTooltip	The 'A' input to be interpolated. The result will be interpolated from input 'A' to input 'B'.	要插值的「A」输入。结果将从输入「A」插值到输入「B」。		
Modifier.Interpolate.DataIndexInputBDataSlotName	Input B (To)	输入 B（终点）		
Modifier.Interpolate.DataIndexInputBDataSlotTooltip	The 'B' input to be interpolated. The result will be interpolated from input 'A' to input 'B'.	要插值的「B」输入。结果将从输入「A」插值到输入「B」。		
Modifier.Interpolate.DataIndexInputCDataSlotName	Interpolation Value Input	插值系数输入		
Modifier.Interpolate.DataIndexInputCDataSlotTooltip	The value used to interpolate between the two inputs. Below the min input value, the output is input 'A'. Above the max input value, the output is input 'B'. In between, the output is interpolated based on where this value falls in the specified min/max range.	用于在两个输入之间插值的值。低于最小输入值时，输出为输入「A」；高于最大输入值时，输出为输入「B」；介于两者之间时，输出按该值在指定最小/最大范围内的位置插值。		
Modifier.Interpolate.DataIndexOutputDataSlotTooltip	The result of the interpolation.	插值结果。		
Modifier.Interpolate.Description	A planet modifier that interpolates between two values based on a factor.	一种行星修改器，用于依系数在两个值之间插值。		
Modifier.Interpolate.DisplayName	Interpolate	插值		
Modifier.Interpolate.DisplayName.Header	Interpolate	插值		
Modifier.Interpolate.InputMaxValueTooltip	The maximum input value used to create the range for the interpolation value input.	用于构建插值系数输入范围的最大输入值。		
Modifier.Interpolate.InputMinValueTooltip	The minimum input value used to create the range for the interpolation value input.	用于构建插值系数输入范围的最小输入值。		
Modifier.Interpolate.PowerExponentLabel	Power Exponent	幂指数		
Modifier.Interpolate.PowerExponentTooltip	The exponent to which the interpolation value is raised after remapping it into the 0 to 1 range based on the min/max input values. A value of 1 gives linear interpolation. A value above or below one makes interpolation occur over a curve.	在按最小/最大输入值将插值系数重映射到 0 到 1 区间后，对其施加的指数。值为 1 时为线性插值；大于或小于 1 时插值沿曲线进行。		
Modifier.LayeredBiomes.BiomeInputsLabel	Biome Inputs	生物群系输入		
Modifier.LayeredBiomes.BiomeLayersLabel	Biome Layers	生物群系层		
Modifier.LayeredBiomes.Description	A planet modifier that defines biomes arranged in horizontal layers.	一种行星修改器，用于定义按水平层排布的生物群系。		
Modifier.LayeredBiomes.DisplayName	Biomes (Layered)	生物群系（分层）		
Modifier.LayeredBiomes.DisplayName.Header	Biomes (Layered)	生物群系（分层）		
Modifier.LayeredBiomes.InputType.DualBiome_NegativeAndPositive	Dual Biome Negative And Positive	双生物群系（正负）		
Modifier.LayeredBiomes.InputType.DualBiome_PositiveAndRemainder	Dual Biome Positive And Remainder	双生物群系（正向与余量）		
Modifier.LayeredBiomes.InputType.SingleBiome	Single Biome	单生物群系		
Modifier.LayeredBiomes.InputTypeLabel	Type	类型		
Modifier.LayeredBiomes.InputTypeTooltip	Determines how the input is converted to biomes. Single Biome - The input value is the primary biome's strength, from 0% at 0 to 100% at 1. Dual Biome Negative And Positive - The input value represents two biomes. The primary biome's strength runs from 0 (0%) to 1 (100%); the other biome's from 0 (0%) to -1 (100%). Dual Biome Positive And Remainder - The input value represents two biomes. The primary biome's strength runs from 0 (0%) to 1 (100%); the other biome's strength is 100% minus the primary's.	决定输入如何转换为生物群系。单生物群系——输入值即主生物群系的强度，0 处为 0%、1 处为 100%。双生物群系（正负）——输入值代表两个生物群系：主生物群系强度从 0（0%）到 1（100%），另一生物群系从 0（0%）到 -1（100%）。双生物群系（正向与余量）——输入值代表两个生物群系：主生物群系强度从 0（0%）到 1（100%），另一生物群系的强度为 100% 减去主生物群系的强度。		
Modifier.LayeredBiomes.LayerInputDataSlotNameFormat	Layer {0} - Input {1}	层 {0} - 输入 {1}		
Modifier.LinearInterpolate01.DataIndexInputADataSlotName	Input A (From)	输入 A（起点）		
Modifier.LinearInterpolate01.DataIndexInputADataSlotTooltip	The 'A' input to be interpolated. The result will be interpolated from input 'A' to input 'B'.	要插值的「A」输入。结果将从输入「A」插值到输入「B」。		
Modifier.LinearInterpolate01.DataIndexInputBDataSlotName	Input B (To)	输入 B（终点）		
Modifier.LinearInterpolate01.DataIndexInputBDataSlotTooltip	The 'B' input to be interpolated. The result will be interpolated from input 'A' to input 'B'.	要插值的「B」输入。结果将从输入「A」插值到输入「B」。		
Modifier.LinearInterpolate01.DataIndexInputCDataSlotName	Interpolation Value Input	插值系数输入		
Modifier.LinearInterpolate01.DataIndexInputCDataSlotTooltip	The value used to interpolate between the two inputs. If this value is below the min input value, the output will be input 'A'. If this value is above the max input value, the output will be input 'B'. If this value is in between those two values, the output will be linearly interpolated based on where this value falls between zero and one.	用于在两个输入之间插值的值。若该值低于最小输入值，输出为输入「A」；若高于最大输入值，输出为输入「B」；若介于两者之间，输出将按该值在 0 到 1 之间的位置线性插值。		
Modifier.LinearInterpolate01.DataIndexOutputDataSlotTooltip	The result of the interpolation.	插值结果。		
Modifier.LinearInterpolate01.Description	A planet modifier that linearly interpolates a value from range A to range B, mapping it to the 0-1 range.	一种行星修改器，用于将值从范围 A 线性插值到范围 B，并映射到 0-1 区间。		
Modifier.LinearInterpolate01.DisplayName	Interpolate (Linear 0 to 1)	插值（线性 0 至 1）		
Modifier.LinearInterpolate01.DisplayName.Header	Interpolate (Linear 0 to 1)	插值（线性 0 至 1）		
Modifier.LongitudeLines.DataIndexInputDataSlotTooltip	The optional noise input applied to the lines. The input value is used as longitude variation in degrees, so a value of 1 shifts a line's output position by one degree. Typically this input comes from a noise modifier with a strength value of 'x' degrees.	施加到线条上的可选噪声输入。输入值被用作以度为单位的经度变化量，因此值 1 会把线条的输出位置移动一度。通常该输入来自强度值为「x」度的噪声修改器。		
Modifier.LongitudeLines.DataIndexOutputDataSlotTooltip	The output data representing the lines calculated by this modifier. This should be in the range of zero (no lines) to 1 (center of line).	表示此修改器所计算线条的输出数据。应处于零（无线条）到 1（线条中心）的范围内。		
Modifier.LongitudeLines.Description	A planet modifier that generates longitude lines on the planet surface.	一种行星修改器，用于在行星表面生成经线。		
Modifier.LongitudeLines.DisplayName	Longitude Lines	经线		
Modifier.LongitudeLines.DisplayName.Header	Longitude Lines	经线		
Modifier.LongitudeLines.DomainWarpingGroup	Domain Warping	域扭曲		
Modifier.LongitudeLines.LineCountLabel	Lines Count	线条数量		
Modifier.LongitudeLines.LineCountTooltip	The number of lines to be generated by this modifier.	此修改器要生成的线条数量。		
Modifier.LongitudeLines.LineWidthLabel	Line Width	线宽		
Modifier.LongitudeLines.LineWidthTooltip	The width of the lines, in degrees, generated by this modifier.	此修改器生成的线条宽度（度）。		
Modifier.LongitudeLines.RotationLabel	Rotation	旋转		
Modifier.LongitudeLines.RotationTooltip	The rotation in degrees about the X, Y, and Z axis to be applied to the input position.	绕 X、Y、Z 轴施加到输入位置的旋转角度（度）。		
Modifier.LongitudeLines.TwistAngleLabel	Twist Angle	扭转角度		
Modifier.LongitudeLines.TwistConfigGroup	Twist Config	扭转设置		
Modifier.LongitudeLines.TwistExponentLabel	Twist Exponent	扭转指数		
Modifier.LongitudeLines.TwistMethodLabel	Twist Method	扭转方式		
Modifier.LongitudeLines.WarpAmplitudeTooltip	The amplitude of the domain warping noise applied to the input.	施加到输入上的域扭曲噪声的振幅。		
Modifier.LongitudeLines.WarpFrequencyTooltip	The frequency of the domain warping noise applied to the input.	施加到输入上的域扭曲噪声的频率。		
Modifier.LongitudeLines.WarpGainTooltip	The gain applied to the amplitude at each octave of the domain warping noise applied to the input.	施加到输入上的域扭曲噪声在每一倍频上作用于振幅的增益。		
Modifier.LongitudeLines.WarpLacunarityTooltip	The lacunarity applied to the frequency at each octave of the domain warping noise applied to the input.	施加到输入上的域扭曲噪声在每一倍频上作用于频率的间隙度。		
Modifier.LongitudeLines.WarpOctavesTooltip	The number of octaves used in the domain warping noise applied to the input.	施加到输入上的域扭曲噪声所使用的倍频数。		
Modifier.PolarCapMask.DataIndexOutputDataSlotTooltip	The output data value representing the polar caps. The north pole mask runs from zero to 1, the south pole mask from 0 to -1.	表示极冠的输出数据值。北极遮罩从零到 1，南极遮罩从 0 到 -1。		
Modifier.PolarCapMask.Description	A planet modifier that generates a mask for the polar cap regions of the planet.	一种行星修改器，用于生成行星极冠区域的遮罩。		
Modifier.PolarCapMask.DisplayName	Polar Cap Mask	极冠遮罩		
Modifier.PolarCapMask.DisplayName.Header	Polar Cap Mask	极冠遮罩		
Modifier.PolarCapMask.NorthPoleLabel	North Pole	北极		
Modifier.PolarCapMask.NorthPoleNoiseInputDataSlotName	North Pole Noise Input	北极噪声输入		
Modifier.PolarCapMask.RotationLabel	Rotation	旋转		
Modifier.PolarCapMask.SouthPoleLabel	South Pole	南极		
Modifier.PolarCapMask.SouthPoleNoiseInputDataSlotName	South Pole Noise Input	南极噪声输入		
Modifier.RadialFlatten.Description	A planet modifier that flattens terrain radially around a point.	一种行星修改器，用于围绕某点径向平整地形。		
Modifier.RadialFlatten.DisplayName	Radial Flatten	径向平整		
Modifier.RadialFlatten.DisplayName.Header	Radial Flatten	径向平整		
Modifier.RadialFlatten.FalloffPowerLabel	Falloff Power	衰减幂		
Modifier.RadialFlatten.FalloffPowerTooltip	The falloff power used when interpolating between the target elevation and original elevation.	在目标海拔与原始海拔之间插值时所用的衰减幂。		
Modifier.RadialFlatten.InnerRadiusLabel	Inner Radius	内半径		
Modifier.RadialFlatten.InnerRadiusTooltip	The inner radius, in meters, of the terrain to flatten. All terrain within this radius is set to the specified elevation. The elevation is interpolated back to non-flattened terrain from the inner radius to the outer radius.	要平整的地形内半径（米）。此半径内的所有地形都设为指定海拔。从内半径到外半径，海拔插值回未平整的地形。		
Modifier.RadialFlatten.LatlongLabel	Latitude / Longitude	纬度 / 经度		
Modifier.RadialFlatten.LatlongTooltip	The latitude and longitude of the center point of the radial flatten.	径向平整中心点的纬度和经度。		
Modifier.RadialFlatten.OuterRadiusLabel	Outer Radius	外半径		
Modifier.RadialFlatten.OuterRadiusTooltip	The outer radius, in meters, of the terrain to flatten. All terrain beyond it is unaffected by this modifier. Elevation is interpolated from flattened to non-flattened terrain between the inner and outer radius.	要平整的地形外半径（米）。超出此范围的地形不受此修改器影响。在内半径与外半径之间，海拔从平整地形插值到未平整地形。		
Modifier.RadialFlatten.SmoothStepTooltip	Use the Smooth Step function instead of a falloff power curve. If selected, then Falloff Power will be ignored.	使用平滑阶跃函数而非衰减幂曲线。若选中此项，衰减幂将被忽略。		
Modifier.RemapCurve.DataIndexInputDataSlotTooltip	The data input values to be remapped.	要重映射的数据输入值。		
Modifier.RemapCurve.DataIndexOutputDataSlotTooltip	The output results of the modifier.	修改器的输出结果。		
Modifier.RemapCurve.Description	A planet modifier that remaps a data value using an animation curve.	一种行星修改器，用于通过动画曲线重映射数据值。		
Modifier.RemapCurve.DisplayName	Remap (Curve)	重映射（曲线）		
Modifier.RemapCurve.DisplayName.Header	Remap (Curve)	重映射（曲线）		
Modifier.RemapCurve.RemapCurveLabel	Curve	曲线		
Modifier.RemapCurve.RemapCurveTooltip	The curve used to remap the input values. The X-axis represents the input values and the Y-axis defines the values they will be remapped to.	用于重映射输入值的曲线。X 轴表示输入值，Y 轴定义它们将被重映射到的值。		
Modifier.RemapLinear.Description	A planet modifier that linearly remaps a data value from one range to another.	一种行星修改器，用于将数据值从一个范围线性重映射到另一个范围。		
Modifier.RemapLinear.DisplayName	Remap (Linear)	重映射（线性）		
Modifier.RemapLinear.DisplayName.Header	Remap (Linear)	重映射（线性）		
Modifier.RemapLinear.FromMaxValueLabel	From Max Value	源最大值		
Modifier.RemapLinear.FromMaxValueTooltip	The maximum value of the range from which values are remapped. Input values at or beyond this are remapped to 'To Max Value'. Input values between 'From Min Value' and this are linearly interpolated between 'To Min Value' and 'To Max Value'.	要重映射的源范围的最大值。等于或超过此值的输入将重映射为「目标最大值」。介于「源最小值」与此值之间的输入，在「目标最小值」与「目标最大值」之间线性插值。		
Modifier.RemapLinear.FromMinValueLabel	From Min Value	源最小值		
Modifier.RemapLinear.FromMinValueTooltip	The minimum value of the range that values are remapped from. Input values at or below this remap to 'To Min Value'. Input values between this and 'From Max Value' are linearly interpolated between 'To Min Value' and 'To Max Value'.	要重映射的源范围的最小值。等于或低于此值的输入将重映射为「目标最小值」。介于此值与「源最大值」之间的输入，在「目标最小值」与「目标最大值」之间线性插值。		
Modifier.RemapLinear.ToMaxValueLabel	To Max Value	目标最大值		
Modifier.RemapLinear.ToMaxValueTooltip	The maximum value of the range to which values are remapped. Input values at or beyond 'From Max Value' remap to this. Input values between 'From Min Value' and 'From Max Value' are linearly interpolated between 'To Min Value' and this.	要重映射到的目标范围的最大值。等于或超过「源最大值」的输入将重映射为此值。介于「源最小值」与「源最大值」之间的输入，在「目标最小值」与此值之间线性插值。		
Modifier.RemapLinear.ToMinValueLabel	To Min Value	目标最小值		
Modifier.RemapLinear.ToMinValueTooltip	The minimum value of the range that values are remapped to. Input values at or below 'From Min Value' remap to this. Input values between 'From Min Value' and 'From Max Value' are linearly interpolated between this and 'To Max Value'.	要重映射到的目标范围的最小值。等于或低于「源最小值」的输入将重映射为此值。介于「源最小值」与「源最大值」之间的输入，在此值与「目标最大值」之间线性插值。		
Modifier.RemapLinearDual.Description	A planet modifier that linearly remaps a data value using a mirrored dual range.	一种行星修改器，用于按镜像双范围线性重映射数据值。		
Modifier.RemapLinearDual.DisplayName	Remap (Linear Mirror)	重映射（线性镜像）		
Modifier.RemapLinearDual.DisplayName.Header	Remap (Linear Mirror)	重映射（线性镜像）		
Modifier.RemapLinearDual.FromMaxValueTooltip	The maximum value of the range from which values are remapped. Input values at or beyond this are remapped to 'To Max Value'. Input values between 'From Min Value' and this are linearly interpolated between 'To Min Value' and 'To Max Value'. These results are mirrored about zero when the input is below zero.	要重映射的源范围的最大值。等于或超过此值的输入将重映射为「目标最大值」。介于「源最小值」与此值之间的输入，在「目标最小值」与「目标最大值」之间线性插值。当输入为负时，这些结果以零为轴镜像。		
Modifier.RemapLinearDual.FromMinValueTooltip	The minimum value of the range being remapped from. Input values at or below this are remapped to 'To Min Value'. Inputs between this and 'From Max Value' are linearly interpolated between 'To Min Value' and 'To Max Value'. Results are mirrored about zero when the input is below zero.	要重映射的源范围的最小值。等于或低于此值的输入将重映射为「目标最小值」。介于此值与「源最大值」之间的输入，在「目标最小值」与「目标最大值」之间线性插值。当输入为负时，结果以零为轴镜像。		
Modifier.RemapLinearDual.ToMaxValueTooltip	The maximum value of the range that values are remapped to. Input values at or beyond 'From Max Value' remap to this. Input values between 'From Min Value' and 'From Max Value' are linearly interpolated between 'To Min Value' and this. These results are mirrored about zero when the input is below zero.	要重映射到的目标范围的最大值。等于或超过「源最大值」的输入将重映射为此值。介于「源最小值」与「源最大值」之间的输入，在「目标最小值」与此值之间线性插值。当输入为负时，这些结果以零为轴镜像。		
Modifier.RemapLinearDual.ToMinValueTooltip	The minimum value of the range that values are remapped to. Input values at or below 'From Min Value' remap to this. Input values between 'From Min Value' and 'From Max Value' are linearly interpolated between this and 'To Max Value'. Results are mirrored about zero when the input is below zero.	要重映射到的目标范围的最小值。等于或低于「源最小值」的输入将重映射为此值。介于「源最小值」与「源最大值」之间的输入，在此值与「目标最大值」之间线性插值。当输入为负时，结果以零为轴镜像。		
Modifier.ResourceDistribution.Description	Marks which data slot holds the ISRU resource patchiness field (0..1). Author the value upstream with the normal noise/remap/combine modifiers; each sub-biome's Noise Strength slider then chooses how much of it to apply.	标记哪个数据槽存放 ISRU 资源疏密场（0..1）。请在上游用常规的噪声/重映射/组合修改器生成该值；之后每个子生物群系的噪声强度滑块决定应用其中多少。		
Modifier.ResourceDistribution.DisplayName	Resource Distribution	资源分布		
Modifier.ResourceDistribution.DisplayName.Header	Resource Distribution	资源分布		
Modifier.ResourceDistribution.DistributionDataIndexDataSlotName	Distribution	分布		
Modifier.ResourceDistribution.DistributionDataIndexDataSlotTooltip	The data slot whose value (clamped to 0..1) is used as the ISRU resource patchiness field. Author it upstream with the noise/remap/combine modifiers. Leave unset (-1) for uniform resource coverage.	其值（截断到 0..1）被用作 ISRU 资源疏密场的数据槽。请在上游用噪声/重映射/组合修改器生成。若留空（-1），则资源均匀覆盖。		
Modifier.SimpleBiomeRedistribution.DataIndexInputDataSlotTooltip	The data input value that, along with the biome range values, determines the biome(s) to which the source biome's strength should be re-assigned.	结合生物群系范围值，决定源生物群系的强度应重新分配给哪个（些）生物群系的数据输入值。		
Modifier.SimpleBiomeRedistribution.Description	A planet modifier that redistributes biome boundaries based on data values.	一种行星修改器，用于根据数据值重新分配生物群系边界。		
Modifier.SimpleBiomeRedistribution.DisplayName	Biome Redistribution	生物群系重分配		
Modifier.SimpleBiomeRedistribution.DisplayName.Header	Biome Redistribution	生物群系重分配		
Modifier.SimpleBiomes.BiomesLabel	Biomes	生物群系		
Modifier.SimpleBiomes.DataIndexInputDataSlotTooltip	The data input value that, along with the biome range values, determines the biome(s) that should be assigned.	结合生物群系范围值，决定应分配哪个（些）生物群系的数据输入值。		
Modifier.SimpleBiomes.Description	A planet modifier that defines biomes based on a data value range.	一种行星修改器，用于根据数据值范围定义生物群系。		
Modifier.SimpleBiomes.DisplayName	Biomes (Value Based)	生物群系（基于数值）		
Modifier.SimpleBiomes.DisplayName.Header	Biomes (Value Based)	生物群系（基于数值）		
Modifier.SingleSubBiome.Description	A planet modifier that defines a single sub-biome for a biome.	一种行星修改器，用于为某个生物群系定义单个子生物群系。		
Modifier.SingleSubBiome.DisplayName	Sub-Biomes (Single)	子生物群系（单个）		
Modifier.SingleSubBiome.DisplayName.Header	Sub-Biomes (Single)	子生物群系（单个）		
Modifier.SingleValueBasedSubBiomes.DataIndexInputDataSlotTooltip	The data input containing the values that define the sub-biomes.	包含定义子生物群系的值的数据输入。		
Modifier.SingleValueBasedSubBiomes.Description	A planet modifier that defines sub-biomes for a biome based on a data value range.	一种行星修改器，用于根据数据值范围为某个生物群系定义子生物群系。		
Modifier.SingleValueBasedSubBiomes.DisplayName	Sub-Biomes (Value Based)	子生物群系（基于数值）		
Modifier.SingleValueBasedSubBiomes.DisplayName.Header	Sub-Biomes (Value Based)	子生物群系（基于数值）		
Modifier.SingleValueBasedSubBiomes.SubBiomesTooltip	The list of sub-biomes and their associated data defined for this biome.	为此生物群系定义的子生物群系列表及其关联数据。		
Modifier.Terraces2.ClampMaxLabel	Clamp Max	限制上限		
Modifier.Terraces2.ClampMaxTooltip	If enabled, input values beyond the final terrace section's 'Start Value' are clamped to that 'Start Value'. If disabled, input values exceeding the final 'Start Value' pass through untouched to the output.	若启用，超出最后一个阶地段「起始值」的输入值将被限制到该「起始值」。若禁用，超出最后一个「起始值」的输入值将原样传递到输出。		
Modifier.Terraces2.ClampMinLabel	Clamp Min	限制下限		
Modifier.Terraces2.ClampMinTooltip	If enabled, input values below the first terrace section's 'Start Value' are clamped to that 'Start Value'. If disabled, input values below the first 'Start Value' pass untouched to the output.	若启用，低于第一个阶地段「起始值」的输入值将被限制到该「起始值」。若禁用，低于第一个「起始值」的输入值将原样传递到输出。		
Modifier.Terraces2.DataIndexInputDataSlotTooltip	The data input value to convert to a terraced output value. This value can be in any range, as long as the corresponding start values for each section use the same range.	要转换为阶地输出值的数据输入值。该值可处于任意范围，只要各分段对应的起始值使用相同范围即可。		
Modifier.Terraces2.DataIndexOutputDataSlotTooltip	The data output of the modifier.	修改器的数据输出。		
Modifier.Terraces2.Description	A planet modifier that generates terraced terrain features.	一种行星修改器，用于生成阶地地形特征。		
Modifier.Terraces2.DisplayName	Terraces	阶地		
Modifier.Terraces2.DisplayName.Header	Terraces	阶地		
Modifier.Terraces2.TerracesLabel	Terraces	阶地		
Modifier.TerracesSection.FlatnessLabel	Flatness	平坦度		
Modifier.TerracesSection.FlatnessTooltip	The percentage of this terrace section that will be completely flat. The section extends from its start value to the next section's start value. This defines the percentage of that range where output is always set to this section's start value. The rest is the slope to the next terrace section.	此阶地段中完全平坦所占的百分比。该段从其起始值延伸到下一段的起始值。此项定义该范围内输出始终设为本段起始值的比例；其余部分则是通往下一阶地段的坡度。		
Modifier.TerracesSection.SlopeExponentLabel	Slope Exponent	坡度指数		
Modifier.TerracesSection.SlopeExponentTooltip	The exponent defining how this terrace section's slope is interpolated from its start value to the next section's start value. A value of 1 results in linear interpolation of the slope from this section to the next.	定义此阶地段的坡度如何从其起始值插值到下一段起始值的指数。值为 1 时，坡度从此段到下一段为线性插值。		
Modifier.TerracesSection.StartValueLabel	Start Value	起始值		
Modifier.TerracesSection.StartValueTooltip	The data input value at which this terrace section starts.	此阶地段开始处的数据输入值。		
Modifier.TextureData.Description	A planet modifier used to read data from a specific face of a cubemap texture and project it onto the planet surface.	一种行星修改器，用于从立方体贴图的指定面读取数据并投影到行星表面。		
Modifier.TextureData.DisplayName	Texture Data (Cubemap Face)	贴图数据（立方体面）		
Modifier.TextureData.DisplayName.Header	Texture Data (Cubemap Face)	贴图数据（立方体面）		
Modifier.TextureData.TexturesLabel	Textures	贴图		
Modifier.TextureData2.Description	A planet modifier used to read data from a texture and project it onto the planet surface using latitude/longitude coordinates.	一种行星修改器，用于从贴图读取数据并按经纬度坐标投影到行星表面。		
Modifier.TextureData2.DisplayName	Texture Data (Projection)	贴图数据（投影）		
Modifier.TextureData2.DisplayName.Header	Texture Data (Projection)	贴图数据（投影）		
Modifier.TextureDataItem.Face.Xneg	X-	X-		
Modifier.TextureDataItem.Face.Xpos	X+	X+		
Modifier.TextureDataItem.Face.Yneg	Y-	Y-		
Modifier.TextureDataItem.Face.Ypos	Y+	Y+		
Modifier.TextureDataItem.Face.Zneg	Z-	Z-		
Modifier.TextureDataItem.Face.Zpos	Z+	Z+		
Modifier.TextureDataItem.FaceLabel	Cubemap Face	立方体面		
Modifier.TextureDataItem.FaceTooltip	The cube face of the texture's center position.	贴图中心位置所在的立方体面。		
Modifier.TextureDataItem.InterpolationMethod.Bicubic	Bicubic	双三次		
Modifier.TextureDataItem.InterpolationMethod.Bilinear	Bilinear	双线性		
Modifier.TextureDataItem.InterpolationMethodTooltip	The interpolation method used when sampling the texture data. Bilinear should be much faster. Bicubic should be smoother, but won't always look better than bilinear, since the look depends heavily on the texture content and resolution as well as the texture's size on the celestial body. Stick with bilinear for performance unless bicubic offers a far better visual result.	采样贴图数据时所用的插值方式。双线性要快得多。双三次更平滑，但未必总比双线性好看，因为视觉效果很大程度上取决于贴图内容与分辨率，以及贴图在天体上的大小。除非双三次的视觉效果明显更好，否则建议用双线性以保性能。		
Modifier.TextureDataItem.MaxOutputValueTooltip	The maximum value this texture generates, added to the modifier output for a max-value pixel. For example, if this is 100 and pixels range from 0 to 255, then a pixel of 0 generates 0, a pixel of 102 generates 40, and a pixel of 255 generates 100.	此贴图生成的最大值，会加到最大像素值对应的修改器输出上。例如取 100 且像素范围为 0 到 255 时，像素 0 生成 0，像素 102 生成 40，像素 255 生成 100。		
Modifier.TextureDataItem.PathLabel	Texture	贴图		
Modifier.TextureDataItem.PathTooltip	The texture.	贴图。		
Modifier.TextureDataItem.PositionLabel	Position	位置		
Modifier.TextureDataItem.PositionTooltip	The position of the center of the texture on the cube face. Coordinates are unit cube space, from -0.5 to 0.5.	贴图中心在立方体面上的位置。坐标为归一化立方体空间，从 -0.5 到 0.5。		
Modifier.TextureDataItem.RotationLabel	Rotation	旋转		
Modifier.TextureDataItem.RotationTooltip	The rotation of the texture in degrees. NOTE: Only increments of 90 degrees will work.	贴图的旋转角度（度）。注意：仅 90 度的整数倍有效。		
Modifier.TextureDataItem.SizeLabel	Size	尺寸		
Modifier.TextureDataItem.SizeTooltip	The size of the texture relative to the cube face. Coordinates are unit cube space with a size value of 1 filling the entire cubemap face.	贴图相对于立方体面的大小。坐标为归一化立方体空间，值为 1 时填满整个立方体贴图面。		
Modifier.TextureDataItem.TextureChannel.Alpha	Alpha	透明度		
Modifier.TextureDataItem.TextureChannel.Blue	Blue	蓝		
Modifier.TextureDataItem.TextureChannel.Green	Green	绿		
Modifier.TextureDataItem.TextureChannel.Red	Red	红		
Modifier.TextureDataItem.TextureChannelBitsPerPixel._32	32 Bits Per Pixel	每像素 32 位		
Modifier.TextureDataItem.TextureChannelBitsPerPixel._8	8 Bits Per Pixel	每像素 8 位		
Modifier.TextureDataItem2.InterpolationMethod.Bicubic	Bicubic	双三次		
Modifier.TextureDataItem2.InterpolationMethod.Bilinear	Bilinear	双线性		
Modifier.TextureDataItem2.InterpolationMethodTooltip	The interpolation method used when sampling the texture data. Bilinear should be much faster. Bicubic should be smoother, but won't always look better than bilinear, since the look depends heavily on the texture content and resolution as well as the projected texture size. Stick with bilinear for performance unless bicubic offers a far better visual result.	采样贴图数据时所用的插值方式。双线性要快得多。双三次更平滑，但未必总比双线性好看，因为视觉效果很大程度上取决于贴图内容与分辨率，以及投影贴图的大小。除非双三次的视觉效果明显更好，否则建议用双线性以保性能。		
Modifier.TextureDataItem2.LatitudeTooltip	The latitude at which this texture data should be centered and projected onto the celestial body.	此贴图数据应以之居中并投影到天体上的纬度。		
Modifier.TextureDataItem2.LongitudeTooltip	The longitude at which this texture data should be centered and projected onto the celestial body.	此贴图数据应以之居中并投影到天体上的经度。		
Modifier.TextureDataItem2.PathLabel	Texture	贴图		
Modifier.TextureDataItem2.PathTooltip	The texture data to be projected onto the celestial body.	要投影到天体上的贴图数据。		
Modifier.TextureDataItem2.RotationLabel	Rotation	旋转		
Modifier.TextureDataItem2.RotationTooltip	The rotation of the projected texture in degrees.	所投影贴图的旋转角度（度）。		
Modifier.TextureDataItem2.SizeLabel	Size	尺寸		
Modifier.TextureDataItem2.SizeTooltip	The size of the texture projected onto the planet, relative to a unit sphere. This size is not related to or affected by the radius of the celestial body.	投影到行星上的贴图大小，相对于单位球。此大小与天体半径无关，也不受其影响。		
Modifier.TextureDataItem2.TextureChannel.Alpha	Alpha	透明度		
Modifier.TextureDataItem2.TextureChannel.Blue	Blue	蓝		
Modifier.TextureDataItem2.TextureChannel.Green	Green	绿		
Modifier.TextureDataItem2.TextureChannel.Red	Red	红		
Modifier.TextureDataItem2.TextureChannelBitsPerPixel._32	32 Bits Per Pixel	每像素 32 位		
Modifier.TextureDataItem2.TextureChannelBitsPerPixel._8	8 Bits Per Pixel	每像素 8 位		
Modifier.UpdateCustomData.CustomDataIdLabel	Data Id	数据 ID		
Modifier.UpdateCustomData.CustomDataIdTooltip	The ID of the custom data to be updated.	要更新的自定义数据的 ID。		
Modifier.UpdateCustomData.DataIndexDataSlotTooltip	The data input used to update the custom data value.	用于更新自定义数据值的数据输入。		
Modifier.UpdateCustomData.DataIndexWDataSlotName	Input W	输入 W		
Modifier.UpdateCustomData.DataIndexWDataSlotTooltip	The data input used to update the W component of the custom data value.	用于更新自定义数据值 W 分量的数据输入。		
Modifier.UpdateCustomData.DataIndexXDataSlotName	Input X	输入 X		
Modifier.UpdateCustomData.DataIndexXDataSlotTooltip	The data input used to update the X component of the custom data value.	用于更新自定义数据值 X 分量的数据输入。		
Modifier.UpdateCustomData.DataIndexYDataSlotName	Input Y	输入 Y		
Modifier.UpdateCustomData.DataIndexYDataSlotTooltip	The data input used to update the Y component of the custom data value.	用于更新自定义数据值 Y 分量的数据输入。		
Modifier.UpdateCustomData.DataIndexZDataSlotName	Input Z	输入 Z		
Modifier.UpdateCustomData.DataIndexZDataSlotTooltip	The data input used to update the Z component of the custom data value.	用于更新自定义数据值 Z 分量的数据输入。		
Modifier.UpdateCustomDataDouble.Description	A planet modifier that updates a custom data value of type double.	一种行星修改器，用于更新 double 类型的自定义数据值。		
Modifier.UpdateCustomDataDouble.DisplayName	Update Custom Data (Double)	更新自定义数据（Double）		
Modifier.UpdateCustomDataDouble.DisplayName.Header	Update Custom Data (Double)	更新自定义数据（Double）		
Modifier.UpdateCustomDataFloat.Description	A planet modifier that updates a custom data value of type float.	一种行星修改器，用于更新 float 类型的自定义数据值。		
Modifier.UpdateCustomDataFloat.DisplayName	Update Custom Data (Float)	更新自定义数据（Float）		
Modifier.UpdateCustomDataFloat.DisplayName.Header	Update Custom Data (Float)	更新自定义数据（Float）		
Modifier.UpdateCustomDataVector2d.Description	A planet modifier that updates a custom data value of type Vector2d.	一种行星修改器，用于更新 Vector2d 类型的自定义数据值。		
Modifier.UpdateCustomDataVector2d.DisplayName	Update Custom Data (Vector2d)	更新自定义数据（Vector2d）		
Modifier.UpdateCustomDataVector2d.DisplayName.Header	Update Custom Data (Vector2d)	更新自定义数据（Vector2d）		
Modifier.UpdateCustomDataVector3d.Description	A planet modifier that updates a custom data value of type Vector3d.	一种行星修改器，用于更新 Vector3d 类型的自定义数据值。		
Modifier.UpdateCustomDataVector3d.DisplayName	Update Custom Data (Vector3d)	更新自定义数据（Vector3d）		
Modifier.UpdateCustomDataVector3d.DisplayName.Header	Update Custom Data (Vector3d)	更新自定义数据（Vector3d）		
Modifier.UpdateCustomDataVector4d.Description	A planet modifier that updates a custom data value of type Vector4d.	一种行星修改器，用于更新 Vector4d 类型的自定义数据值。		
Modifier.UpdateCustomDataVector4d.DisplayName	Update Custom Data (Vector4d)	更新自定义数据（Vector4d）		
Modifier.UpdateCustomDataVector4d.DisplayName.Header	Update Custom Data (Vector4d)	更新自定义数据（Vector4d）		
Modifier.UpdateFinalHeight.DataIndexDataSlotTooltip	The data input used to update the height of the terrain. This should be the height, in meters, to be added to the current terrain height.	用于更新地形高度的数据输入。应为要加到当前地形高度上的高度（米）。		
Modifier.UpdateFinalHeight.Description	A planet modifier that applies a data value as an update to the final terrain height.	一种行星修改器，用于将数据值作为对最终地形高度的更新施加。		
Modifier.UpdateFinalHeight.DisplayName	Update Height	更新高度		
Modifier.UpdateFinalHeight.DisplayName.Header	Update Height	更新高度		
Modifier.UpdateFinalHeight.IgnoreBiomeStrengthScaleLabel	Ignore Biome Strength	忽略生物群系强度		
Modifier.UpdateFinalHeight.IgnoreBiomeStrengthScaleTooltip	If enabled and running for a specific biome, the biome's strength is ignored when applying the height. If disabled, the height is scaled by the strength of the biome this modifier is running for.	若启用且为特定生物群系运行，施加高度时会忽略该生物群系的强度。若禁用，高度将按此修改器所运行的生物群系强度缩放。		
Modifier.Validation.LowBattery	May need more battery to operate.	运行可能需要更多电量。		
Modifier.Validation.MissingFuelSourceFormat	Is missing a {0} source.	缺少 {0} 来源。		
Modifier.Validation.RequiresBattery	Requires battery to operate.	运行需要电量。		
Modifier.Validation.RequiresFuelFormat	Requires {0} to operate.	运行需要 {0}。		
Modifier.ValueRange.RangeLabel	Range	范围		
Modifier.ValueRange.RangeTooltip	The value range for this sub-biome, defined as min and max values from the input data that defines it. The min/max values should overlap neighboring sub-biomes for a smooth transition between them.	此子生物群系的取值范围，由定义它的输入数据的最小值和最大值决定。相邻子生物群系的最小/最大值应相互重叠，以便彼此平滑过渡。		
Modifier.VertexDataNoise.CellularDistanceFunction.Euclidean	Euclidean	欧几里得		
Modifier.VertexDataNoise.CellularDistanceFunction.EuclideanNoOverlap	Euclidean No Overlap	欧几里得（不重叠）		
Modifier.VertexDataNoise.CellularDistanceFunction.Manhattan	Manhattan	曼哈顿		
Modifier.VertexDataNoise.CellularDistanceFunction.Natural	Natural	自然		
Modifier.VertexDataNoise.CellularDistanceFunctionLabel	Cellular Distance	蜂窝距离		
Modifier.VertexDataNoise.CellularDistanceFunctionTooltip	The method used to calculate distance when using cellular noise.	使用蜂窝噪声时计算距离所采用的方式。		
Modifier.VertexDataNoise.CellularReturnType.CellValue	Cell Value	单元值		
Modifier.VertexDataNoise.CellularReturnType.Distance	Distance	距离		
Modifier.VertexDataNoise.CellularReturnType.Distance2	Distance2	距离2		
Modifier.VertexDataNoise.CellularReturnType.Distance2Add	Distance2 Add	距离2 相加		
Modifier.VertexDataNoise.CellularReturnType.Distance2Div	Distance2 Div	距离2 相除		
Modifier.VertexDataNoise.CellularReturnType.Distance2Mul	Distance2 Mul	距离2 相乘		
Modifier.VertexDataNoise.CellularReturnType.Distance2Sub	Distance2 Sub	距离2 相减		
Modifier.VertexDataNoise.CellularReturnType.MaskedDistance	Masked Distance	遮罩距离		
Modifier.VertexDataNoise.CellularReturnTypeLabel	Cellular Return Type	蜂窝返回类型		
Modifier.VertexDataNoise.CellularReturnTypeTooltip	When using cellular noise, this determines what kind of values will be stored as the output of this modifier.	使用蜂窝噪声时，此项决定以何种值作为此修改器的输出。		
Modifier.VertexDataNoise.DataIndexDataSlotTooltip	The output of this noise modifier. Many noise methods are capped between -1 and 1, but that is not always the case.	此噪声修改器的输出。许多噪声方式的输出被限制在 -1 与 1 之间，但并非总是如此。		
Modifier.VertexDataNoise.Description	A highly configurable planet modifier that can be used to generate all sorts of noise.	一种高度可配置的行星修改器，可用于生成各类噪声。		
Modifier.VertexDataNoise.DisplacementLabel	Displacement	位移		
Modifier.VertexDataNoise.DisplayName	Noise	噪声		
Modifier.VertexDataNoise.DisplayName.Header	Noise	噪声		
Modifier.VertexDataNoise.DomainWarpingLabel	Domain Warping	域扭曲		
Modifier.VertexDataNoise.FractalAmplitudeType.Default	Default	默认		
Modifier.VertexDataNoise.FractalAmplitudeType.Manual	Manual	手动		
Modifier.VertexDataNoise.FractalAmplitudeTypeLabel	Fractal Amplitude Type	分形振幅类型		
Modifier.VertexDataNoise.FractalAmplitudeTypeTooltip	Typically each octave scales the previous octave's amplitude by the 'Gain' value. If set to manual, the amplitude at each octave can be set to a specific value. This is an advanced technique, generally not recommended, but it can be very useful in some scenarios.	通常每个倍频会把上一倍频的振幅乘以「增益」值。若设为手动，可指定每个倍频的振幅。这是进阶技巧，一般不建议使用，但在某些场景下非常有用。		
Modifier.VertexDataNoise.FractalAmplitudesLabel	Fractal Amplitudes	分形振幅		
Modifier.VertexDataNoise.FractalLacunarityType.Default	Default	默认		
Modifier.VertexDataNoise.FractalLacunarityType.Manual	Manual	手动		
Modifier.VertexDataNoise.FractalLacunarityTypeLabel	Fractal Lacunarity Type	分形间隙度类型		
Modifier.VertexDataNoise.FractalLacunarityTypeTooltip	Typically each octave of noise scales the previous octave's frequency by the 'Lacunarity' value. If set to manual, the frequency at each octave can be set to a specific value. This is an advanced technique, generally not recommended, but it can be very useful in some scenarios.	通常每个噪声倍频会把上一倍频的频率乘以「间隙度」值。若设为手动，可指定每个倍频的频率。这是进阶技巧，一般不建议使用，但在某些场景下非常有用。		
Modifier.VertexDataNoise.FractalType.Billow	Billow	浪涌		
Modifier.VertexDataNoise.FractalType.BillowPowerV1	Billow Power V1	浪涌幂 V1		
Modifier.VertexDataNoise.FractalType.BillowPowerV2	Billow Power V2	浪涌幂 V2		
Modifier.VertexDataNoise.FractalType.BillowPowerV3	Billow Power V3	浪涌幂 V3		
Modifier.VertexDataNoise.FractalType.FBM	FBM	FBM		
Modifier.VertexDataNoise.FractalType.FBMPowerV1	FBM Power V1	FBM 幂 V1		
Modifier.VertexDataNoise.FractalType.FBMPowerV2	FBM Power V2	FBM 幂 V2		
Modifier.VertexDataNoise.FractalType.FBMPowerV3	FBM Power V3	FBM 幂 V3		
Modifier.VertexDataNoise.FractalType.RigidMulti	Ridged Multi	脊状多重		
Modifier.VertexDataNoise.FractalType.RigidMultiPowerV1	Ridged Multi Power V1	脊状多重幂 V1		
Modifier.VertexDataNoise.FractalType.RigidMultiPowerV2	Ridged Multi Power V2	脊状多重幂 V2		
Modifier.VertexDataNoise.FractalType.RigidMultiPowerV3	Ridged Multi Power V3	脊状多重幂 V3		
Modifier.VertexDataNoise.FractalType.RigidMultiV2	Ridged Multi V2	脊状多重 V2		
Modifier.VertexDataNoise.FractalTypeLabel	Fractal Type	分形类型		
Modifier.VertexDataNoise.FractalTypeTooltip	For fractal-based noise, this sets the fractal type. They each behave in different, interesting ways. It's best to just experiment with each to get a feel for what they do and how the various settings affect them. Good luck!	对于基于分形的噪声，此项设定分形类型。它们各自的表现都不同而有趣。最好逐一试验，感受它们的效果以及各项设置对它们的影响。祝你好运！		
Modifier.VertexDataNoise.FractalWithDerivativeType.GDCSwiss	GDC Swiss	GDC Swiss		
Modifier.VertexDataNoise.FractalWithDerivativeType.IQSlopeErosion	IQ Slope Erosion	IQ 坡面侵蚀		
Modifier.VertexDataNoise.FractalWithDerivativeTypeLabel	Derivative Fractal Type	导数分形类型		
Modifier.VertexDataNoise.FractalWithDerivativeTypeTooltip	If using fractal-with-derivative-based noise, this sets the type used. These all behave in different and interesting ways. It's best to experiment with each to get a feel for what they do and how the various settings affect them. Good luck!	若使用基于导数的分形噪声，此项设定所用的类型。它们各自的表现都不同而有趣。最好逐一试验，感受它们的效果以及各项设置对它们的影响。祝你好运！		
Modifier.VertexDataNoise.FrequencyTooltip	The number of cycles per unit length.	每单位长度的周期数。		
Modifier.VertexDataNoise.GainTooltip	A multiplier that determines how the strength changes with each successive octave.	一个乘数，决定强度如何随每个后续倍频变化。		
Modifier.VertexDataNoise.Interpolation.Hermite	Hermite	埃尔米特		
Modifier.VertexDataNoise.Interpolation.Linear	Linear	线性		
Modifier.VertexDataNoise.Interpolation.Quintic	Quintic	五次		
Modifier.VertexDataNoise.InterpolationTooltip	The interpolation method used by the noise. Linear is the fastest and lowest quality. Quintic is the slowest and best quality.	噪声所用的插值方式。线性最快、质量最低；五次最慢、质量最好。		
Modifier.VertexDataNoise.LacunaritiesLabel	Lacunarities	间隙度		
Modifier.VertexDataNoise.LacunarityTooltip	A multiplier that determines how quickly the frequency increases for each successive octave.	决定每层倍频频率递增速度的乘数。		
Modifier.VertexDataNoise.LockSeedLabel	Lock Seed	锁定种子		
Modifier.VertexDataNoise.MapColorGradientTooltip	This is the color gradient that will be used on the brush painting flyout if a custom map is painted for this modifier.	为此修改器绘制自定义贴图时，笔刷面板中使用的颜色渐变。		
Modifier.VertexDataNoise.MapIgnoreLabel	Disable Map	禁用贴图		
Modifier.VertexDataNoise.MapIgnoreTooltip	If enabled, this will ignore any custom map that has been created (using the brush flyout) for this modifier.	启用后，将忽略为此修改器创建的任何自定义贴图（通过笔刷面板创建）。		
Modifier.VertexDataNoise.MapMaxValueLabel	Map Max Value	贴图最大值		
Modifier.VertexDataNoise.MapMaxValueTooltip	The maximum value represented by map pixel data.	贴图像素数据所表示的最大值。		
Modifier.VertexDataNoise.MapMinValueLabel	Map Min Value	贴图最小值		
Modifier.VertexDataNoise.MapMinValueTooltip	The minimum value represented by map pixel data.	贴图像素数据所表示的最小值。		
Modifier.VertexDataNoise.MapNameTooltip	The ID of the optional map for this modifier. If left blank, this brush flyout can't use this modifier to create custom painted maps. This should be a unique name within the celestial body being created.	此修改器可选贴图的 ID。留空则笔刷面板无法使用此修改器创建自定义绘制贴图。此名称在所创建的天体内应当唯一。		
Modifier.VertexDataNoise.MapNoiseCombineLabel	Map Noise Combine	贴图噪声混合		
Modifier.VertexDataNoise.MapNoiseCombineTooltip	If enabled and a cubemap is used, the regular noise will be combined with the cubemap noise. If false, only the cubemap noise value is returned.	启用并使用立方体贴图时，常规噪声会与立方体贴图噪声叠加。若关闭，则仅返回立方体贴图噪声值。		
Modifier.VertexDataNoise.MapNoiseOctaveSkipLabel	Map Noise Octave Skip	贴图噪声倍频跳过		
Modifier.VertexDataNoise.MapNoiseStrengthLabel	Map Noise Strength	贴图噪声强度		
Modifier.VertexDataNoise.MapNoiseStrengthTooltip	The strength of the noise used with a custom map.	自定义贴图所用噪声的强度。		
Modifier.VertexDataNoise.MapSampleMode.Bicubic	Bicubic	双三次		
Modifier.VertexDataNoise.MapSampleMode.Bilinear	Bilinear	双线性		
Modifier.VertexDataNoise.MapSampleModeLabel	Map Sample Mode	贴图采样模式		
Modifier.VertexDataNoise.MapSampleModeTooltip	If a custom cubemap is used, this sets the sampling mode for applying the map data to the planet. Bicubic generally looks better (not always), but it's much more expensive than Bilinear.	使用自定义立方体贴图时，此项设定将贴图数据应用到行星的采样模式。双三次通常（但不总是）效果更好，但比双线性开销大得多。		
Modifier.VertexDataNoise.MaskDataIndexDataSlotName	Mask	遮罩		
Modifier.VertexDataNoise.MaskDataIndexDataSlotTooltip	The optional data input used as a mask for this modifier. These values are typically 0 to 1 and scale the strength of the noise result.	用作此修改器遮罩的可选数据输入。这些值通常为 0 到 1，会按比例缩放噪声结果的强度。		
Modifier.VertexDataNoise.NoiseType.Cellular	Cellular	细胞		
Modifier.VertexDataNoise.NoiseType.CellularLN	Cellular (LibNoise)	细胞（LibNoise）		
Modifier.VertexDataNoise.NoiseType.Cubic	Cubic	立方		
Modifier.VertexDataNoise.NoiseType.CubicFractal	Cubic Fractal	立方分形		
Modifier.VertexDataNoise.NoiseType.None	None	无		
Modifier.VertexDataNoise.NoiseType.Perlin	Perlin	Perlin		
Modifier.VertexDataNoise.NoiseType.PerlinFractal	Perlin Fractal	Perlin 分形		
Modifier.VertexDataNoise.NoiseType.Value	Value	值		
Modifier.VertexDataNoise.NoiseType.ValueFractal	Value Fractal	值分形		
Modifier.VertexDataNoise.NoiseType.ValueFractalWithDerivative	Value Fractal With Derivative	带导数的值分形		
Modifier.VertexDataNoise.NoiseType.WhiteNoise	White Noise	白噪声		
Modifier.VertexDataNoise.NoiseTypeLabel	Noise Type	噪声类型		
Modifier.VertexDataNoise.OctavesTooltip	The number of times to run the noise, each time modifying its frequency by lacunarity and its strength by gain. More octaves can improve visuals but reduce runtime performance.	噪声的迭代次数，每次迭代按间隙度调整频率、按增益调整强度。倍频越多画面越佳，但会降低运行性能。		
Modifier.VertexDataNoise.PlanetBrushMapGroup	Planet Brush Map	行星笔刷贴图		
Modifier.VertexDataNoise.PowerExponentTooltip	The power exponent used in some noise types.	某些噪声类型使用的幂指数。		
Modifier.VertexDataNoise.SeedSyncIdLabel	Seed Sync Id	种子同步 ID		
Modifier.VertexDataNoise.SeedTooltip	The seed value for the noise. Each unique seed should produce completely unique noise for a given set of configuration values.	噪声的种子值。对于同一组配置值，每个唯一种子都应生成完全不同的噪声。		
Modifier.VertexDataNoise.SlopeErosionStrengthLabel	Slope Erosion Strength	坡面侵蚀强度		
Modifier.VertexDataNoise.SlopeErosionStrengthTooltip	The strength of the 'slope erosion' used by some noise types.	某些噪声类型使用的「坡面侵蚀」强度。		
Modifier.VertexDataNoise.StrengthLabel	Strength	强度		
Modifier.VertexDataNoise.StrengthTooltip	The amplitude of the noise.	噪声的振幅。		
Modifier.VertexDataNoise.UseDistanceLabel	Use Distance	使用距离		
Mods.Required.AuthorFormat	Author: {0}	作者：{0}		
Mods.Required.ClickToSearch	 Clicking on a mod below will search the Juno: New Origins website for that mod.	 点击下方模组将在 Juno: New Origins 网站上搜索该模组。		
Mods.Required.CodeExecution.AppendDesktop	 One or more of these mods require code execution support which is not supported by this version of the game.	 其中一个或多个模组需要代码执行支持，而此版本游戏不支持该功能。		
Mods.Required.CodeExecution.AppendMobile	 One or more of these mods require code execution support which is not supported by this device.	 其中一个或多个模组需要代码执行支持，而此设备不支持该功能。		
Mods.Required.Header.AllInstalled	Loading this item requires the following mods.	加载此项目需要以下模组。		
Mods.Required.Header.CodeExecutionOnlyDesktop	Loading this item requires the following mods, some of which require code execution support which is not supported by this version of the game.	加载此项目需要以下模组，其中一些需要代码执行支持，而此版本游戏不支持该功能。		
Mods.Required.Header.CodeExecutionOnlyMobile	Loading this item requires the following mods, some of which require code execution support which is not supported by this device.	加载此项目需要以下模组，其中一些需要代码执行支持，而此设备不支持该功能。		
Mods.Required.Header.MissingOrDisabled	Loading this item requires the following mods, some of which are not currently installed or enabled.	加载此项目需要以下模组，其中一些当前未安装或未启用。		
Mods.Required.Header.Outdated	Loading this item requires the following mods, some of which are installed but they are out of date and need updating.	加载此项目需要以下模组，其中一些已安装但已过期，需要更新。		
Mods.Required.RequiresCodeExecution	Requires Code Execution	需要代码执行		
Mods.Required.Status.Disabled	Disabled	已禁用		
Mods.Required.Status.DisabledAndOutdated	Disabled & Outdated	已禁用且已过期		
Mods.Required.Status.Installed	Installed	已安装		
Mods.Required.Status.NotInstalled	Not Installed	未安装		
Mods.Required.Status.Outdated	Outdated	已过期		
Mods.Required.Title	Mods Required	所需模组		
Mods.Required.VersionFormat	Version {0}.{1} - {2}	版本 {0}.{1} - {2}		
NoiseFlyout.AddContainerPlaceholder	Container Name	容器名称		
NoiseFlyout.AddContainerTitle	Add New Container	新建容器		
NoiseFlyout.AdvancedSettingsGroup	Advanced Settings	高级设置		
NoiseFlyout.CannotDeleteError	This element cannot be deleted.	此元素无法删除。		
NoiseFlyout.CannotDuplicateError	The selected element cannot be duplicated.	所选元素无法复制。		
NoiseFlyout.CannotMoveError	Cannot move the selection because it contains at least one element that is not compatible with the destination:	无法移动所选内容，因为它包含至少一个与目标不兼容的元素：		
NoiseFlyout.DataInputsOutputsGroup	Data Inputs / Outputs	数据输入 / 输出		
NoiseFlyout.DeleteContainerConfirmFormat	Please confirm that you want to delete the '{0}' container and all of its children.	请确认要删除「{0}」容器及其全部子项。		
NoiseFlyout.DeleteElementConfirmFormat	Please confirm that you want to delete the '{0}' element.	请确认要删除「{0}」元素。		
NoiseFlyout.DisabledWithSymbolsLabel	Disabled With Symbols	按符号禁用		
NoiseFlyout.DisabledWithSymbolsTooltip	This modifier is disabled when ANY of these symbols are defined. Use a comma-separated list of 'symbols'.\n\nCUBEMAP: Defined when the cubemap is generated for the planet (used in map view and distant viewing).\n\nEQUIRECTANGULARMAP: Defined when the equirectangular map is generated for the planet.\n\nCubemap - [MapName]: Defined when a planet brush cubemap (created with the brush flyout) exists for the planet, with [MapName] replaced by the actual name of the planet brush cubemap.	当定义了以下任意符号时，此修改器将被禁用。请使用逗号分隔的「符号」列表。\n\nCUBEMAP：为行星生成立方体贴图时定义（用于地图视图和远景查看）。\n\nEQUIRECTANGULARMAP：为行星生成等距圆柱贴图时定义。\n\nCubemap - [MapName]：行星存在行星笔刷立方体贴图（通过笔刷面板创建）时定义，其中 [MapName] 替换为该行星笔刷立方体贴图的实际名称。		
NoiseFlyout.EnabledLabel	Enabled	启用		
NoiseFlyout.EnabledWithSymbolsLabel	Enabled With Symbols	按符号启用		
NoiseFlyout.EnabledWithSymbolsTooltip	This modifier is enabled only when ALL of these symbols are defined. Use a comma-separated list of 'symbols'.\n\nCUBEMAP: Defined when the planet's cubemap is generated (used in map view and distant viewing).\n\nEQUIRECTANGULARMAP: Defined when the planet's equirectangular map is generated.\n\nCubemap - [MapName]: Defined when a planet brush cubemap (created with the brush flyout) exists for the planet, with [MapName] replaced by the brush cubemap's actual name.	仅当定义了以下全部符号时，此修改器才会启用。请使用逗号分隔的「符号」列表。\n\nCUBEMAP：生成行星的立方体贴图时定义（用于地图视图和远景查看）。\n\nEQUIRECTANGULARMAP：生成行星的等距圆柱贴图时定义。\n\nCubemap - [MapName]：行星存在行星笔刷立方体贴图（通过笔刷面板创建）时定义，其中 [MapName] 替换为笔刷立方体贴图的实际名称。		
NoiseFlyout.NameLabel	Name	名称		
NoiseFlyout.SelectElementBeforeAddError	Please select an element above before clicking the add button.	请先在上方选择一个元素，再点击添加按钮。		
NoiseFlyout.SelectElementBeforeDeleteError	Please select an element above before clicking the delete button.	请先在上方选择一个元素，再点击删除按钮。		
NoiseFlyout.SelectElementBeforeDuplicateError	Select an element before clicking the duplicate button.	请先选择一个元素，再点击复制按钮。		
NoiseFlyout.UnusedLabel	Unused	未使用		
NoiseFlyout.VisibleInBasicViewLabel	Visible in Basic View	基础视图中可见		
NoiseFlyout.VisibleInBasicViewTooltip	Toggles whether this modifier shows up in the 'Basic' view of the terrain generation flyout.	切换此修改器是否显示在地形生成面板的「基础」视图中。		
Parts.BeaconLightData.BlinkFrequency.Label	Blink Frequency	闪烁频率		
Parts.BeaconLightData.BlinkFrequency.Tooltip	The frequency of the blinking.	闪烁的频率。		
Parts.BeaconLightData.BlinkOffset.Label	Blink Offset	闪烁偏移		
Parts.BeaconLightData.BlinkOffset.Tooltip	The initial time offset value used when evaluating the current blink state of the light.	评估灯光当前闪烁状态时使用的初始时间偏移值。		
Parts.BeaconLightData.BlinkStyle.Blink	Blink	闪烁		
Parts.BeaconLightData.BlinkStyle.Custom	Custom	自定义		
Parts.BeaconLightData.BlinkStyle.DoubleBlink	Double Blink	双闪		
Parts.BeaconLightData.BlinkStyle.Label	Blink Style	闪烁样式		
Parts.BeaconLightData.BlinkStyle.LongBlink	Long Blink	长闪		
Parts.BeaconLightData.BlinkStyle.Pulse	Pulse	脉冲		
Parts.BeaconLightData.BlinkStyle.ShortBlink	Short Blink	短闪		
Parts.BeaconLightData.BlinkStyle.Steady	Steady	常亮		
Parts.BeaconLightData.BlinkStyle.Tooltip	The blinking style of the light.	灯光的闪烁样式。		
Parts.BeaconLightData.Header	Beacon Light	信标灯		
Parts.Common.HideLightBase.Tooltip	Toggles the base on/off where the light is mounted to the attached surface.	切换将灯固定到所贴表面的底座显示。		
Parts.BeaconLightData.Scale.Label	Size	尺寸		
Parts.BeaconLightData.Scale.Tooltip	Changes the overall size of the beacon.	更改信标的整体尺寸。		
Parts.BeaconLightScript.PowerConsumption.Tooltip	The power consumption of the beacon.	信标的耗电量。		
Parts.CameraVantageData.FieldOfView.Label	Field of View	视场角		
Parts.CameraVantageData.FieldOfView.Tooltip	The field of view of this camera.	此摄像机的视场角。		
Parts.CameraVantageData.FieldOfViewMax.Label	Zoomed Out Field of View	拉远时视场角		
Parts.CameraVantageData.FieldOfViewMax.Tooltip	The field of view to use when the camera is fully zoomed out.	摄像机完全拉远时使用的视场角。		
Parts.CameraVantageData.FieldOfViewMin.Label	Zoomed In Field of View	拉近时视场角		
Parts.CameraVantageData.FieldOfViewMin.Tooltip	The field of view to use when the camera is fully zoomed in.	摄像机完全拉近时使用的视场角。		
Parts.CameraVantageData.Header	Camera Vantage	摄像机视角		
Parts.CameraVantageData.HideBase.Tooltip	Toggles the visibility of the base on/off.	切换底座的显示。		
Parts.CameraVantageData.IsNight.Label	Night Vision	夜视		
Parts.CameraVantageData.IsNight.Tooltip	Toggles the night vision mode on/off.	切换夜视模式。		
Parts.CameraVantageData.LookAtCommandPod.Label	Look at Command Pod	朝指令舱观察		
Parts.CameraVantageData.LookAtCommandPod.Tooltip	Force the camera to always look directly at the command pod.	强制摄像机始终直指指令舱。		
Parts.CameraVantageData.PadPosition.Label	Pad Position	抬升位置		
Parts.CameraVantageData.PadPosition.Tooltip	Automatically move the viewpoint up by half a meter to reduce view clipping and seeing inside the craft.	自动将视点上移半米，以减少视野穿模和看到载具内部。		
Parts.CameraVantageData.Priority.Label	Priority	优先级		
Parts.CameraVantageData.Priority.Tooltip	Determines the order this camera appears in the custom camera view list. Higher priority cameras are listed first.	决定此摄像机在自定义视角列表中的顺序。优先级越高越靠前。		
Parts.CameraVantageData.Scale.Label	Size	尺寸		
Parts.CameraVantageData.Scale.Tooltip	Changes the overall size of the camera.	更改摄像机的整体尺寸。		
Parts.CameraVantageData.VariableZoom.Label	Variable Zoom	可变变焦		
Parts.CameraVantageData.VariableZoom.Tooltip	Enables smoothly changing between two FOVs based on input specified below.	根据下方指定的输入，在两个视场角之间平滑切换。		
Parts.CargoBayData.Header	Cargo Bay	货舱		
Parts.CargoBayData.HingeStyle.Clamshell	Clamshell	蚌壳式		
Parts.CargoBayData.HingeStyle.Label	Hinge Style	铰链样式		
Parts.CargoBayData.HingeStyle.Sideways	Sideways	侧开式		
Parts.CargoBayData.HingeStyle.Sliding	Sliding	滑轨式		
Parts.CargoBayData.HingeStyle.Tooltip	How the cargo bay doors open, affecting both the hinge positions and the angle.	货舱门的开启方式，同时影响铰链位置与角度。		
Parts.CargoBayData.OpenAngle.Label	Open Angle	开启角度		
Parts.CargoBayData.OpenAngle.Tooltip	The angle the cargo bay doors will open up to when activated.	激活时货舱门开启到的角度。		
Parts.CargoBayData.OpenSpeed.Label	Open Speed	开启速度		
Parts.CargoBayData.OpenSpeed.Tooltip	The speed at which the cargo bay doors will open when activated.	激活时货舱门的开启速度。		
Parts.CargoBayData.SecondaryDoorAngle.Label	Secondary Angle	副门角度		
Parts.CargoBayData.SecondaryDoorAngle.Tooltip	A multiplier to change how much the secondary door opens.	用于改变副门开启幅度的乘数。		
Parts.CargoBayData.SoundVolume.Label	Sound Volume	音量		
Parts.Common.SoundVolume.Tooltip	Changes the volume of the sound made by this part.	更改此零件所发出声音的音量。		
Parts.CargoBayData.StartOpen.Tooltip	Determines if the cargo bay doors should start out open or closed.	决定货舱门初始为开启还是关闭。		
Parts.CockpitData.Header	Cockpit	驾驶舱		
Parts.CommandPodData.AutoPilot.Aggressiveness.Tooltip	Adjusts how aggressive auto-pilot reacts to errors for the given axis.  This may need to be lowered for highly maneuverable aircraft, or oscillations will occur.	调整自动驾驶对指定轴误差的响应强度。机动性很高的载具可能需要调低此值，否则会出现振荡。		
Parts.CommandPodData.AutoPilot.Derivative.Label	Derivative	微分		
Parts.CommandPodData.AutoPilot.DescriptionLabel	Adjust these settings to fine-tune how the auto-pilot controls the craft.	调整这些设置以微调自动驾驶控制载具的方式。		
Parts.CommandPodData.AutoPilot.Header	Auto Pilot	自动驾驶		
Parts.CommandPodData.AutoPilot.Integral.Label	Integral	积分		
Parts.CommandPodData.AutoPilot.Pid.Tooltip	Auto-pilot uses a "PID" controller with 3 components: Proportional, Integral, and Derivative. Adjust them in-flight to find optimal values (View Panel->Auto-Pilot), then set them here to save with the craft.\nThe hard part of PID tuning is controlling oscillation when the craft is nearly on-target. Values should be large enough to produce the desired response rate without introducing oscillation, across a range of airspeeds. Any value, if too high, can cause oscillation.\n\nTo start tuning in flight: set integral and derivative to zero. Raise proportional until you reach the desired response rate with minimal oscillation (you may not eliminate it). Raise derivative until overshoot/oscillation is minimized. Add integral to fix any persistent error while keeping oscillation low. Tip: Display input sliders to monitor oscillation in inputs.	自动驾驶使用「PID」控制器，包含三个分量：比例、积分与微分。可在飞行中调整以找到最优值（查看面板 -> 自动驾驶），然后在此处设定，以便随载具一同保存。\nPID 调参的难点在于载具接近目标时如何抑制振荡。取值应足够大，以在各类空速下产生所需的响应速度，同时不引入振荡。任何取值若过大都可能引起振荡。\n\n开始飞行调参时：先将积分和微分设为零。逐步提高比例，直到获得所需的响应速度且振荡最小（可能无法完全消除）。再提高微分，直到超调/振荡降到最低。最后加入积分以消除持续误差，同时保持低振荡。提示：显示输入滑块，以便监视输入中的振荡。		
Parts.CommandPodData.AutoPilot.PidDerivative.Tooltip	Used to reduce overshooting/oscillations, although excessive amounts will introduce oscillation. Highly maneuverable crafts will not tolerate much if any derivative without introducing oscillation.	用于减少超调/振荡，但取值过大会反而引入振荡。高机动载具几乎无法承受任何微分值而不产生振荡。		
Parts.CommandPodData.AutoPilot.PidIntegral.Tooltip	Attempts to compensate for cases where the proportional is not sufficient to maintain the target. Not typically recommended for roll.	用于在比例不足以维持目标时进行补偿。通常不建议用于滚转。		
Parts.CommandPodData.AutoPilot.PidProportional.Tooltip	The primary value dictating how strongly the auto-pilot reacts to errors. Craft with large control lag need proportional reduced considerably below the craft's maximum rate to bring oscillation to an acceptable level.	决定自动驾驶对误差响应强度的主要数值。控制延迟大的载具需要将比例大幅降到载具最大速率以下，才能把振荡降到可接受程度。		
Parts.CommandPodData.AutoPilot.PidRange.Label	Range	范围		
Parts.CommandPodData.AutoPilot.PidRange.Tooltip	Adjusts the range of the PID sliders in the UI...does not impact flight performance.	调整界面中 PID 滑块的范围……不影响飞行性能。		
Parts.CommandPodData.AutoPilot.Pitch.Label	Pitch	俯仰		
Parts.CommandPodData.AutoPilot.Proportional.Label	Proportional	比例		
Parts.CommandPodData.AutoPilot.Roll.Label	Roll	滚转		
Parts.CommandPodData.ConfigureBattery.Label	Volume for Battery	电池占用容积		
Parts.CommandPodData.ConfigureBattery.Tooltip	Define the percentage of the available volume to use for batteries.	定义用于电池的可用容积占比。		
Parts.CommandPodData.ConfigureGyros.Label	Volume for Gyros	陀螺占用容积		
Parts.CommandPodData.ConfigureGyros.Tooltip	Define the percentage of the available volume to use for gyroscopes.	定义用于陀螺仪的可用容积占比。		
Parts.CommandPodData.CraftConfigType.Label	Configuration	配置		
Parts.CommandPodData.CraftConfigType.Plane	Plane	飞机		
Parts.CommandPodData.CraftConfigType.Rocket	Rocket	火箭		
Parts.CommandPodData.CraftConfigType.Tooltip	Changes a craft's configuration, which drives various functions such as pilot orientation, rotation when certain parts are pulled out, and some default part settings.	更改载具的配置，它决定诸多功能，如驾驶员朝向、拆出某些零件时的旋转，以及部分零件的默认设置。		
Parts.CommandPodData.Header	Command	指令		
Parts.CommandPodData.PrimaryButton.Label	Set Primary	设为主要		
Parts.CommandPodData.PrimaryButton.Tooltip	Assigns this as the craft's primary command pod, which controls all parts except those added from a previously made subassembly that included its own command pod.\nNote: The primary command pod cannot be deleted.	将此指令舱设为载具的主要指令舱，它控制所有零件，但由先前制作的、自带指令舱的组件所添加的零件除外。\n注意：主要指令舱无法删除。		
Parts.CommandPodData.ReorientCraftOnConfigChange.Label	Reorient On Config Change	配置变更时重定向		
Parts.CommandPodData.ReorientCraftOnConfigChange.Tooltip	If enabled, the craft in the designer rotates when the configuration type changes (Plane/Rocket). Disable this if a craft is already oriented correctly but needs its configuration type changed. This option doesn't affect flight operation.	启用后，配置类型（飞机/火箭）改变时设计器中的载具会重新定向。如果载具朝向已经正确、只需更改配置类型，请禁用此项。此选项不影响飞行操作。		
Parts.CommandPodData.ReplicateActivationGroups.All	All	全部		
Parts.CommandPodData.ReplicateActivationGroups.Changes	Changes	变更		
Parts.CommandPodData.ReplicateActivationGroups.Label	Replicate AG	同步 AG		
Parts.CommandPodData.ReplicateActivationGroups.None	None	无		
Parts.CommandPodData.ReplicateActivationGroups.Tooltip	Determines how this command pod will replicate activation groups from the active command pod when this pod isn't active.	决定此指令舱在非活动状态下如何同步活动指令舱的激活组。		
Parts.CommandPodData.ReplicateControls.Header	Control Settings	控制设置		
Parts.CommandPodData.ReplicateControls.Label	Replicate Commands	同步指令		
Parts.CommandPodData.ReplicateControls.Tooltip	Determines whether this command pod will replicate inputs from the active pod when this command pod isn't active.	决定此指令舱在非活动状态下是否同步活动指令舱的输入。		
Parts.CommandPodData.ReplicateStageActivations.Label	Replicate Stage Act	同步分级激活		
Parts.CommandPodData.ReplicateStageActivations.Tooltip	Determines whether this command pod will replicate stage activations from the active pod when this command pod isn't active.	决定此指令舱在非活动状态下是否同步活动指令舱的分级激活。		
Parts.ConfigData.AddFlightProgramButton.Label	Add Flight Program	添加飞行程序		
Parts.ConfigData.AddFlightProgramButton.Tooltip	Adds a flight program to this part.	为此零件添加飞行程序。		
Parts.ConfigData.AutoActivateIfNoStageOrActivationGroup.Label	Autoactivation	自动激活		
Parts.ConfigData.AutoActivateIfNoStageOrActivationGroup.Tooltip	Automatically activates the part if it isn't assigned to any Activation Group or Stage.	如果未分配到任何激活组或分级，则自动激活该零件。		
Parts.ConfigData.BuoyancyUserScale.Label	Buoyancy	浮力		
Parts.ConfigData.BuoyancyUserScale.Tooltip	Changes how buoyant the part is in water.	更改此零件在水中的浮力。		
Parts.ConfigData.CastShadows.Label	Cast shadows	投射阴影		
Parts.ConfigData.CastShadows.Tooltip	Define if the part group should cast shadows on other parts and the terrain while in flight.	定义零件组在飞行中是否对其它零件和地形投射阴影。		
Parts.ConfigData.ChangeCommandPod.Label	Change Command Pod	更改指令舱		
Parts.ConfigData.ChangeCommandPod.Tooltip	Change the command pod that controls this part.	更改控制此零件的指令舱。		
Parts.ConfigData.DescriptionLabel.CareerDisabled	These are advanced settings that aren't fully supported, so we've disabled them in Career Mode. Use them in a Sandbox game instead.	这些高级设置未获得完全支持，因此我们在生涯模式中禁用了它们。请在沙盒游戏中使用。		
Parts.ConfigData.DescriptionLabel.NotEnabled	These are extra advanced settings and are not fully supported, but they are fun to tinker with so we included them. Use at your own risk!	这些额外的高级设置未获得完全支持，但玩起来挺有意思，所以我们保留了它们。使用风险自负！		
Parts.ConfigData.DescriptionLabel.TinkerEnabled	These settings are not fully supported. Use at your own risk!	这些设置未获得完全支持。使用风险自负！		
Parts.ConfigData.DragScale.Label	Drag Scale	阻力系数		
Parts.ConfigData.DragScale.Tooltip	Changes this part's contribution to the craft's overall drag force.	更改此零件对载具整体阻力的贡献。		
Parts.ConfigData.Explosiveness.Label	Explosiveness	爆炸性		
Parts.ConfigData.Explosiveness.Tooltip	Changes how much explosiveness this part has.	更改此零件的爆炸性大小。		
Parts.ConfigData.FuelLine.Label	Fuel Line	燃料管路		
Parts.ConfigData.FuelLine.Tooltip	Allow connected engines to search this part and its connected parts for fuel tanks.	允许相连的引擎在此零件及其相连零件中查找燃料箱。		
Parts.ConfigData.Header	Additional Settings	附加设置		
Parts.ConfigData.HeatShieldScale.Label	Heat Shield	隔热层		
Parts.ConfigData.HeatShieldScale.Tooltip	A heat shield layer that prevents heat damage until it gets depleted.	一层隔热层，在耗尽前可防止热损伤。		
Parts.ConfigData.IncludeInDrag.Label	Include in Drag	计入阻力		
Parts.ConfigData.IncludeInDrag.Tooltip	Determines whether to include this part in the drag model.	决定是否将此零件计入阻力模型。		
Parts.ConfigData.InertiaTensorUserScale.Label	Stability Modifier	稳定性修正		
Parts.ConfigData.InertiaTensorUserScale.Tooltip	Increase to strengthen wobbly movable joints. Increase slowly, only as much as needed for stability, since it can dramatically slow rotation or cause other issues if raised too much. Note: it doesn't matter which part in a group is adjusted; values are summed across the group and applied to it as a whole.	调高可增强松动的可动关节。请缓慢调高，只调到稳定所需的程度，因为调得过高会大幅减慢旋转或引发其它问题。注意：调整组内哪个零件无关紧要；数值会在整组内求和并整体应用。		
Parts.ConfigData.MassScale.Label	Mass Scale	质量系数		
Parts.ConfigData.MassScale.Tooltip	Handy way to trick the laws of physics and increase or decrease the mass of this part.	一种巧妙规避物理定律、增大或减小此零件质量的方法。		
Parts.ConfigData.MaxTemperature.Label	Max Temperature	最高温度		
Parts.ConfigData.MaxTemperature.Tooltip	The maximum temperature, in Kelvin, that this part can withstand before taking heat damage or depleting its heat shield.	此零件在受到热损伤或耗尽隔热层之前所能承受的最高温度（开尔文）。		
Parts.ConfigData.Occlusion.Always	Always	始终		
Parts.ConfigData.Occlusion.Auto	Auto	自动		
Parts.ConfigData.Occlusion.Label	Occlusion	遮挡		
Parts.ConfigData.Occlusion.Never	Never	从不		
Parts.ConfigData.Occlusion.Tooltip	Changes how the part's occlusion state is calculated. Some parts won't function if occluded, such as wings and inlets. Auto calculates whether the part is occluded by surrounding parts. Always treats the part as occluded. Never treats it as not occluded.	更改此零件遮挡状态的计算方式。某些零件被遮挡后无法正常工作，例如机翼和进气道。自动：计算该零件是否被周围零件遮挡。始终：将该零件视为已遮挡。从不：将该零件视为未遮挡。		
Parts.ConfigData.PartCollisionHandling.Always	Always	始终		
Parts.ConfigData.PartCollisionHandling.AutoDisablePerCollider	Auto (per collider)	自动（按碰撞体）		
Parts.ConfigData.PartCollisionHandling.AutoDisablePerPart	Auto (per part)	自动（按零件）		
Parts.ConfigData.PartCollisionHandling.Default	Default	默认		
Parts.ConfigData.PartCollisionHandling.Label	Part Collisions	零件碰撞		
Parts.ConfigData.PartCollisionHandling.Never	Never	从不		
Parts.ConfigData.PartCollisionHandling.Tooltip	Determines how collisions are handled when two parts bump into each other.	决定两个零件相撞时如何处理碰撞。		
Parts.ConfigData.PartCollisionResponse.Default	Default	默认		
Parts.ConfigData.PartCollisionResponse.DisconnectOnly	Disconnect Only	仅断开		
Parts.ConfigData.PartCollisionResponse.Label	Collision Response	碰撞响应		
Parts.ConfigData.PartCollisionResponse.None	None	无		
Parts.ConfigData.PartCollisionResponse.Tooltip	Determines how this part reacts when it takes a solid hit.	决定此零件受到猛烈撞击时的反应。		
Parts.ConfigData.PartIdLabel.Format	Part: {0}, Group: {1}	零件：{0}，组：{1}		
Parts.ConfigData.PartScaleMagnitude.Label	Part Scale	零件尺寸		
Parts.ConfigData.PartScaleMagnitude.Tooltip	Changes the part's size. This can cause odd behavior, so for parts with a dedicated size setting or tool, we recommend using that instead.	更改零件的尺寸。这可能引发异常行为，因此对于有专用尺寸设置或工具的零件，建议改用该设置。		
Parts.ConfigData.PreventDebris.Label	Prevent Debris	防止残骸		
Parts.ConfigData.PreventDebris.Tooltip	Prevent this part (and connected parts) from being automatically removed when separated from the player's craft.	防止此零件（及相连零件）在与玩家载具分离后被自动移除。		
Parts.ConfigData.PriceScale.Label	Price Scale	价格系数		
Parts.ConfigData.PriceScale.Tooltip	Handy way to adjust the cost of this part to fit your budget.	一种便于调整此零件造价以适配预算的方法。		
Parts.ConfigData.RenderQueue.BeforeDepthMask	Before Depth Mask	深度遮罩之前		
Parts.ConfigData.RenderQueue.Default	Default	默认		
Parts.ConfigData.RenderQueue.Label	Render Queue	渲染队列		
Parts.ConfigData.RenderQueue.Tooltip	The render queue for the part. Rendering before the depth mask lets some parts be visible inside cockpits where they otherwise wouldn't be. Transparent objects may not display correctly.	此零件的渲染队列。在深度遮罩之前渲染，可让某些零件在驾驶舱内可见，否则将看不到。透明对象可能显示不正确。		
Parts.ConfigData.RenderQueue.Transparent	Transparent	透明		
Parts.ConfigData.ShowHiddenPartProperties.Label	Show Advanced Properties	显示高级属性		
Parts.ConfigData.StageActivationType.Detacher	Detacher	分离器		
Parts.ConfigData.StageActivationType.Engine	Engine	引擎		
Parts.ConfigData.StageActivationType.Fairing	Fairing	整流罩		
Parts.ConfigData.StageActivationType.Label	Stage Activation	分级激活		
Parts.ConfigData.StageActivationType.LandingLeg	Landing Leg	起落架		
Parts.ConfigData.StageActivationType.None	None	无		
Parts.ConfigData.StageActivationType.Parachute	Parachute	降落伞		
Parts.ConfigData.StageActivationType.Payload	Payload	载荷		
Parts.ConfigData.StageActivationType.Tooltip	Changes the current stage activation type of the part.	更改零件当前的分级激活类型。		
Parts.ConfigData.SupportsTransparency.Label	Supports Transparency	支持透明		
Parts.ConfigData.SupportsTransparency.Tooltip	When enabled, this part responds to transparent materials. Note this can make some parts render in strange and mysterious ways, so use with caution.	启用后，此零件会响应透明材质。请注意，这可能让某些零件以奇怪的方式渲染，请谨慎使用。		
Parts.ConfigData.TinkerPanelEnabled.Header	Tinker Panel	调试面板		
Parts.ConfigData.TinkerPanelEnabled.Label	Enabled	启用		
Parts.ConfigData.TinkerPanelUpgradeLabel.Format	Upgrade to the {0} to unlock the Tinker Panel.	升级到 {0} 以解锁调试面板。		
Parts.ConfigData.ViewCommandPod.Label	View Command Pod	查看指令舱		
Parts.ConfigData.ViewCommandPod.Tooltip	View the command pod that controls this part.	查看控制此零件的指令舱。		
Parts.ConfigData.XmlEditButton.Label	Edit Hidden Properties	编辑隐藏属性		
Parts.ConfigData.XmlEditButton.Tooltip	Opens a window that shows all the parameters in the different modifiers found in the part, with all its available parameters.	打开一个窗口，显示此零件中各个修改器的全部参数及其全部可用参数。		
Parts.ControlSurfaceData.Axes.Label	Axes	轴		
Parts.ControlSurfaceData.DeflectionSpeed.Label	Deflection Speed	偏转速度		
Parts.ControlSurfaceData.DeflectionSpeed.Tooltip	The speed that the control surface deflects.	操纵面偏转的速度。		
Parts.ControlSurfaceData.DesignerAutoAxesInfo.Label	Axes	轴		
Parts.ControlSurfaceData.Header	Control Surface	操纵面		
Parts.ControlSurfaceData.Input.Label	Input	输入		
Parts.Common.Invert.Label	Invert	反转		
Parts.ControlSurfaceData.Invert.Tooltip	If enabled, the deflection angle of the control surface will be inverted.	启用后，操纵面的偏转角将被反转。		
Parts.Common.InvertOnMirror.Label	Invert on Mirror	镜像时反转		
Parts.Common.InvertOnMirror.Tooltip	If enabled, then the Invert setting will be flipped when the part is mirrored to the other side.	启用后，当零件镜像到另一侧时，反转设置会被翻转。		
Parts.ControlSurfaceData.MaxDeflectionDegree.Label	Deflection Angle	偏转角		
Parts.ControlSurfaceData.MaxDeflectionDegree.Tooltip	The max amount of angle the control surface can deflect.	操纵面能够偏转的最大角度。		
Parts.ControlSurfaceData.SingleAxisWhenAuto.Label	Single Axis	单轴		
Parts.CoverEngineData.CoverEngine.Label	Cover Engine	罩住引擎		
Parts.CoverEngineData.CoverEngine.Tooltip	Determines if this part should automatically try to resize itself to cover an engine when connected to the same spot on a fuel tank.	决定当此零件连接到燃料箱同一位置时，是否自动调整自身尺寸以罩住引擎。		
Parts.CrewCompartmentData.CapacityLabel.Format	Capacity: {0}, Available: {1}	容量：{0}，可用：{1}		
Parts.CrewCompartmentData.Header	Crew Compartment	乘员舱		
Parts.CrewCompartmentScript.CancelMove	Cancel Move	取消移动		
Parts.CrewCompartmentScript.Crew	Crew	乘员		
Parts.CrewCompartmentScript.CurrentGs	Current Gs	当前 G 值		
Parts.CrewCompartmentScript.CurrentGs.Tooltip	The G forces experienced by {0}	{0} 所承受的 G 力		
Parts.CrewCompartmentScript.Enter	Enter	进入		
Parts.CrewCompartmentScript.EnterCompartment.Tooltip	Press this button to board the crew compartment. You must be within range.	按下此按钮登上乘员舱。你必须位于有效范围内。		
Parts.CrewCompartmentScript.Eva.Tooltip	EVA	EVA		
Parts.CrewCompartmentScript.Full	Full	已满		
Parts.CrewCompartmentScript.MaxPressure	Max Pressure	最大压力		
Parts.CrewCompartmentScript.MaxPressure.Tooltip	The maximum pressure the part can support before taking damage.	此零件在受损前能承受的最大压力。		
Parts.CrewCompartmentScript.MinPressure	Min Pressure	最小压力		
Parts.CrewCompartmentScript.MinPressure.Tooltip	The minimum pressure the part can support before taking damage.	此零件在受损前能承受的最小压力。		
Parts.CrewCompartmentScript.Move.Tooltip	Move to another crew compartment	移动到另一个乘员舱		
Parts.CrewCompartmentScript.MoveHere	Move Here	移到这里		
Parts.CrewCompartmentScript.TooFarAway	Too Far Away	距离过远		
Parts.CrossFeedData.Header	Fuel Cross Feed	燃料交叉输送		
Parts.CrossFeedData.Mode.Disabled	Disabled	已禁用		
Parts.CrossFeedData.Mode.Equalize	Equalize	均衡		
Parts.CrossFeedData.Mode.Label	Fuel Transfer Mode	燃料输送模式		
Parts.CrossFeedData.Mode.Normal	Normal	正常		
Parts.CrossFeedData.Mode.Reversed	Reversed	反向		
Parts.CrossFeedData.Mode.Tooltip	Allows for automatic transfer of fuel between the connected fuel tanks.	允许在相连的燃料箱之间自动输送燃料。		
Parts.CurveInputData.Amplitude.Tooltip	The amplitude of the curve.	曲线的振幅。		
Parts.CurveInputData.Frequency.Tooltip	The frequency of the curve.	曲线的频率。		
Parts.CurveInputData.Header	Curve Input	曲线输入		
Parts.Common.IgnorePartActivationState.Label	Ignore Part Activation State	忽略零件激活状态		
Parts.CurveInputData.IgnorePartActivationState.Tooltip	If true, the part does not need to be active for the curve to be updated.	若为真，则无需零件处于激活状态即可更新曲线。		
Parts.Common.Keyframes.Label	Keyframes	关键帧		
Parts.Common.Keyframes.Tooltip	Keyframes should be separated by the '|' character, with each keyframe having values separated by the ',' character. A keyframe should define a time value and an output value. Optionally, the keyframe may specify a third value that defines the incoming and outgoing tangents, or a third and fourth value that define the incoming and outgoing tangents respectively. Example: 0.0,0.0|0.5,1.0|1.0,0.0	关键帧应以「|」字符分隔，每个关键帧的各值以「,」字符分隔。关键帧应定义一个时间值和一个输出值。可选地，关键帧还可指定第三个值来定义进出切线，或指定第三个和第四个值分别定义进入和离开切线。示例：0.0,0.0|0.5,1.0|1.0,0.0		
Parts.CurveInputData.Offset.Tooltip	The initial time offset value used when the curve is created.	创建曲线时使用的初始时间偏移值。		
Parts.Common.Style.Label	Style	样式		
Parts.CurveInputData.Style.Tooltip	The style of the curve.	曲线的样式。		
Parts.CurveInputData.UpdateInWarp.Label	Update In Warp	时间加速时更新		
Parts.CurveInputData.UpdateInWarp.Tooltip	If enabled, the curve will continue to update in warp mode. If disabled, the current time of the curve will remain unchanged while warp mode is active.	启用后，曲线在时间加速模式下仍会继续更新。禁用后，时间加速模式激活期间曲线的当前时间保持不变。		
Parts.CurveInputData.UseUnscaledTime.Label	Use Unscaled Time	使用未缩放时间		
Parts.CurveInputData.UseUnscaledTime.Tooltip	If enabled, unscaled time will be used when updating the curve every frame. This is the time delta between this frame and the last frame, ignoring the effects of fast forward, slow motion, and warp mode.	启用后，每帧更新曲线时将使用未缩放时间，即本帧与上一帧之间的时间差，忽略快进、慢动作和时间加速模式的影响。		
Parts.Common.WrapMode.Label	Wrap Mode	环绕模式		
Parts.CurveInputData.WrapMode.Tooltip	Determines how the curve is evaluated when the time value extends beyond the extents of the curve.	决定当时间值超出曲线范围时如何计算曲线。		
Parts.DecalData.Header	Decal	贴花		
Parts.DecalData.MaterialB.Label	Material 3	材质 3		
Parts.DecalData.MaterialB.Tooltip	The third part material trim level assigned to the texture. This is assigned to the blue channel of the decal texture.	分配给贴图的第三个零件材质装饰等级。它对应贴花纹理的蓝色通道。		
Parts.DecalData.MaterialG.Label	Material 2	材质 2		
Parts.DecalData.MaterialG.Tooltip	The second part material trim level assigned to the texture. This is assigned to the green channel of the decal texture.	分配给贴图的第二个零件材质装饰等级。它对应贴花纹理的绿色通道。		
Parts.DecalData.MaterialR.Label	Material 1	材质 1		
Parts.DecalData.MaterialR.Tooltip	The first part material trim level assigned to the texture. This is assigned to the red channel of the decal texture.	分配给贴图的第一个零件材质装饰等级。它对应贴花纹理的红色通道。		
Parts.DecalData.MaterialSourceColor.Label	Material	材质		
Parts.DecalData.MaterialSourceColor.Tooltip	The part material trim level used to paint the part when the source color option is enabled. Painting the part won't affect the color, but it does apply the other material settings.	启用源颜色选项时用于涂装零件的材质装饰等级。涂装零件不会改变颜色，但会应用其它材质设置。		
Parts.DecalData.OffsetX.Label	Offset X	X 偏移		
Parts.DecalData.OffsetX.Tooltip	The offset of the decal texture on the x-axis.	贴花纹理在 X 轴上的偏移。		
Parts.DecalData.OffsetY.Label	Offset Y	Y 偏移		
Parts.DecalData.OffsetY.Tooltip	The offset of the decal texture on the y-axis.	贴花纹理在 Y 轴上的偏移。		
Parts.DecalData.Path.Label	Decal	贴花		
Parts.DecalData.Path.Tooltip	The decal texture to use.	要使用的贴花纹理。		
Parts.DecalData.TilingX.Label	Tiling X	X 平铺		
Parts.DecalData.TilingX.Tooltip	The tiling of the decal texture on the x-axis.	贴花纹理在 X 轴上的平铺次数。		
Parts.DecalData.TilingY.Label	Tiling Y	Y 平铺		
Parts.DecalData.TilingY.Tooltip	The tiling of the decal texture on the y-axis.	贴花纹理在 Y 轴上的平铺次数。		
Parts.DecalData.UseSourceColor.Label	Use Source Color	使用源颜色		
Parts.DecalData.UseSourceColor.Tooltip	If enabled, the source color of the texture will be used as is rather than as a part material mask.	启用后，将直接使用纹理的源颜色，而不是作为零件材质遮罩。		
Parts.DetacherData.Force.Label	Detachment Force	分离力		
Parts.DetacherData.Force.Tooltip	The percentage of maximum force to apply when detaching.	分离时施加的最大力的百分比。		
Parts.DetacherData.Header	Interstage	级间段		
Parts.DetacherData.Scale.Label	Size	尺寸		
Parts.DetacherData.Scale.Tooltip	Defines the scale of the detacher.	定义分离器的尺寸。		
Parts.DockingPort.Status.Disabled	Disabled	已禁用		
Parts.DockingPort.Status.Docked	Docked	已对接		
Parts.DockingPort.Status.DockingFormat	Docking ({0})	对接中 ({0})		
Parts.DockingPort.Status.Ready	Ready	就绪		
Parts.DockingPort.Status.Undocking	Undocking	解除对接中		
Parts.DockingPort.Status.Welded	Welded	已焊接		
Parts.DockingPortData.Camera.Label	Camera	摄像机		
Parts.DockingPortData.Camera.Tooltip	Includes the built-in camera on the docking port. Turning it off removes the camera entirely, which is slightly cheaper to run.	包含对接端口上的内置摄像机。关闭会彻底移除摄像机，运行开销略低。		
Parts.DockingPortData.Header	Docking Port	对接端口		
Parts.DockingPortData.MagnetForce.Label	Magnet Strength	磁力强度		
Parts.DockingPortData.MagnetForce.Tooltip	Changes how strong the magnet in the docking port is to make docking easier, at a higher cost.	更改对接端口磁铁的强度，使对接更容易，但成本更高。		
Parts.DockingPortData.Scale.Label	Size	尺寸		
Parts.DockingPortData.Scale.Tooltip	Changes the overall size of the docking port.	更改对接端口的整体尺寸。		
Parts.DockingPortScript.MagneticForce	Magnetic Force	磁力		
Parts.DockingPortScript.OvertimePowerBoost	Overtime Power Boost:	额外功率加成：		
Parts.DockingPortScript.Status	Status	状态		
Parts.DockingPortScript.Undock.Tooltip	Undock	解除对接		
Parts.DockingPortScript.Weld	Weld	焊接		
Parts.ElectricMotorData.BrakeTorque.Tooltip	Changes the torque that the brake applies.	更改制动器施加的扭矩。		
Parts.ElectricMotorData.Header	Electric Motor	电动机		
Parts.ElectricMotorData.Rpm.Label	RPM Clamp	RPM 限幅		
Parts.ElectricMotorData.Rpm.Tooltip	Sets a clamp for the RPM, so if the engine has an excess of torque it doesn't rip itself apart.	设置 RPM 上限，这样即使电机扭矩过剩也不会把自己扯散。		
Parts.ElectricMotorData.Scale.Label	Size	尺寸		
Parts.ElectricMotorData.Scale.Tooltip	Changes the overall size of the motor.	更改电动机的整体尺寸。		
Parts.ElectricMotorData.SoundVolume.Label	Sound Volume	音量		
Parts.ElectricMotorData.StaticResistance.Label	Static Resistance	静态阻尼		
Parts.ElectricMotorData.StaticResistance.Tooltip	How much the motor resists free-spin.	电动机对自由旋转的阻碍程度。		
Parts.ElectricMotorData.ThrottleGovernorEnabled.Label	Throttle Governor	油门调速器		
Parts.ElectricMotorData.ThrottleGovernorEnabled.Tooltip	If enabled, the motor's throttle input acts as an RPM selector, and throttle is adjusted to maintain the desired RPM (as long as the motor is powerful enough).	启用后，电动机的油门输入作为 RPM 选择器，并自动调节油门以维持目标 RPM（前提是电动机足够强劲）。		
Parts.ElectricMotorData.Torque.Label	Torque	扭矩		
Parts.ElectricMotorData.Torque.Tooltip	Changes the torque that the motor applies.	更改电动机施加的扭矩。		
Parts.ElectricMotorOldData.Header	Electric Motor Old	旧版电动机		
Parts.ElectricMotorOldData.Rpm.Label	RPM	RPM		
Parts.ElectricMotorOldData.Rpm.Tooltip	Changes the target rotations per minute (RPM).	更改目标转速（RPM）。		
Parts.ElectricMotorOldData.Scale.Label	Size	尺寸		
Parts.ElectricMotorOldData.SoundVolume.Label	Sound Volume	音量		
Parts.ElectricMotorScript.CurrentRpm	Current RPM	当前 RPM		
Parts.ElectricMotorScript.PowerConsumption.Tooltip	The power consumption of the motor.	电动机的耗电量。		
Parts.ElectricMotorScript.RpmClamp	RPM Clamp	RPM 限幅		
Parts.ElectricMotorScript.RpmGovernor	RPM Governor	RPM 调速器		
Parts.ElectricMotorScript.TargetRpm	Target RPM	目标 RPM		
Parts.EngineData.FuelConsumptionScale.Label	Max Thrust	最大推力		
Parts.EngineData.FuelConsumptionScale.Tooltip	Allows increasing the maximum thrust of the engine at the cost of higher fuel consumption.	允许以提高燃料消耗为代价，增大引擎的最大推力。		
Parts.EngineData.FuelType.Label	Fuel Type	燃料类型		
Parts.EngineData.FuelType.Tooltip	The propellant this engine runs on. Different propellants trade thrust against fuel efficiency.	此引擎使用的推进剂。不同推进剂在推力与燃料效率之间各有取舍。		
Parts.EngineData.GimbalRange.Label	Gimbal Range	矢量摆动范围		
Parts.EngineData.GimbalRange.Tooltip	The maximum allowable range that the engine can rotate to assist in controlling the craft's attitude. Setting to zero will disable gimbaling.	引擎为辅助控制载具姿态而能转动的最大允许范围。设为零将禁用矢量摆动。		
Parts.EngineData.Header	Engine	引擎		
Parts.EngineData.Scale.Label	Size	尺寸		
Parts.EngineData.Scale.Tooltip	Defines the scale of the engine.	定义引擎的尺寸。		
Parts.Eva.CrewCompartmentFullFormat	The crew compartment is full of {0} astronauts	乘员舱已满载 {0} 名宇航员		
Parts.Eva.CrewCompartmentNoRoom	<color="red">The crew compartment has no room for astronauts.</color>	<color="red">乘员舱没有容纳宇航员的空间。</color>		
Parts.EvaChairData.BottomHeader	Bottom	底部		
Parts.EvaChairData.ForwardLook.Label	Forward Look	前向注视		
Parts.EvaChairData.ForwardLook.Tooltip	A slider forcing the drood in the chair to look forward.	强制座椅上的 Drood 面朝前方的滑块。		
Parts.EvaChairData.Header	Chair	座椅		
Parts.EvaChairData.LeftElbow.Label	Left Elbow	左肘		
Parts.EvaChairData.LeftFoot.Label	Left Foot	左脚		
Parts.EvaChairData.LeftFootBend.Label	Left Knee	左膝		
Parts.EvaChairData.LeftFootBend.Tooltip	The ID of the part to be targeted for the left knee's position	作为左膝位置目标的零件 ID		
Parts.EvaChairData.LeftFootTarget.Label	Left Foot	左脚		
Parts.EvaChairData.LeftFootTarget.Tooltip	The ID of the part to be targeted for the left foot's position and rotation	作为左脚位置与旋转目标的零件 ID		
Parts.EvaChairData.LeftHand.Label	Left Hand	左手		
Parts.EvaChairData.LeftHandBend.Label	Left Elbow	左肘		
Parts.EvaChairData.LeftHandBend.Tooltip	The ID of the part to be targeted for the left elbow's position	作为左肘位置目标的零件 ID		
Parts.EvaChairData.LeftHandTarget.Label	Left Hand	左手		
Parts.EvaChairData.LeftHandTarget.Tooltip	The ID of the part to be targeted for the left hand's position and rotation	作为左手位置与旋转目标的零件 ID		
Parts.EvaChairData.LeftKnee.Label	Left Knee	左膝		
Parts.EvaChairData.LimbOnPart.Format	{0} on Part {1}	{0} 在零件 {1} 上		
Parts.EvaChairData.RightElbow.Label	Right Elbow	右肘		
Parts.EvaChairData.RightFoot.Label	Right Foot	右脚		
Parts.EvaChairData.RightFootBend.Label	Right Knee	右膝		
Parts.EvaChairData.RightFootBend.Tooltip	The ID of the part to be targeted for the right knee's position	作为右膝位置目标的零件 ID		
Parts.EvaChairData.RightFootTarget.Label	Right Foot	右脚		
Parts.EvaChairData.RightFootTarget.Tooltip	The ID of the part to be targeted for the right foot's position and rotation	作为右脚位置与旋转目标的零件 ID		
Parts.EvaChairData.RightHand.Label	Right Hand	右手		
Parts.EvaChairData.RightHandBend.Label	Right Elbow	右肘		
Parts.EvaChairData.RightHandBend.Tooltip	The ID of the part to be targeted for the right elbow's position	作为右肘位置目标的零件 ID		
Parts.EvaChairData.RightHandTarget.Label	Right Hand	右手		
Parts.EvaChairData.RightHandTarget.Tooltip	The ID of the part to be targeted for the right hand's position and rotation	作为右手位置与旋转目标的零件 ID		
Parts.EvaChairData.RightKnee.Label	Right Knee	右膝		
Parts.EvaChairData.SnapRange.Label	Snap Range	吸附范围		
Parts.EvaChairData.SnapRange.Tooltip	The distance at which a limb will snap back to the rest position and forget what it was trying to grab.	肢体弹回静止姿态并忘记其抓取目标的距离。		
Parts.EvaChairData.TopHeader	Top	顶部		
Parts.EvaData.Header	Crew Member	乘员		
Parts.EvaData.JetpackPowerScalar.Label	Jetpack Power	喷气背包动力		
Parts.EvaData.JumpPowerScalar.Label	Jump Power	跳跃力		
Parts.EvaData.SeparatorLabel	The settings below can also be changed during flight	以下设置也可在飞行中更改		
Parts.EvaScript.CancelTransfer	Cancel Transfer	取消转移		
Parts.EvaScript.CrewInfo	Crew Info	乘员信息		
Parts.EvaScript.Eva	EVA	EVA		
Parts.EvaScript.GrapplingHook	Grappling Hook	抓钩		
Parts.EvaScript.Gs	Gs	G 值		
Parts.EvaScript.Jetpack	Jetpack	喷气背包		
Parts.EvaScript.JetpackFuel	Jetpack Fuel	喷气背包燃料		
Parts.EvaScript.JetpackPower	Jetpack Power	喷气背包动力		
Parts.EvaScript.JumpPower	Jump Power	跳跃力		
Parts.EvaScript.Name	Name	名称		
Parts.EvaScript.Running	Running	运行中		
Parts.EvaScript.TakeControl	Take Control	接管控制		
Parts.EvaScript.Transfer	Transfer	转移		
Parts.EvaScript.Transfer.Tooltip	Transfer to a crew compartment	转移到乘员舱		
Parts.FairingData.JettisonSpin.Label	Jettison Spin	抛离自旋		
Parts.FairingData.JettisonSpin.Tooltip	The angular speed at which the fairings will spin after being jettisoned. It's to make them look cool when they are jettisoned. For fun.	整流罩被抛离后的自旋角速度。这是为了让它们抛离时看起来更酷。纯属好玩。		
Parts.FairingData.JettisonVelocity.Label	Jettison Speed	抛离速度		
Parts.FairingData.JettisonVelocity.Tooltip	The speed at which the fairings are jettisoned away from the craft.	整流罩脱离载具抛出的速度。		
Parts.FlightProgramData.EditFlightProgramButton.Label	Edit Flight Program	编辑飞行程序		
Parts.FlightProgramData.EditFlightProgramButton.Tooltip	Edit this part's flight program.	编辑此零件的飞行程序。		
Parts.FlightProgramData.Header	Flight Program	飞行程序		
Parts.FlightProgramData.MaxInstructionsPerFrame.Label	Instructions per Frame	每帧指令数		
Parts.FlightProgramData.MaxInstructionsPerFrame.Tooltip	Increasing it lets the program run more instructions per frame. Increasing the slider will greatly increase the power consumption.	调高可让程序每帧执行更多指令。调高滑块会大幅增加耗电量。		
Parts.FlightProgramData.OutputToDevConsole.Label	Output to Dev Console	输出到开发者控制台		
Parts.FlightProgramData.OutputToDevConsole.Tooltip	If enabled, log messages generated by this program will be redirected to the Dev Console.	启用后，此程序生成的日志消息将重定向到开发者控制台。		
Parts.FlightProgramScript.ClearLog	Clear Log	清除日志		
Parts.FlightProgramScript.Header	Flight Program	飞行程序		
Parts.FlightProgramScript.Log	Log	日志		
Parts.FlightProgramScript.LogTitleFormat	Log - {0} #{1}	日志 - {0} #{1}		
Parts.FlightProgramScript.OutOfBattery	Your vizzy program has run out of juice, charge your batteries for it to resume its program.	你的 Vizzy 程序电量耗尽，请为电池充电以让它恢复运行。		
Parts.FlightProgramScript.OutOfBatteryEllipsis	...	……		
Parts.FlightProgramScript.OutOfBatteryShort	Out of battery.	电量耗尽。		
Parts.FlightProgramScript.OutputDevConsole	Output Dev Console	输出开发者控制台		
Parts.FlightProgramScript.Paused	Paused.	已暂停。		
Parts.FlightProgramScript.Thread	Thread {0}	线程 {0}		
Parts.FlightProgramScript.Threads	Threads	线程		
Parts.FlightProgramScript.ThreadStatus.Running	Running...	运行中……		
Parts.FlightProgramScript.ThreadStatus.Stopped	Stopped.	已停止。		
Parts.FlightProgramScript.ViewLog	View Log	查看日志		
Parts.FuelTankData.AutoFuelType.Label	Auto Select Fuel Type	自动选择燃料类型		
Parts.FuelTankData.AutoFuelType.Tooltip	Auto select the fuel type based on the type of rocket engine that is connected to this tank.	根据连接到本燃料箱的发动机类型自动选择燃料类型。		
Parts.FuelTankData.FuelType.Label	Fuel Type	燃料类型		
Parts.Common.FuelType.Tooltip	The type of fuel stored in this fuel tank.	本燃料箱所储存的燃料类型。		
Parts.FuelTankData.FuelTypeReadOnly.Label	Fuel Type	燃料类型		
Parts.FuelTankData.Header	Fuel Tank	燃料箱		
Parts.FuelTankData.Priority.Label	Priority	优先级		
Parts.FuelTankData.Priority.Tooltip	Within the same Tank Set, fuel tanks with higher priority drain first. Tanks with the same non-zero priority drain at the same time.	同一燃料箱组内，优先级更高的燃料箱会先被抽取。优先级相同且非零的燃料箱会同时抽取。		
Parts.Common.AutoResize.Label	Auto Resize	自动调整尺寸		
Parts.Common.AutoResize.Tooltip	Determines if the part should automatically attempt to resize itself when connecting to a similar part to match its dimensions.	决定零件连接到类似零件时是否自动调整自身尺寸以匹配对方。		
Parts.FuselageData.DeadWeightPercentage.Label	Dead Weight	死重		
Parts.FuselageData.DeadWeightPercentage.Tooltip	The amount of dead weight to add to this part, using up its tank capacity. Handy for adjusting your craft's Center of Mass or increasing the part's impact resistance.	为本零件增加的死重，会占用其燃料箱容量。便于调整载具的质心或提高零件的抗冲击能力。		
Parts.FuselageData.FlattenNormals.Both	Both	两者		
Parts.FuselageData.FlattenNormals.Bottom	Bottom	底部		
Parts.FuselageData.FlattenNormals.Label	Seamless Edges	无缝边缘		
Parts.FuselageData.FlattenNormals.None	None	无		
Parts.FuselageData.FlattenNormals.Tooltip	Attempt to create a seamless joint between parts. This is an experimental feature and in some cases will look worse than expected.	尝试在零件之间生成无缝接缝。此为实验性功能，某些情况下效果会比预期更差。		
Parts.FuselageData.FlattenNormals.Top	Top	顶部		
Parts.FuselageData.FuelPercentage.Label	Fuel	燃料		
Parts.Common.FuelPercentage.Tooltip	The amount of fuel to put in this fuel tank.	本燃料箱中装入的燃料量。		
Parts.FuselageData.Header	Resizable Part	可调整尺寸零件		
Parts.GaugeBaseData.Header	Gauge Base	仪表底座		
Parts.GaugeBaseData.HideBase.Tooltip	Changes the visual style of the base plate. Purely for cosmetic purposes.	改变底板的外观样式，仅影响外观。		
Parts.GaugeBaseData.HideRim.Label	Hide Rim	隐藏边框		
Parts.GaugeBaseData.HideRim.Tooltip	Changes the visual style of the rim that surrounds the gauge. Purely for cosmetic purposes.	改变仪表外圈边框的外观样式，仅影响外观。		
Parts.GaugeBaseData.Scale.Label	Size	尺寸		
Parts.GaugeBaseData.Scale.Tooltip	Changes the overall size of the gauge.	改变仪表的整体尺寸。		
Parts.GaugeBaseData.TrimType.Label	Rim Style	边框样式		
Parts.GaugeBaseData.TrimType.Tooltip	Changes the style of the rim that surrounds the gauge.	改变仪表外圈边框的样式。		
Parts.GaugeBaseData.TrimType.Trim1	Trim 1	样式 1		
Parts.GaugeBaseData.TrimType.Trim2	Trim 2	样式 2		
Parts.GaugeData.FaceType.Label	Face Type	表盘类型		
Parts.GaugeData.FaceType.Tooltip	The texture to use for the face of the gauge.	表盘所使用的贴图。		
Parts.GaugeData.FaceZero.Label	Face Zero	表盘零点		
Parts.GaugeData.FaceZero.Tooltip	Rotates the background marks to place the zero at alternative points.	旋转背景刻度，以便将零点置于其他位置。		
Parts.GaugeData.FlipFace.Label	Flip Face	翻转表盘		
Parts.GaugeData.FlipFace.Tooltip	Flips the background marks of the gauge.	翻转仪表的背景刻度。		
Parts.GaugeData.Header	Gauge	仪表		
Parts.GaugeData.HideFace.Label	Hide Face	隐藏表盘		
Parts.GaugeData.HideFace.Tooltip	Hides the background marks of the gauge.	隐藏仪表的背景刻度。		
Parts.GaugeData.HideIndicator.Label	Hide Indicator	隐藏指针		
Parts.GaugeData.HideIndicator.Tooltip	Hides the indicator.	隐藏指针。		
Parts.GaugeData.IndicatorLength.Label	Indicator Length	指针长度		
Parts.GaugeData.IndicatorLength.Tooltip	Changes the length of the indicator.	改变指针的长度。		
Parts.GaugeData.IndicatorType.Indicator1	Indicator 1	指针 1		
Parts.GaugeData.IndicatorType.Indicator2	Indicator 2	指针 2		
Parts.GaugeData.IndicatorType.Indicator3	Indicator 3	指针 3		
Parts.GaugeData.IndicatorType.Indicator4	Indicator 4	指针 4		
Parts.GaugeData.IndicatorType.Indicator5	Indicator 5	指针 5		
Parts.GaugeData.IndicatorType.Label	Indicator Needle	指针样式		
Parts.GaugeData.IndicatorType.Tooltip	Defines the style of the indicator.	定义指针的样式。		
Parts.GaugeData.IndicatorZero.Label	Indicator Zero	指针零点		
Parts.GaugeData.IndicatorZero.Tooltip	Defines the starting position of the indicator.	定义指针的起始位置。		
Parts.GaugeData.Multiplier.Label	Input Multiplier	输入倍率		
Parts.GaugeData.Multiplier.Tooltip	Scales the range of the input times the indicated multiplier.	按指定倍率缩放输入的范围。		
Parts.GaugeData.RotationType.Label	Rotation	旋转		
Parts.GaugeData.RotationType.Tooltip	Whether to rotate the indicator or the face of the gauge.	选择旋转指针还是旋转仪表表盘。		
Parts.GaugeData.Scale.Label	Size	尺寸		
Parts.GeneratorData.FuelConsumptionScale.Label	Power Generation	发电量		
Parts.GeneratorData.FuelConsumptionScale.Tooltip	Allows increasing the maximum power of the generator.	可提高发电机的最大功率。		
Parts.GeneratorData.FuelType.Label	Fuel Type	燃料类型		
Parts.GeneratorData.Header	Generator	发电机		
Parts.GeneratorData.HideBase.Tooltip	Toggles the RTG base on/off.	切换 RTG 底座的显示。		
Parts.GeneratorData.Scale.Label	Size	尺寸		
Parts.GeneratorData.Scale.Tooltip	Defines the scale of the generator.	定义发电机的尺寸。		
Parts.GeneratorData.SoundVolume.Label	Sound	音效		
Parts.GeneratorData.SoundVolume.Tooltip	Changes how loud the part is.	改变本零件的声音大小。		
Parts.GeneratorData.Stretch.Label	Length	长度		
Parts.GeneratorData.Stretch.Tooltip	Stretches the RTG to change its length.	拉伸 RTG 以改变其长度。		
Parts.GeneratorScript.FuelFlow	Fuel Flow	燃料流量		
Parts.GeneratorScript.FuelFlow.Tooltip	The kilograms of fuel being burnt per second.	每秒燃烧的燃料千克数。		
Parts.GeneratorScript.FuelType	Fuel Type	燃料类型		
Parts.GeneratorScript.FuelType.Tooltip	The name of the fuel being burnt.	所燃烧燃料的名称。		
Parts.GeneratorScript.Power	Power	功率		
Parts.GeneratorScript.Power.Tooltip	The power being generated per second.	每秒产生的功率。		
Parts.GeneratorScript.PowerScale	Power Scale	功率倍率		
Parts.GenericPartData.Header	Simple Scale	简单缩放		
Parts.GenericPartData.Scale.Label	Size	尺寸		
Parts.Common.Scale.Tooltip	Changes the overall size of the part.	改变零件的整体尺寸。		
Parts.GyroscopeData.Header	Gyroscope	陀螺仪		
Parts.GyroscopeData.PowerScale.Label	Power	功率		
Parts.GyroscopeData.PowerScale.Tooltip	Increase the power of the gyroscope at the cost of higher electricity usage.	提高陀螺仪的功率，代价是耗电量增加。		
Parts.GyroscopeScript.Group	Gyroscope	陀螺仪		
Parts.GyroscopeScript.PowerConsumption	Power Consumption	功耗		
Parts.GyroscopeScript.PowerConsumption.Tooltip	The power consumption of the gyroscope.	陀螺仪的功耗。		
Parts.InletData.Header	Inlet	进气道		
Parts.InletScript.Occlusion	Occlusion	遮蔽		
Parts.InputBasedActivator.ActivatePart	Activate Part	激活零件		
Parts.InputBasedActivator.ActivateStage	Activate Stage	激活分级		
Parts.InputBasedActivator.ActivationGroupFormat	AG {0}	AG {0}		
Parts.InputBasedActivator.Explode	Explode	引爆		
Parts.InputBasedActivator.LockBurnNode	Lock Burn Node	锁定燃烧节点		
Parts.InputBasedActivator.LockHeading	Lock Heading	锁定航向		
Parts.InputBasedActivator.LockPrograde	Lock Prograde	锁定顺行		
Parts.InputBasedActivator.LockRetrograde	Lock Retrograde	锁定逆行		
Parts.InputBasedActivator.LockTarget	Lock Target	锁定目标		
Parts.InputBasedActivatorData.ActivationType.Label	Type	类型		
Parts.InputBasedActivatorData.Header	Activator	触发器		
Parts.InputBasedActivatorData.RangeEnd.Label	Input Max	输入上限		
Parts.InputBasedActivatorData.RangeStart.Label	Input Min	输入下限		
Parts.InputBasedActivatorData.Target.Label	Target	目标		
Parts.InputBasedActivatorData.UpdateMethod.Label	Update Method	更新方式		
Parts.InputControllerData.ActivationGroup.Tooltip	The activation group that must be enabled for the input to function.	必须启用的激活组，输入才能生效。		
Parts.InputControllerData.Header	Input Controller	输入控制器		
Parts.InputControllerData.IgnorePartActivationState.Tooltip	If true, the part does not need to be active for the input controller to be active.	若为真，则零件无需处于激活状态，输入控制器即可生效。		
Parts.InputControllerData.Input.Label	Input	输入		
Parts.InputControllerData.Input.Tooltip	The input axis driving this input controller.	驱动此输入控制器的输入轴。		
Parts.InputControllerData.InputAxisRangeDesigner.Label	Input Axis Range	输入轴范围		
Parts.InputControllerData.InputAxisRangeDesigner.Tooltip	A set of one, two, or three comma-separated numbers defining the input axis value range and how it remaps into the -1 to 1 range. \n\n{max} - Input axis values <= 0 are remapped to zero. Values >= {max} are remapped to 1. Values between 0 and {max} are lerped between 0 and 1. \n\n{min},{max} - Input axis values <= {min} are remapped to -1. Values >= {max} are remapped to 1. Values between {min} and {max} are lerped between -1 and 1. \n\n{min},{zero},{max} - Input axis values <= {min} are remapped to -1. Values >= {max} are remapped to 1. Values between {min} and {zero} are lerped between -1 and 0. Values between {zero} and {max} are lerped between 0 and 1. If {min} and {zero} are equal, inputs <= {min} are remapped to 0. If {zero} and {max} are equal, inputs >= {max} are remapped to 0.	一组由逗号分隔的一至三个数字，用于定义输入轴的值范围及其重新映射到 -1 至 1 区间的方式。 \n\n{max} - 输入轴值 <= 0 时映射为零。值 >= {max} 时映射为 1。0 与 {max} 之间按 0 至 1 线性插值。 \n\n{min},{max} - 输入轴值 <= {min} 时映射为 -1。值 >= {max} 时映射为 1。{min} 与 {max} 之间按 -1 至 1 线性插值。 \n\n{min},{zero},{max} - 输入轴值 <= {min} 时映射为 -1。值 >= {max} 时映射为 1。{min} 与 {zero} 之间按 -1 至 0 线性插值。{zero} 与 {max} 之间按 0 至 1 线性插值。若 {min} 与 {zero} 相等，输入 <= {min} 时映射为 0。若 {zero} 与 {max} 相等，输入 >= {max} 时映射为 0。		
Parts.InputControllerData.InputSuffix	 Input	 输入		
Parts.InputControllerData.Invert.Tooltip	If enabled, output of the input controller will be inverted.	若启用，输入控制器的输出将被反转。		
Parts.InputControllerData.InvertType.Label	Invert Type	反转类型		
Parts.InputControllerData.InvertType.Tooltip	Axis: The input axis is inverted before remapping the input to the min/max values. \nOutput: The output value is inverted after remapping the input to the min/max values.	轴：在将输入重新映射到最小/最大值之前反转输入轴。 \\n输出：在将输入重新映射到最小/最大值之后反转输出值。		
Parts.InputControllerData.Max.Label	Max Value	最大值		
Parts.InputControllerData.Max.Tooltip	The maximum output value of the controller when the input axis is 1.	输入轴为 1 时控制器的最大输出值。		
Parts.InputControllerData.Min.Label	Min Value	最小值		
Parts.InputControllerData.Min.Tooltip	The minimum output value of the controller when the input axis is -1.	输入轴为 -1 时控制器的最小输出值。		
Parts.InputControllerData.OutputCurveAmplitude.Tooltip	The amplitude of the output curve.	输出曲线的振幅。		
Parts.InputControllerData.OutputCurveFrequency.Tooltip	The frequency of the output curve.	输出曲线的频率。		
Parts.InputControllerData.OutputCurveLabel.Label	Output Curve	输出曲线		
Parts.InputControllerData.OutputCurveOffset.Tooltip	The offset value used when evaluating the output curve.	计算输出曲线时使用的偏移值。		
Parts.InputControllerData.OutputCurveStyle.Tooltip	The style of the output curve.	输出曲线的样式。		
Parts.InputControllerData.OutputCurveWrapMode.Tooltip	Determines how the curve is evaluated when the axis value extends beyond the extents of the curve.	决定轴值超出曲线范围时曲线的计算方式。		
Parts.InputControllerData.Type.Label	Type	类型		
Parts.InputControllerData.Type.Tooltip	Standard - A positive axis will be multiplied by the max value. A negative axis will be multiplied by the min value. \n\nLerp Full Axis - The output value will be linearly interpolated between the min and max values assuming an input axis of -1 to 1. \n\nLerp Positive Axis - The output value will be linearly interpolated between the min and max values assuming an input axis of 0 to 1. \n\nLerp Negative Axis - The output value will be linearly interpolated between the min and max values assuming an input axis of -1 to 0. \n\nCurve - The output will be evaluated on a user defined curve with the input axis acting as the time input.	标准 - 正值轴将乘以最大值。负值轴将乘以最小值。\\n\\n全轴插值 - 假设输入轴为 -1 至 1，输出值将在最小值和最大值之间线性插值。 \n\n正轴插值 - 假设输入轴为 0 至 1，输出值将在最小值和最大值之间线性插值。 \n\n负轴插值 - 假设输入轴为 -1 至 0，输出值将在最小值和最大值之间线性插值。 \n\n曲线 - 输出将按用户定义的曲线计算，输入轴作为时间输入。		
Parts.InputControllerData.ZeroOnDeactivate.Label	Zero on Deactivate	停用时归零		
Parts.InputControllerData.ZeroOnDeactivate.Tooltip	If disabled, the input will not return to zero when deactivated.	若禁用，输入在停用时不会归零。		
Parts.InspectorModel.Afterburner	Afterburner	加力燃烧		
Parts.InspectorModel.AirPressure	Air Pressure	气压		
Parts.InspectorModel.AirPressure.Tooltip	The atmospheric pressure at the current altitude.	当前高度处的大气压力。		
Parts.InspectorModel.BladePitch	Blade Pitch	桨叶桨距		
Parts.InspectorModel.BrakeTorque	Brake Torque	制动扭矩		
Parts.InspectorModel.CoreThrust	Core Thrust	核心推力		
Parts.InspectorModel.EffectiveAoA	Effective AoA	有效攻角		
Parts.InspectorModel.Efficiency	Efficiency	效率		
Parts.InspectorModel.EngineThrottle	Engine Throttle	发动机油门		
Parts.InspectorModel.EngineThrottle.Tooltip	The engine's current throttle. Some engines respond more slowly to changes in throttle.	发动机当前的油门。部分发动机对油门变化的响应较慢。		
Parts.InspectorModel.ExhaustVelocity	Exhaust Velocity	排气速度		
Parts.InspectorModel.ExhaustVelocity.Tooltip	The velocity of the exhaust gas as it exits the nozzle.	燃气离开喷管时的速度。		
Parts.InspectorModel.ExitPressure	Exit Pressure	出口压力		
Parts.InspectorModel.ExitPressure.Tooltip	The pressure of the engine's exhaust gas.	发动机燃气在喷管出口处的压力。		
Parts.InspectorModel.FanThrust	Fan Thrust	风扇推力		
Parts.InspectorModel.FuelConsumption	Fuel Consumption	燃料消耗		
Parts.InspectorModel.FuelConsumption.Tooltip	The amount of liters of fuel burnt per second at full throttle.	全油门时每秒燃烧的燃料升数。		
Parts.InspectorModel.FuelUsage	Fuel Usage	燃料用量		
Parts.InspectorModel.GeometricPitch	Geometric Pitch	几何桨距		
Parts.InspectorModel.Horsepower	Horsepower	马力		
Parts.InspectorModel.Ignitions	Ignitions	点火次数		
Parts.InspectorModel.Ignitions.Tooltip	The amount of ignitions available.	可用的点火次数。		
Parts.InspectorModel.InletEfficiency	Inlet Efficiency	进气效率		
Parts.InspectorModel.Isp	Isp	Isp		
Parts.InspectorModel.Isp.Tooltip	The specific impulse of the engine at the current altitude. Isp measures how fuel efficient an engine is. Higher is better.	发动机在当前高度处的比冲。Isp 衡量发动机的燃料效率，越高越好。		
Parts.InspectorModel.MassFlow	Mass Flow	质量流量		
Parts.InspectorModel.MassFlow.Tooltip	The amount of fuel burned per second.	每秒燃烧的燃料量。		
Parts.InspectorModel.MaxIgnitions	Max Ignitions	最大点火次数		
Parts.InspectorModel.MaxIgnitions.Tooltip	The amount of times the engine can be ignited.	发动机可被点燃的次数。		
Parts.InspectorModel.MaxRpmAir	Max RPM (air)	最大转速（空气）		
Parts.InspectorModel.MaxRpmAir.Tooltip	How fast the propeller can spin before taking damage.	螺旋桨在损坏前可达到的最高转速。		
Parts.InspectorModel.MaxRpmWater	Max RPM (water)	最大转速（水）		
Parts.InspectorModel.MaxRpmWater.Tooltip	How fast the propeller can spin before taking damage.	螺旋桨在损坏前可达到的最高转速。		
Parts.InspectorModel.MaxSpeed	Max Speed	最大速度		
Parts.InspectorModel.MaxSpeed.Tooltip	The theoretical max speed the propeller could propel an object with no slip. Achieved speeds will be lower.	螺旋桨在无滑移时可推进物体的理论最大速度。实际达到的速度会更低。		
Parts.InspectorModel.MotorTorque	Motor Torque	电机扭矩		
Parts.InspectorModel.NozzleAreaRatio	Nozzle Area Ratio	喷管面积比		
Parts.InspectorModel.NozzleAreaRatio.Tooltip	The ratio of the nozzle's exit area to the nozzle's throat area.	喷管出口面积与喉部面积之比。		
Parts.InspectorModel.NozzleTemperature	Nozzle Temperature	喷管温度		
Parts.InspectorModel.NozzleTemperature.Tooltip	The temperature of the engine's nozzle, which rises under throttle and cools slowly when throttled down.	发动机喷管的温度，随油门升高而上升，收油门后缓慢冷却。		
Parts.InspectorModel.Performance	Performance	性能		
Parts.InspectorModel.PowerConsumption	Power Consumption	功耗		
Parts.InspectorModel.PowerConsumption.Tooltip	The power consumption of the engine.	发动机的功耗。		
Parts.InspectorModel.PowerUsage	Power Usage	用电量		
Parts.InspectorModel.PowerUsage.Tooltip	The amount of electricity the engine is using.	发动机当前使用的电量。		
Parts.InspectorModel.Rpm	RPM	RPM		
Parts.InspectorModel.Slip	Slip	滑移		
Parts.InspectorModel.SpoolTime	Spool Time	加速时间		
Parts.InspectorModel.SpoolTime.Tooltip	The time it would take for the engine to go from 0% to 100% throttle.	发动机从 0% 油门到 100% 油门所需的时间。		
Parts.InspectorModel.TheoreticalMaxSpeed	Theoretical Max Spd.	理论最大速度		
Parts.InspectorModel.Thrust	Thrust	推力		
Parts.InspectorModel.Thrust.PropellerTooltip	The push force of the propeller at the selected RPM, in the selected air density.	在所选转速和所选空气密度下螺旋桨的推力。		
Parts.InspectorModel.Thrust.RocketTooltip	The thrust of the engine at the current altitude.	发动机在当前高度处的推力。		
Parts.InspectorModel.Thrust.Tooltip	The amount of thrust produced by the engine at full throttle	全油门时发动机产生的推力。		
Parts.InspectorModel.ThrustPerMotorTorque	Thrust/Motor Torque	推力/电机扭矩		
Parts.InspectorModel.Twr	TWR	TWR		
Parts.InspectorModel.Twr.Tooltip	The Thrust to Weight ratio, or how much the engine can push relative to how heavy the craft is.	推重比，即发动机推力与载具重量之比。		
Parts.JetEngine.AfterburnerLocked	You haven't unlocked the afterburner yet. You can unlock it in the Tech Tree.	你尚未解锁加力燃烧。可在科技树中解锁。		
Parts.JetEngine.HybridLocked	You haven't unlocked the hybrid jet yet. You can unlock it in the Tech Tree.	你尚未解锁混合喷气模式。可在科技树中解锁。		
Parts.JetEngine.ReverseThrustLocked	You haven't unlocked the reverse thrust yet. You can unlock it in the Tech Tree.	你尚未解锁反推力。可在科技树中解锁。		
Parts.JetEngineData.AfterburnerThrottleStart.Label	Afterburner Throttle	加力油门		
Parts.JetEngineData.AfterburnerThrottleStart.Tooltip	This is the throttle at which the afterburner will kick in.	加力燃烧启动时的油门值。		
Parts.JetEngineData.BypassRatio.Label	Bypass Ratio	涵道比		
Parts.JetEngineData.BypassRatio.Tooltip	The amount of air that bypasses the core. This can greatly increase fuel efficiency. All the cool engineers are doing it these days.	绕过核心机的空气量。这能大幅提高燃料效率。如今时髦的工程师都这么做。		
Parts.JetEngineData.CompressionRatio.Label	Compression Ratio	压缩比		
Parts.JetEngineData.CompressionRatio.Tooltip	Increasing compression can increase fuel efficiency (and thrust up to a point), but also increases the length and weight of the core.	提高压缩比可提高燃料效率（并在一定程度上提高推力），但也会增加核心机的长度和重量。		
Parts.JetEngineData.HasAfterburner.Label	Afterburner	加力燃烧		
Parts.JetEngineData.HasAfterburner.Tooltip	It greatly increases the power of the engine but it decreases efficiency.	可大幅提高发动机功率，但会降低效率。		
Parts.JetEngineData.HasReverseThrust.Label	Reverse Thrust	反推力		
Parts.JetEngineData.HasReverseThrust.Tooltip	Allows the engine to push air forward to slow down the craft.	允许发动机向前排气，使载具减速。		
Parts.JetEngineData.Header	Jet Engine	喷气发动机		
Parts.JetEngineData.ShroudCurvature.Label	Shroud Curvature	外罩弧度		
Parts.JetEngineData.ShroudCurvature.Tooltip	The amount of curvature the shroud should use. Only usable with a non-zero bypass ratio. This is cosmetic only and does not affect performance.	外罩应使用的弧度。仅在涵道比非零时可用。仅影响外观，不影响性能。		
Parts.JetEngineData.ShroudLength.Label	Shroud Length	外罩长度		
Parts.JetEngineData.ShroudLength.Tooltip	The length of the shroud. This is cosmetic only and does not affect performance.	外罩的长度。仅影响外观，不影响性能。		
Parts.JetEngineData.Size.Label	Size	尺寸		
Parts.JetEngineData.Size.Tooltip	Changes the overall size of the jet engine.	改变喷气发动机的整体尺寸。		
Parts.JetEngineData.UseOxidizerForAfterburner.Label	LOX Afterburner	液氧加力		
Parts.JetEngineData.UseOxidizerForAfterburner.Tooltip	When enabled and the afterburner is active, the engine draws oxygen from connected tanks instead of relying on air intakes. Falls back to air intake when no oxygen is available.	启用且加力燃烧工作时，发动机将从相连的燃料箱中抽取氧气，而不再依赖进气道。若无可用氧气，则改用进气道。		
Parts.JointRotatorData.BaseMode.Label	Base Style	底座样式		
Parts.JointRotatorData.BaseMode.Tooltip	Changes the visual style of the base plate. Purely for cosmetic purposes.	改变底板的外观样式，仅影响外观。		
Parts.JointRotatorData.Header	Rotator	旋转关节		
Parts.JointRotatorData.Range.FreeSpin	Free Spin	自由旋转		
Parts.JointRotatorData.Range.Label	Range	范围		
Parts.JointRotatorData.Range.Tooltip	Changes the range of rotation.	改变旋转范围。		
Parts.JointRotatorData.Scale.Label	Size	尺寸		
Parts.JointRotatorData.Scale.Tooltip	Changes the overall size of the joint.	改变关节的整体尺寸。		
Parts.JointRotatorData.SoundVolume.Label	Sound Volume	音量		
Parts.JointRotatorData.Speed.Disabled	Disabled	已禁用		
Parts.JointRotatorData.Speed.Floppy	Floppy	松弛		
Parts.JointRotatorData.Speed.Label	Speed	速度		
Parts.JointRotatorData.Speed.Tooltip	Changes the speed at which the part rotates.	改变零件的旋转速度。		
Parts.JointRotatorScript.AngleOffset	Angle Offset	角度偏移		
Parts.JointRotatorScript.AngleOffset.Tooltip	Offsets the rotation applied by the input. The combined value is clamped to the part's range.	对输入所施加的旋转进行偏移。合成值会被限制在零件的范围内。		
Parts.JointRotatorScript.PowerConsumption.Tooltip	The power consumption of the servo.	舵机的功耗。		
Parts.KomodoNoseConeData.Scale.Label	Scale	缩放		
Parts.LabelData.CurvatureAngle.Label	Curvature	弯曲度		
Parts.LabelData.CurvatureAngle.Tooltip	This is used to warp the text around fuel tanks.	用于让文字围绕燃料箱弯曲。		
Parts.LabelData.CurvatureDirection.Horizontal	Horizontal	水平		
Parts.LabelData.CurvatureDirection.Label	Curve Direction	弯曲方向		
Parts.LabelData.CurvatureDirection.Vertical	Vertical	垂直		
Parts.LabelData.DesignText.Label	Text	文字		
Parts.LabelData.FontName.Default	Default	默认		
Parts.LabelData.FontName.Label	Font	字体		
Parts.LabelData.FontSize.Label	Font Size	字号		
Parts.LabelData.Gradient.Diagonal	Diagonal	对角		
Parts.LabelData.Gradient.Horizontal	Horizontal	水平		
Parts.LabelData.Gradient.Label	Gradient	渐变		
Parts.LabelData.Gradient.LowerLeft	Lower Left	左下		
Parts.LabelData.Gradient.LowerRight	Lower Right	右下		
Parts.LabelData.Gradient.Tooltip	The gradient type (if any) to use for the label colors. The colors are defined by the 'Primary' and 'Trim 1' colors.	标签颜色所使用的渐变类型（若有）。颜色由「主色」和「样式 1」定义。		
Parts.LabelData.Gradient.UpperLeft	Upper Left	左上		
Parts.LabelData.Gradient.UpperRight	Upper Right	右上		
Parts.LabelData.Gradient.Vertical	Vertical	垂直		
Parts.LabelData.Header	Label	标签		
Parts.LabelData.Height.Label	Height	高度		
Parts.LabelData.HorizontalAlignment.Label	Horizontal Anchor	水平锚点		
Parts.LabelData.OutlineWidth.Label	Outline Width	描边宽度		
Parts.LabelData.OutlineWidth.Tooltip	The width of the outline around the text, the color of which is defined by the Trim 2 Material.	文字描边的宽度，其颜色由「样式 2」材质定义。		
Parts.LabelData.VerticalAlignment.Label	Vertical Anchor	垂直锚点		
Parts.LabelData.Width.Label	Width	宽度		
Parts.LandingGearData.BayLength.Label	Bay Length	舱室长度		
Parts.LandingGearData.BayLength.Tooltip	Changes the length of the landing gear bay	改变起落架舱的长度。		
Parts.LandingGearData.BayWidth.Label	Bay Width	舱室宽度		
Parts.LandingGearData.BayWidth.Tooltip	Changes the width of the landing gear bay	改变起落架舱的宽度。		
Parts.LandingGearData.BrakeTorque.Header	Wheel Settings	机轮设置		
Parts.Common.BrakeTorque.Tooltip	Changes the torque applied to the wheel when brake is applied.	改变刹车时机轮所受到的扭矩。		
Parts.LandingGearData.DamperScale.Label	Suspension Damper	悬挂阻尼		
Parts.LandingGearData.Flipped.Label	Mirror Offsets	镜像偏移		
Parts.LandingGearData.Flipped.Tooltip	Mirrors the offsets of the landing gear	镜像起落架的偏移量。		
Parts.LandingGearData.ForwardOffset.Label	Forward Offset	前向偏移		
Parts.LandingGearData.ForwardOffset.Tooltip	Changes the forward offset of the wheel's position	改变机轮位置的前向偏移。		
Parts.Common.GearRatio.Label	Gear Ratio	齿比		
Parts.Common.GearRatio.Tooltip	Higher values result in more torque for the wheel, but lower RPM. Lower values result in less torque, but higher max RPM.	数值越高，机轮扭矩越大，但转速越低。数值越低，扭矩越小，但最大转速越高。		
Parts.LandingGearData.Header	Landing Gear	起落架		
Parts.LandingGearData.HeightOffset.Label	Height Offset	高度偏移		
Parts.LandingGearData.HeightOffset.Tooltip	Changes the height offset of the wheel's position	改变机轮位置的高度偏移。		
Parts.LandingGearData.LengthScale.Header	Leg Shape	支腿形状		
Parts.LandingGearData.LengthScale.Label	Gear Length	起落架长度		
Parts.LandingGearData.LengthScale.Tooltip	Changes the length of the wheel's support rod (does not affect suspension travel).	改变机轮支撑杆的长度（不影响悬挂行程）。		
Parts.Common.MaxTurningAngle.Label	Turning Angle	转向角度		
Parts.LandingGearData.MaxTurningAngle.Tooltip	Changes max the turning angle of the wheel.	改变机轮的最大转向角度。		
Parts.LandingGearData.RetractionSpeed.Label	Retraction Speed	收放速度		
Parts.LandingGearData.RetractionSpeed.Tooltip	Allows speeding up/slowing down of the wheel's retraction.	可加快或减慢机轮的收放速度。		
Parts.LandingGearData.ShowUpperBraces.Label	Upper Braces	上部支撑		
Parts.LandingGearData.ShowUpperBraces.Tooltip	Determines whether the upper braces inside the bay should be hidden.	决定是否隐藏舱内的上部支撑。		
Parts.LandingGearData.SideOffset.Label	Side Offset	侧向偏移		
Parts.LandingGearData.SideOffset.Tooltip	Changes the side offset of the wheel's position	改变机轮位置的侧向偏移。		
Parts.LandingGearData.Size.Label	Size	尺寸		
Parts.LandingGearData.Size.Tooltip	Changes the overall size of the landing gear.	改变起落架的整体尺寸。		
Parts.LandingGearData.SlantAngle.Label	Slant Angle	倾斜角度		
Parts.LandingGearData.SlantAngle.Tooltip	Changes the angle that the lower support attaches to the wheel.	改变下部支撑与机轮的连接角度。		
Parts.LandingGearData.SoundVolume.Label	Sound Volume	音量		
Parts.LandingGearData.SoundVolume.Tooltip	Changes the volume of the sound made by the motor built into the wheel.	改变机轮内置电机所发出声音的音量。		
Parts.Common.SpringForceScale.Label	Suspension Strength	悬挂强度		
Parts.Common.SpringForceScale.Tooltip	Changes the strength of the spring force in the suspension.	改变悬挂中弹簧力的大小。		
Parts.LandingGearData.StartExtended.Label	Start Extended	初始展开		
Parts.LandingGearData.StartExtended.Tooltip	Determines whether the gear should start out extended, or retracted.	决定起落架初始状态是展开还是收起。		
Parts.LandingGearData.SupportArmEnabled.Label	Support Arm	支撑臂		
Parts.LandingGearData.SupportArmEnabled.Tooltip	Enables/disables the support arm for the landing gear.	启用/禁用起落架的支撑臂。		
Parts.LandingGearData.SuspensionTravel.Label	Suspension Travel	悬挂行程		
Parts.LandingGearData.SuspensionTravel.Tooltip	Changes the length (meters) of available suspension travel.	改变可用悬挂行程的长度（米）。		
Parts.LandingGearData.Torque.Label	Torque	扭矩		
Parts.LandingGearData.Torque.Tooltip	Changes the power of the wheel, which impacts electricity usage. The value shown is already scaled by the Gear Ratio.	改变机轮的动力，会影响用电量。所显示的数值已按齿比缩放。		
Parts.Common.TractionForward.Label	Forward Traction	前向抓地力		
Parts.Common.TractionForward.Tooltip	Changes the forward grip of the wheel.	改变机轮的前向抓地力。		
Parts.Common.TractionSideways.Label	Sideways Traction	侧向抓地力		
Parts.Common.TractionSideways.Tooltip	Changes the sideways grip of the wheel.	改变机轮的侧向抓地力。		
Parts.LandingGearData.VerticalAngleOffset.Label	Vertical Offset Angle	垂直偏移角度		
Parts.LandingGearData.VerticalAngleOffset.Tooltip	Changes the vertical angle of the wheel.	改变机轮的垂直角度。		
Parts.LandingGearScript.ConcreteFriction	Concrete Friction	建筑摩擦		
Parts.LandingGearScript.ConcreteFriction.Tooltip	The amount of friction on structures.	在建筑上的摩擦力大小。		
Parts.LandingGearScript.MaxRpm	Max RPM	最大转速		
Parts.LandingGearScript.MaxRpm.Tooltip	The max amount of revolutions per minute the wheel can achieve.	机轮可达到的最大每分钟转数。		
Parts.LandingGearScript.OffroadFriction	Offroad Friction	越野摩擦		
Parts.LandingGearScript.OffroadFriction.Tooltip	The amount of friction on the terrain.	在地形上的摩擦力大小。		
Parts.LandingGearScript.PowerConsumption.Tooltip	The max power consumption of the wheel.	机轮的最大功耗。		
Parts.LandingGearScript.TopSpeed	Top Speed	最高速度		
Parts.LandingGearScript.TopSpeed.Tooltip	The ideal top speed achievable with the wheel based on its radius and rpm.	基于机轮半径和转速可达到的理想最高速度。		
Parts.LandingLegData.DeployedAngle.Label	Deployed Angle	展开角度		
Parts.LandingLegData.DeployedAngle.Tooltip	Changes the angle the leg will rotate to when activated.	改变支腿激活时所旋转到的角度。		
Parts.Common.DeploySpeed.Label	Deploy Speed	展开速度		
Parts.LandingLegData.DeploySpeed.Tooltip	Changes the speed at which the leg will deploy.	改变支腿展开的速度。		
Parts.LandingLegData.FootPivot.Label	Foot Pivot	支脚转轴		
Parts.LandingLegData.FootPivot.Tooltip	Changes the rotation of the foot.	改变支脚的旋转。		
Parts.LandingLegData.Header	Landing Leg	着陆支腿		
Parts.LandingLegData.Scale.Label	Size	尺寸		
Parts.LandingLegData.SoundVolume.Label	Sound Volume	音量		
Parts.LandingLegData.StartDeployed.Label	Start Deployed	初始展开		
Parts.LandingLegData.StartDeployed.Tooltip	Determines if the landing leg should start deployed or not.	决定着陆支腿初始是否处于展开状态。		
Parts.LandingLegSuspensionData.Header	Landing Leg Suspension	着陆支腿悬挂		
Parts.LandingLegSuspensionData.MaxSuspensionScale.Label	Length	长度		
Parts.LandingLegSuspensionData.MaxSuspensionScale.Tooltip	Changes the length of the suspension.	改变悬挂的长度。		
Parts.LandingLegSuspensionData.SuspensionType.Auto	Auto	自动		
Parts.LandingLegSuspensionData.SuspensionType.Label	Suspension Type	悬挂类型		
Parts.LandingLegSuspensionData.SuspensionType.Manual	Manual	手动		
Parts.LandingLegSuspensionData.SuspensionType.Rigid	Rigid	刚性		
Parts.LandingLegSuspensionData.SuspensionType.Tooltip	Auto will automatically configure the spring strength to target the specified level of compression. Manual allows setting the spring strength directly. Rigid has no spring suspension.	自动会根据指定的压缩量目标自动配置弹簧强度。手动可直接设置弹簧强度。刚性则没有弹簧悬挂。		
Parts.LandingLegSuspensionData.TargetCompression.Label	Target Compression	目标压缩量		
Parts.LandingLegSuspensionData.TargetCompression.Tooltip	The amount of compression to target. Lower values for a stiffer suspension and higher values for a softer suspension.	所要达到的压缩量。数值越低悬挂越硬，数值越高悬挂越软。		
Parts.LandingLegSuspensionScript.SpringForce	Spring Force	弹簧力		
Parts.LightData.CastShadows.Label	Cast Shadows	投射阴影		
Parts.LightData.CastShadows.Tooltip	Toggles the shadow casting in the light. Without shadows the performance impact of lights is greatly reduced.	切换灯光是否投射阴影。不使用阴影时，灯光对性能的影响会大幅降低。		
Parts.LightData.Color.Tooltip	The color of the light.	灯光的颜色。		
Parts.LightData.Header	Light	灯光		
Parts.LightData.Intensity.Label	Intensity	强度		
Parts.LightData.Intensity.Tooltip	The intensity of the light.	灯光的强度。		
Parts.LightData.LightType.Label	Type	类型		
Parts.LightData.LightType.Tooltip	The type the light. Spot lights are configured with a light angle. Point lights are omni-directional.	灯光的类型。聚光灯需配置灯光角度，点光源则为全向照明。		
Parts.LightData.Mask.Label	Mask	遮罩		
Parts.LightData.Mask.Tooltip	The mask used to render the spotlight.	用于渲染聚光灯的遮罩。		
Parts.LightData.OffsetX.Label	Offset X	X 偏移		
Parts.LightData.OffsetX.Tooltip	The offset (in meters) on the X-axis relative to the center of the part at which the light is positioned.	灯光位置相对于零件中心在 X 轴上的偏移（米）。		
Parts.LightData.OffsetY.Label	Offset Y	Y 偏移		
Parts.LightData.OffsetY.Tooltip	The offset (in meters) on the Y-axis relative to the center of the part at which the light is positioned.	灯光位置相对于零件中心在 Y 轴上的偏移（米）。		
Parts.LightData.OffsetZ.Label	Offset Z	Z 偏移		
Parts.LightData.OffsetZ.Tooltip	The offset (in meters) on the Z-axis relative to the center of the part at which the light is positioned.	灯光位置相对于零件中心在 Z 轴上的偏移（米）。		
Parts.LightData.PartGlow.Label	Part Glow	零件自发光		
Parts.LightData.PartGlow.Tooltip	If enabled, the part materials will become emissive based on light intensity when the light is enabled.	若启用，灯光开启时零件材质会依据灯光强度产生自发光。		
Parts.LightData.PartGlowSelfShadowCasting.Label	Part Glow Self Shadow Casting	自发光自阴影		
Parts.LightData.PartGlowSelfShadowCasting.Tooltip	If enabled, the part will continue to cast shadows when the light is enabled.	若启用，灯光开启时该零件会继续投射阴影。		
Parts.LightData.Range.Label	Range	范围		
Parts.LightData.Range.Tooltip	The maximum range (in meters) of the light.	灯光的最大照射范围（米）。		
Parts.LightData.RotationX.Label	Rotation X	X 轴旋转		
Parts.LightData.RotationX.Tooltip	The rotation of the light on the X-axis.	灯光在 X 轴上的旋转。		
Parts.LightData.RotationY.Label	Rotation Y	Y 轴旋转		
Parts.LightData.RotationY.Tooltip	The rotation of the light on the Y-axis.	灯光在 Y 轴上的旋转。		
Parts.LightData.RotationZ.Label	Rotation Z	Z 轴旋转		
Parts.LightData.RotationZ.Tooltip	The rotation of the light on the Z-axis.	灯光在 Z 轴上的旋转。		
Parts.LightData.SpotLightAngle.Label	Spotlight Angle	聚光灯角度		
Parts.LightData.SpotLightAngle.Tooltip	The spot light angle in degrees.	聚光灯的角度（度）。		
Parts.LightPartData.Extension.Label	Extension Distance	伸出距离		
Parts.LightPartData.Extension.Tooltip	The extension distance of the light (in meters).	灯光的伸出距离（米）。		
Parts.LightPartData.Header	Light	灯光		
Parts.LightPartData.Rotation.Label	Rotation	旋转		
Parts.LightPartData.Rotation.Tooltip	The rotation of the light (in degrees).	灯光的旋转（度）。		
Parts.LightPartData.Scale.Label	Size	尺寸		
Parts.LightPartData.Scale.Tooltip	Changes the overall size of the light.	改变灯光的整体尺寸。		
Parts.LightPartScript.PowerConsumption.Tooltip	The power consumption of the light.	灯光的功耗。		
Parts.MfdData.Header	Multi-function Display	多功能显示器		
Parts.MfdData.Height.Label	Height	高度		
Parts.MfdData.Height.Tooltip	Changes the height of the display.	改变显示器的高度。		
Parts.MfdData.MfdProgram.Label	MFD Program	MFD 程序		
Parts.MfdData.MfdProgram.Tooltip	The program to run on this MFD.	在此 MFD 上运行的程序。		
Parts.MfdData.Width.Label	Width	宽度		
Parts.MfdData.Width.Tooltip	Changes the width of the display.	改变显示器的宽度。		
Parts.MfdScript.PowerConsumption.Tooltip	The power consumption of the MFD.	MFD 的功耗。		
Parts.PackageData.Header	Package	包裹		
Parts.Parachute.Disabled	Disabled	已禁用		
Parts.Parachute.NoAtmos	No Atmos	无大气		
Parts.Parachute.SnapMessage	{0} broke off because it was under too much stress.	{0} 因受力过大而断裂。		
Parts.Parachute.SnapWithIdFormat	{0} [ID {1}] broke off because it was under too much stress: {2}	{0} [ID {1}] 因受力过大而断裂：{2}		
Parts.ParachuteData.AslBased.Label	ASL Based Triggers	ASL 基准触发		
Parts.ParachuteData.AslBased.Tooltip	Determines if the parachute triggers are altitude (enabled) or atmosphere density (disabled) based.	决定降落伞的触发条件是基于高度（启用）还是大气密度（禁用）。		
Parts.ParachuteData.AutocutDensity.Label	Auto-cut Air Density	自动切断空气密度		
Parts.ParachuteData.AutocutDensity.Tooltip	Changes the density at which the parachute is automatically cut.	改变降落伞自动切断时的空气密度。		
Parts.ParachuteData.BaseSize.Label	Base Size	底座尺寸		
Parts.ParachuteData.BaseSize.Tooltip	Changes the scale of the parachute base.	改变降落伞底座的缩放。		
Parts.ParachuteData.ChuteHeight.Label	Parachute Height	伞盖高度		
Parts.ParachuteData.ChuteHeight.Tooltip	Changes the curvature of the parachute.	改变降落伞的弯曲度。		
Parts.ParachuteData.ChuteRadius.Label	Inflated Radius	充气半径		
Parts.ParachuteData.ChuteRadius.Tooltip	Changes the radius of the parachute.	改变降落伞的半径。		
Parts.ParachuteData.ChuteRadiusDeflated.Label	Deflated Radius	未充气半径		
Parts.ParachuteData.ChuteRadiusDeflated.Tooltip	Changes the radius the parachute will have after being deployed while it isn't inflated.	改变降落伞展开后尚未充气时的半径。		
Parts.ParachuteData.CordLength.Label	Cord Length	伞绳长度		
Parts.ParachuteData.CordLength.Tooltip	Changes the length of the parachute cord.	改变降落伞伞绳的长度。		
Parts.ParachuteData.DeploymentDensity.Label	Deployment Air Density	展开空气密度		
Parts.ParachuteData.DeploymentDensity.Tooltip	Changes the density at which the parachute is allowed to be deployed.	改变允许展开降落伞的空气密度。		
Parts.ParachuteData.Header	Parachute	降落伞		
Parts.ParachuteData.InflationDensity.Label	Inflation Air Density	充气空气密度		
Parts.ParachuteData.InflationDensity.Tooltip	Changes the density at which the parachute is inflated to its full size.	改变降落伞充气至满尺寸时的空气密度。		
Parts.ParachuteData.MaxDeploymentSpeed.Label	Max Deployment Speed	最大展开速度		
Parts.ParachuteData.MaxDeploymentSpeed.Tooltip	Defines the max speed at which parachutes can be deployed.	定义降落伞可展开的最大速度。		
Parts.ParachuteScript.AutoCut	AutoCut	自动切断		
Parts.ParachuteScript.Deployment	Deployment	展开		
Parts.ParachuteScript.DragAtDeployment	Drag at Deployment	展开时阻力		
Parts.ParachuteScript.DragAtDeployment.Tooltip	How hard the chute would push going at the selected Mach at deployment.	降落伞展开时以所选马赫数运动所产生的阻力。		
Parts.ParachuteScript.DragAtSeaLevel	Drag at Sea Level	海平面阻力		
Parts.ParachuteScript.DragAtSeaLevel.Tooltip	How hard the chute would push going at the selected Mach at sea level.	降落伞在海平面以所选马赫数运动所产生的阻力。		
Parts.ParachuteScript.DragPostInflation	Drag Post Inflation	充气后阻力		
Parts.ParachuteScript.DragPostInflation.Tooltip	How hard the chute would push going at the selected Mach right after inflation.	降落伞在充气刚结束后以所选马赫数运动所产生的阻力。		
Parts.ParachuteScript.DragPreInflation	Drag Pre Inflation	充气前阻力		
Parts.ParachuteScript.DragPreInflation.Tooltip	How hard the chute would push going at the selected Mach right before inflation.	降落伞在充气前以所选马赫数运动所产生的阻力。		
Parts.ParachuteScript.Inflation	Inflation	充气		
Parts.ParachuteScript.ParachuteInfo	Parachute info	降落伞信息		
Parts.ParachuteScript.Repack	Repack	重新打包		
Parts.ParachuteScript.SnappingForce	Snapping Force	断裂力		
Parts.ParachuteScript.SnappingForce.Tooltip	At what force the parachute will snap.	降落伞发生断裂时所受的作用力。		
Parts.ParachuteScript.SnapThreshold	Snap Threshold	断裂阈值		
Parts.ParachuteScript.State	State:	状态：		
Parts.ParachuteScript.State.Armed	Armed	已预位		
Parts.ParachuteScript.State.Cut	Cut	已切断		
Parts.ParachuteScript.State.Deployed	Deployed	已展开		
Parts.ParachuteScript.State.Deploying	Deploying {0}%	展开中 {0}%		
Parts.ParachuteScript.State.Inflated	Inflated	已充气		
Parts.ParachuteScript.State.Inflating	Inflating {0}%	充气中 {0}%		
Parts.ParachuteScript.State.Packed	Packed	已打包		
Parts.PayloadData.Contract.Label	Contract	合约		
Parts.PayloadData.Contract.Tooltip	Normally Auto is fine, but if you are attempting to complete multiple contracts at the same time with the same type of payload, then it might be necessary to manually link specific contracts with specific payloads.	通常选择自动即可，但若你要用同类型载荷同时完成多个合约，则可能需要手动将特定合约与特定载荷关联。		
Parts.PayloadData.Header	Payload	载荷		
Parts.PayloadData.NotConnected.Label	This payload is not connected to the craft.	此载荷未连接到载具。		
Parts.PayloadData.NotConnected.Tooltip	Disconnected parts do not count for contracts.	未连接的零件不计入合约。		
Parts.PayloadData.PayloadCount.Label	Payload Count	载荷数量		
Parts.PayloadData.PayloadCount.Tooltip	The number of payloads connected to this craft that have been explicitly assigned to this contract.	已明确分配给此合约、且连接到本载具的载荷数量。		
Parts.Piston.EditMessageExtending	Direction and scale cannot be changed while a part is connected to the moving end of the piston.	当有零件连接到活塞的活动端时，无法更改方向和缩放。		
Parts.Piston.EditMessageRetracting	Range, direction, and scale cannot be changed while a part is connected to the moving end of the retracting piston.	当有零件连接到回缩活塞的活动端时，无法更改范围、方向和缩放。		
Parts.PistonData.Cycle.Label	Cycle	循环		
Parts.PistonData.Cycle.Tooltip	Enabling this will cause the piston to extend and retract continuously while input is applied.	启用后，在有输入时活塞将连续往复伸缩。		
Parts.PistonData.Extend.Label	Direction	方向		
Parts.PistonData.Extend.Pull	Pull	拉		
Parts.PistonData.Extend.Push	Push	推		
Parts.PistonData.Extend.Tooltip	Determines the direction the piston will move when input is applied.	确定施加输入时活塞的运动方向。		
Parts.PistonData.Header	Piston	活塞		
Parts.PistonData.Range.Label	Range	范围		
Parts.PistonData.Range.Tooltip	Changes the range of motion of the piston.	改变活塞的运动范围。		
Parts.PistonData.Scale.Label	Size	尺寸		
Parts.PistonData.Scale.Tooltip	Changes the overall size of the piston.	改变活塞的整体尺寸。		
Parts.PistonData.Speed.Label	Speed	速度		
Parts.PistonData.Speed.Tooltip	Changes the speed of the piston.	改变活塞的速度。		
Parts.PistonScript.PositionOffset	Position Offset	位置偏移		
Parts.PistonScript.PositionOffset.Tooltip	Offsets the extension applied by the input. The combined value is clamped to the part's range.	偏移由输入产生的伸展量。合成值会被限制在零件范围内。		
Parts.PistonScript.PowerConsumption.Tooltip	The power consumption of the piston per meter traveled.	活塞每移动一米所消耗的电量。		
Parts.PropellerAssembly.DestroyedByImpactFormat	{0} [ID {1}] has been destroyed due to impact damage.	{0} [ID {1}] 因撞击损坏而损毁。		
Parts.PropellerAssembly.FixedPitch	Fixed Pitch	固定桨距		
Parts.PropellerAssembly.ManualVariablePitchLocked	You haven't unlocked the manual variable pitch yet. You can unlock it in the Tech Tree.	你尚未解锁手动可变桨距。可在科技树中解锁。		
Parts.PropellerAssembly.MaxPositivePitch	Max Positive Pitch	最大正桨距		
Parts.PropellerAssembly.SizeWithDiameterFormat	{0} ({1} diameter)	{0}（直径 {1}）		
Parts.PropellerAssemblyData.BladeCount.Label	Blade Count	桨叶数		
Parts.PropellerAssemblyData.BladeCount.Tooltip	The number of propeller blades. More blades means more thrust given the same RPM, but also more drag and mass for the motor to spin.	螺旋桨桨叶的数量。相同 RPM 下桨叶越多推力越大，但阻力也更大，且电机需要带动的质量更大。		
Parts.PropellerAssemblyData.ChordScale.Label	Blade Width	桨叶宽度		
Parts.PropellerAssemblyData.ChordScale.Tooltip	The width (chord-length) of the propeller blades	螺旋桨桨叶的宽度（弦长）		
Parts.PropellerAssemblyData.Header	Propeller Assembly	螺旋桨组		
Parts.PropellerAssemblyData.HubScale.Label	Hub Scale	桨毂比例		
Parts.PropellerAssemblyData.HubScale.Tooltip	The scale of the propeller hub/cone	螺旋桨桨毂/锥体的缩放比例		
Parts.PropellerAssemblyData.MaxPitch.Label	Pitch	桨距		
Parts.PropellerAssemblyData.MaxPitch.Tooltip	The propeller blade's pitch setting, which is either used to determine the fixed pitch of the blades, or maximum pitch, depending on blade control type.	螺旋桨桨叶的桨距设置，根据桨叶控制类型，用于确定固定桨距或最大桨距。		
Parts.PropellerAssemblyData.PitchControlType.Fixed	Fixed	固定		
Parts.PropellerAssemblyData.PitchControlType.Label	Blade Control	桨叶控制		
Parts.PropellerAssemblyData.PitchControlType.Manual	Manual	手动		
Parts.PropellerAssemblyData.PitchControlType.Tooltip	The pitch of the blades can either be fixed, or controlled via an input controller during flight.	桨叶桨距可以是固定的，也可在飞行中通过输入控制器调节。		
Parts.PropellerAssemblyData.ReverseBladeDirection.Label	Reverse Blades	反向桨叶		
Parts.PropellerAssemblyData.ReverseBladeDirection.Tooltip	Reverses the direction the propellers are facing as well as inverting an attached motor's input controller, if 'Sync with motor' is enabled	反转螺旋桨的朝向；若启用了「与电机同步」，还会反转所连接电机的输入控制器。		
Parts.PropellerAssemblyData.Size.Label	Size	尺寸		
Parts.PropellerAssemblyData.Size.Tooltip	Changes the overall size/scale of the propeller assembly	改变螺旋桨组的整体尺寸/缩放比例		
Parts.PropellerAssemblyData.SyncWithMotor.Label	Auto-Reverse Motor	电机自动反转		
Parts.PropellerAssemblyData.SyncWithMotor.Tooltip	Synchronizes changes between blade direction and motor rotation.	使桨叶方向与电机转向的变化保持同步。		
Parts.ReactionControlNozzle.FuelConsumption	Fuel Consumption	燃料消耗		
Parts.ReactionControlNozzle.FuelConsumptionTooltip	The mass of fuel burnt per second at full throttle.	全油门时每秒燃烧的燃料质量。		
Parts.ReactionControlNozzle.Isp	Isp	Isp		
Parts.ReactionControlNozzle.Isp.Tooltip	Specific impulse — thrust per unit of mass flow. Higher means more thrust per kilogram of fuel burnt.	比冲——单位质量流量产生的推力。数值越高，每千克燃料燃烧产生的推力越大。		
Parts.ReactionControlNozzle.Throttle	Throttle	油门		
Parts.ReactionControlNozzle.Thrust	Thrust	推力		
Parts.ReactionControlNozzle.ThrustTooltip	The amount of thrust produced by the engine at full throttle.	发动机全油门时产生的推力。		
Parts.ReactionControlNozzleData.FuelType.Label	Fuel Type	燃料类型		
Parts.ReactionControlNozzleData.FuelType.Tooltip	The monopropellant this RCS thruster consumes.	该 RCS 推进器消耗的单元推进剂。		
Parts.ReactionControlNozzleData.ManualInput.Label	Manual Input	手动输入		
Parts.ReactionControlNozzleData.ManualInput.Tooltip	Determines if the rcn uses an Input Controller to determine its throttle or does it automatically.	决定该 RCS 喷口是通过输入控制器还是自动确定油门。		
Parts.ReactionControlNozzleData.MultiDirection.Label	Gimbaled	矢量摆动		
Parts.ReactionControlNozzleData.MultiDirection.Tooltip	Determines if the rcn includes a gimbal.	决定该 RCS 喷口是否包含矢量摆动机构。		
Parts.ReactionControlNozzleData.PowerScale.Label	Power	功率		
Parts.ReactionControlNozzleData.PowerScale.Tooltip	Changes the power of the nozzle and its fuel usage.	改变喷管的功率及其燃料消耗。		
Parts.ReactionControlNozzleData.Scale.Label	Size	尺寸		
Parts.ReactionControlNozzleData.Scale.Tooltip	Changes the overall size of the RCS, affecting its max thrust, price and mass.	改变 RCS 的整体尺寸，影响其最大推力、价格与质量。		
Parts.ResizableWheel.ConcreteFriction	Concrete Friction	混凝土摩擦		
Parts.ResizableWheel.ConcreteFrictionTooltip	The amount of friction on structures.	在建筑表面上的摩擦力大小。		
Parts.ResizableWheel.MaxRpm	Max RPM	最大 RPM		
Parts.ResizableWheel.MaxRpmTooltip	The max amount of revolutions per minute the wheel can achieve.	车轮能达到的最大每分钟转数。		
Parts.ResizableWheel.OffroadFriction	Offroad Friction	越野摩擦		
Parts.ResizableWheel.OffroadFrictionTooltip	The amount of friction on the terrain.	在地形上的摩擦力大小。		
Parts.ResizableWheel.PowerConsumption	Power Consumption	耗电量		
Parts.ResizableWheel.PowerConsumptionTooltip	The max power consumption of the wheel.	车轮的最大耗电量。		
Parts.ResizableWheel.TopSpeed	Top Speed	最高速度		
Parts.ResizableWheel.TopSpeedTooltip	The ideal top speed achievable with the wheel based on its radius and rpm.	根据车轮半径与转速可达到的理想最高速度。		
Parts.ResizableWheelData.BrakeTorque.Header	Wheel Settings	车轮设置		
Parts.ResizableWheelData.Direction.Label	Direction	方向		
Parts.ResizableWheelData.Direction.Tooltip	Changes the direction the wheel rotates when motor input is applied.	改变施加电机输入时车轮的旋转方向。		
Parts.ResizableWheelData.DirectionReverse.Label	Reversed	反向		
Parts.ResizableWheelData.DirectionReverse.Tooltip	Changes the direction the wheel rotates when motor input is applied.	改变施加电机输入时车轮的旋转方向。		
Parts.ResizableWheelData.EnableSuspension.Disabled	Disabled	禁用		
Parts.ResizableWheelData.EnableSuspension.Enabled	Enabled	启用		
Parts.ResizableWheelData.EnableSuspension.Label	Suspension	悬挂		
Parts.ResizableWheelData.Header	Wheel	车轮		
Parts.ResizableWheelData.Size.Label	Size	尺寸		
Parts.ResizableWheelData.Size.Tooltip	Changes the overall size of the wheel.	改变车轮的整体尺寸。		
Parts.ResizableWheelData.SoundVolume.Label	Sound Volume	音量		
Parts.ResizableWheelData.SoundVolume.Tooltip	Changes the volume of the sound made by the motor built into the wheel.	改变车轮内置电机发出的音量。		
Parts.ResizableWheelData.Torque.Label	Torque	扭矩		
Parts.ResizableWheelData.Torque.Tooltip	Increase the power of the wheel at the cost of higher electricity usage. The value shown is already scaled by the Gear Ratio.	提高车轮动力，但耗电量更高。显示的数值已按齿轮比缩放。		
Parts.ResizableWheelData.TurningAngle.Tooltip	Changes the maximum turning angle of the wheel.	改变车轮的最大转向角。		
Parts.ResizableWheelData.Width.Label	Width	宽度		
Parts.ResizableWheelData.Width.Tooltip	Changes the width of the wheel.	改变车轮的宽度。		
Parts.RocketEngine.GimbalDisabled	Disabled	禁用		
Parts.RocketEngine.GrainSuffixFormat	{0} Grain	{0} 药柱		
Parts.RocketEngineData.ChamberPressure.Label	Chamber Pressure	燃烧室压力		
Parts.RocketEngineData.ChamberPressure.Tooltip	Higher chamber pressures can increase thrust and efficiency, but add additional cost.	更高的燃烧室压力可提高推力与效率，但会增加成本。		
Parts.RocketEngineData.EngineSubType.Booster	Booster	助推		
Parts.RocketEngineData.EngineSubType.Electric	Electric	电动		
Parts.RocketEngineData.EngineSubType.GasGenerator1	Gas Generator I	燃气发生器 I		
Parts.RocketEngineData.EngineSubType.GasGenerator2	Gas Generator II	燃气发生器 II		
Parts.RocketEngineData.EngineSubType.Gimbal	Gimbaled	矢量摆动		
Parts.RocketEngineData.EngineSubType.Model	Amateur	业余		
Parts.RocketEngineData.EngineSubType.PressureFed	Pressure-Fed	挤压式		
Parts.RocketEngineData.EngineSubType.Staged1	Staged	分级燃烧		
Parts.RocketEngineData.EngineSubType.Staged2	Full Flow Staged	全流量分级燃烧		
Parts.RocketEngineData.EngineSubTypeId.Label	Power Cycle	动力循环		
Parts.RocketEngineData.EngineSubTypeId.Tooltip	The method used for injecting the propellant, which can greatly impact the performance of the engine.	推进剂的注入方式，会显著影响发动机性能。		
Parts.RocketEngineData.EngineType.Liquid	Liquid	液体		
Parts.RocketEngineData.EngineType.Monoprop	Monopropellant	单元推进剂		
Parts.RocketEngineData.EngineType.Nuclear	Nuclear Thermal	核热		
Parts.RocketEngineData.EngineType.Solid	Solid	固体		
Parts.RocketEngineData.EngineTypeId.Label	Engine Type	发动机类型		
Parts.RocketEngineData.EngineTypeId.Tooltip	The type of rocket engine.	火箭发动机的类型。		
Parts.RocketEngineData.FuelGrain.DoubleAnchor	Ramp Down	渐降		
Parts.RocketEngineData.FuelGrain.Label	Fuel Grain	药柱		
Parts.RocketEngineData.FuelGrain.MultiFin	Impulse	脉冲		
Parts.RocketEngineData.FuelGrain.RodAndTube	Steady	恒定		
Parts.RocketEngineData.FuelGrain.Star	Basic	基础		
Parts.RocketEngineData.FuelGrain.Tooltip	The fuel grain of the solid propellant, defining its thrust curve.	固体推进剂的药柱，决定其推力曲线。		
Parts.RocketEngineData.FuelGrain.Tubular	Ramp Up	渐升		
Parts.RocketEngineData.FuelType.Battery	Battery	电池		
Parts.RocketEngineData.FuelType.CH4	Methane	甲烷		
Parts.RocketEngineData.FuelType.H2O	Water	水		
Parts.RocketEngineData.FuelType.H2O2	Peroxide	过氧化氢		
Parts.RocketEngineData.FuelType.Jet	Jet Fuel	喷气燃料		
Parts.RocketEngineData.FuelType.Label	Fuel Type	燃料类型		
Parts.RocketEngineData.FuelType.LH2	Hydrogen	氢		
Parts.RocketEngineData.FuelType.LOX	Oxygen	氧		
Parts.RocketEngineData.FuelType.LOX_CH4	Methalox	甲烷氧		
Parts.RocketEngineData.FuelType.LOX_LH2	Hydrolox	氢氧		
Parts.RocketEngineData.FuelType.LOX_RP1	Kerolox	煤油氧		
Parts.RocketEngineData.FuelType.Monopropellant	Hydrazine	肼		
Parts.RocketEngineData.FuelType.None	None	无		
Parts.RocketEngineData.FuelType.RP1	Kerosene	煤油		
Parts.RocketEngineData.FuelType.Solid	Solid	固体		
Parts.RocketEngineData.FuelType.Tooltip	The type of fuel to use. Connected fuel tanks update to this fuel type automatically if they have the Auto Select Fuel Type setting enabled.	所使用的燃料类型。若相连燃料箱启用了自动选择燃料类型，将自动更新为此燃料类型。		
Parts.RocketEngineData.FuelType.Xenon	Xenon	氙		
Parts.RocketEngineData.GimbalRange.Label	Gimbal Range	矢量摆动范围		
Parts.RocketEngineData.GimbalRange.Tooltip	The maximum allowable range that the engine can rotate to assist in controlling the craft's attitude.	发动机为辅助控制载具姿态可旋转的最大允许范围。		
Parts.RocketEngineData.Header	Rocket Engine	火箭发动机		
Parts.RocketEngineData.NozzleSize.Label	Nozzle Length	喷管长度		
Parts.RocketEngineData.NozzleSize.Tooltip	Increasing the nozzle length can raise the Nozzle Ratio, improving vacuum efficiency, but it can lower sea level efficiency and adds mass and cost.	增加喷管长度可提高喷管比，改善真空效率，但会降低海平面效率并增加质量与成本。		
Parts.RocketEngineData.NozzleThroatSize.Label	Nozzle Throat Size	喷管喉部尺寸		
Parts.RocketEngineData.NozzleThroatSize.Tooltip	Increasing the throat size can increase thrust, but will decrease the Nozzle Ratio, which decreases efficiency in a vacuum.	增大喉部尺寸可提高推力，但会降低喷管比，从而降低真空效率。		
Parts.RocketEngineData.NozzleType.Aerospike	Aerospike	气动塞式		
Parts.RocketEngineData.NozzleType.AerospikeTruncated	Truncated Aero	截短气动塞式		
Parts.RocketEngineData.NozzleType.Alpha	Alpha	Alpha		
Parts.RocketEngineData.NozzleType.Bell	Bell	钟形		
Parts.RocketEngineData.NozzleType.Bravo	Bravo	Bravo		
Parts.RocketEngineData.NozzleType.Cone	Cone	锥形		
Parts.RocketEngineData.NozzleType.Delta	Delta	Delta		
Parts.RocketEngineData.NozzleType.Echo	Echo	Echo		
Parts.RocketEngineData.NozzleType.Omega	Omega	Omega		
Parts.RocketEngineData.NozzleType.Plug	Graphite	石墨		
Parts.RocketEngineData.NozzleTypeId.Label	Nozzle	喷管		
Parts.RocketEngineData.NozzleTypeId.Tooltip	The nozzle style.	喷管样式。		
Parts.RocketEngineData.Size.Label	Size	尺寸		
Parts.RocketEngineData.Size.Tooltip	Changes the overall size of the engine. Increasing size can increase thrust, but it also increases mass and price.	改变发动机的整体尺寸。增大尺寸可提高推力，但同时会增加质量与价格。		
Parts.RocketEngineScript.MaxThrottle	Max Throttle	最大油门		
Parts.ScalablePodData.Header	Pod Scale	舱体缩放		
Parts.ScalablePodData.HeightStretch.Label	Height	高度		
Parts.ScalablePodData.HeightStretch.Tooltip	How stretched the pod is in the vertical axis.	舱体在垂直轴上的拉伸程度。		
Parts.ScalablePodData.RadiusPercent.Label	Radius	半径		
Parts.ScalablePodData.RadiusPercent.Tooltip	The radius of the pod base.	舱体底部的半径。		
Parts.SolarPanel.PanelEfficiency	Panel Efficiency	电池板效率		
Parts.SolarPanel.PanelEfficiencyTooltip	The efficiency of the solar panel.	太阳能板的效率。		
Parts.SolarPanel.PeakPower	Peak Power	峰值功率		
Parts.SolarPanel.PeakPowerTooltip	The peak power generated when facing the sun directly in the selected planet.	在所选行星上正对太阳时产生的峰值功率。		
Parts.SolarPanel.PointingEfficiency	Pointing Efficiency	指向效率		
Parts.SolarPanel.RechargeRate	Recharge Rate	充电速率		
Parts.SolarPanelArrayData.DeploySpeed.Tooltip	The speed at which the solar panels will extend and retract.	太阳能板展开与收起的速度。		
Parts.SolarPanelArrayData.Folds.Label	Folds Angle	折叠角		
Parts.SolarPanelArrayData.Folds.Tooltip	Adds some detail to the panels by not fully stretching them. Too much fold can result in the panels clipping when extending.	不将太阳能板完全展开，以增加细节。折叠过多可能导致展开时板面穿插。		
Parts.SolarPanelArrayData.Header	Solar Panel Array	太阳能板组		
Parts.SolarPanelArrayData.HideBase.Tooltip	Toggles the solar panel array cover on/off.	切换太阳能板组盖板的开关。		
Parts.SolarPanelArrayData.Invert.Tooltip	If enabled, the panel will be rotated 180.	启用后，太阳能板将旋转 180 度。		
Parts.SolarPanelArrayData.JuicyBase.Label	ESA Hinge	ESA 铰链		
Parts.SolarPanelArrayData.JuicyBase.Tooltip	Whether the solar panel has a first hinge similar to the one in the JUICE mission by ESA.	太阳能板是否具有类似 ESA「JUICE」任务中的首个铰链。		
Parts.SolarPanelArrayData.Length.Label	Array Length	组长度		
Parts.SolarPanelArrayData.Length.Tooltip	The length of the solar panel array, stretching it along the length of the panels.	太阳能板组的长度，沿板面长度方向拉伸。		
Parts.SolarPanelArrayData.RotateSpeed.Label	Rotate Speed	旋转速度		
Parts.SolarPanelArrayData.RotateSpeed.Tooltip	The speed at which the solar panels track the sun.	太阳能板追踪太阳的速度。		
Parts.SolarPanelArrayData.Rows.Label	Rows	行数		
Parts.SolarPanelArrayData.Rows.Tooltip	The number of rows of panels.	太阳能板的行数。		
Parts.SolarPanelArrayData.RowSize.Label	Row Size	每行数量		
Parts.SolarPanelArrayData.RowSize.Tooltip	The number of panels in each row.	每行太阳能板的数量。		
Parts.SolarPanelArrayData.Scale.Label	Size	尺寸		
Parts.SolarPanelArrayData.Scale.Tooltip	The overall size of the solar panel array.	太阳能板组的整体尺寸。		
Parts.SolarPanelArrayData.StartOpen.Tooltip	Determines if the solar panel array should start out open or closed.	决定太阳能板组初始为展开还是收起。		
Parts.SolarPanelData.Header	Solar Panel	太阳能板		
Parts.SolarPanelData.Length.Label	Length	长度		
Parts.SolarPanelData.Length.Tooltip	Changes the length of the solar panel	改变太阳能板的长度		
Parts.SolarPanelData.Width.Label	Width	宽度		
Parts.SolarPanelData.Width.Tooltip	Changes the width of the solar panel	改变太阳能板的宽度		
Parts.SubPartRotatorData.RotationSpeed.Label	Rotation Speed	旋转速度		
Parts.Common.Damper.Label	Damper	阻尼		
Parts.Common.Damper.Tooltip	Higher damper settings can help to reduce oscillation. Lower damper settings allow more oscillation.	增大阻尼有助于抑制振荡，减小阻尼则允许更大的振荡。		
Parts.SuspensionData.Header	Suspension	悬挂		
Parts.SuspensionData.Size.Label	Size	尺寸		
Parts.SuspensionData.Size.Tooltip	Changes the overall size of the shock.	改变减震器的整体尺寸。		
Parts.SuspensionData.Spring.Label	Spring Strength	弹簧强度		
Parts.SuspensionData.Spring.Tooltip	Changes the strength of the spring.	改变弹簧的强度。		
Parts.SuspensionData.Thickness.Label	Thickness	厚度		
Parts.SuspensionData.Thickness.Tooltip	Changes the thickness of the part.	改变零件的厚度。		
Parts.TestPilot.Gs	Gs	G力		
Parts.TestPilot.MaxGs	Max Gs	最大G力		
Parts.TestPilot.ResetMaxGs	Reset Max Gs	重置最大G力		
Parts.TestPilot.State	State	状态		
Parts.TestPilot.State.Alive	Alive	存活		
Parts.TestPilot.State.Dead	Dead	死亡		
Parts.TestPilot.State.DeaderThanDoornail	Deader than a doornail	死得透透的		
Parts.TestPilot.State.PancakeDead	Pancake dead	压成薄饼		
Parts.TestPilot.State.Sick	Sick	不适		
Parts.TestPilot.State.UltraDead	Ultra dead	终极死亡		
Parts.TestPilot.State.Unconscious	Unconscious	昏迷		
Parts.TestPilot.State.VeryDead	Very dead	深度死亡		
Parts.TestPilotData.AnchorFeet.Label	Anchor feet in place	固定双脚		
Parts.TestPilotData.AnchorFeet.Tooltip	Anchors the feet down and makes them immobile.	将双脚固定在地面，使其无法移动。		
Parts.Wing.AoA	AoA	攻角		
Parts.Wing.Area	Area	面积		
Parts.Wing.AreaTooltip	The area of the wing.	机翼的面积。		
Parts.Wing.DragCoefficients	Drag Coefficients	阻力系数		
Parts.Wing.DragForce	Drag Force	阻力		
Parts.Wing.LiftCoefficients	Lift Coefficients	升力系数		
Parts.Wing.LiftForce	Lift Force	升力		
Parts.Wing.SnapPoint	Snap Point	断裂点		
Parts.Wing.SnapPointTooltip	The amount of force under which the wing would snap.	机翼会断裂的受力值。		
Parts.Wing.Span	Span	翼展		
Parts.Wing.SpanTooltip	The length of the wing.	机翼的长度。		
Parts.Wing.Thickness	Thickness	厚度		
Parts.Wing.ThicknessTooltip	The thickness of the wing.	机翼的厚度。		
Parts.WingData.Airfoil.Label	Airfoil	翼型		
Parts.WingData.CraftSide.Label	Craft Side	载具侧		
Parts.WingData.CraftSide.Tooltip	The side of the craft the wing connects to. If connected to the right side, the airfoil and pitch input are inverted, which is important for airplanes.	机翼与载具连接的侧边。若连接到右侧，翼型与俯仰输入将反向，这对飞机非常重要。		
Parts.WingData.FuelPercentage.Label	Fuel	燃料		
Parts.WingData.Header	Wing	机翼		
Parts.WingData.IsFancy.Label	Visual Curve	视觉弯曲		
Parts.WingData.IsFancy.Tooltip	A visual enhancement of the wing, curving its leading edge.	机翼的视觉增强，使前缘呈弧形。		
Parts.WingData.IsStylish.Label	Visual Airfoil	视觉翼型		
Parts.WingData.IsStylish.Tooltip	A visual enhancement of the wing, affecting its overall shape to match its airfoil.	机翼的视觉增强，调整整体形状以匹配翼型。		
Parts.WingData.WingPhysicsEnabled.Label	Physics Enabled	启用物理		
PhotoLibrary.AddScreenshot.Tooltip	Add Screenshot	添加截图		
PhotoLibrary.Album.AllTextures	All Textures	全部贴图		
PhotoLibrary.Album.AlreadyContainsFormat	The album {0} already contains the photo {1}	相册 {0} 已包含照片 {1}		
PhotoLibrary.AlbumDetails.Header	Album Details	相册详情		
PhotoLibrary.AlbumDetails.PhotoCount	Photos	照片		
PhotoLibrary.Albums.Title	Albums	相册		
PhotoLibrary.Browse.Tooltip	Browse	浏览		
PhotoLibrary.Browse.ChooseImageTitle	Choose image	选择图片		
PhotoLibrary.Browse.ImageFilter	Image	图像		
PhotoLibrary.BulkDelete.StatusText	Select photos to delete	选择要删除的照片		
PhotoLibrary.ContextMenu.CreateAlbum	Create Album	新建相册		
PhotoLibrary.ContextMenu.DeleteAlbum	Delete Album	删除相册		
PhotoLibrary.ContextMenu.DeletePhoto	Delete Photo	删除照片		
PhotoLibrary.ContextMenu.MovePhoto	Move Photo	移动照片		
PhotoLibrary.ContextMenu.RenameAlbum	Rename Album	重命名相册		
PhotoLibrary.ContextMenu.SetAlbumCover	Set as Album Cover	设为相册封面		
PhotoLibrary.ContextMenu.Tooltip	Open context menu	打开右键菜单		
PhotoLibrary.DefaultAlbumName	Camera Roll	相机胶卷		
PhotoLibrary.Details.Date	Date	日期		
PhotoLibrary.Details.Dimensions	Dimensions	尺寸		
PhotoLibrary.Details.Location	Location	位置		
PhotoLibrary.Details.Size	Size	大小		
PhotoLibrary.Location.Designer	Designer	设计器		
PhotoLibrary.Location.Flight	Flight	飞行		
PhotoLibrary.Location.Menu	Menu	菜单		
PhotoLibrary.PhotoDetails.Header	Photo Details	照片详情		
PhotoLibrary.Photos.Title	Photos	照片		
PhotoLibrary.ToggleDetails.Tooltip	Toggle details panel	切换详情面板		
PhotoLibrary.Status.CopiedToClipboard	Copied image to clipboard.	已复制图像到剪贴板。		
PhotoLibrary.Status.CouldNotCopy	Could not copy image to clipboard.	无法复制图像到剪贴板。		
PhotoLibrary.Status.DeletingAlbum	Deleting album...	正在删除相册……		
PhotoLibrary.Status.DeletedAlbumFormat	Deleted album '{0}'	已删除相册「{0}」		
PhotoLibrary.Status.CouldNotDeleteAlbumFormat	Could not delete album: {0}	无法删除相册：{0}		
PhotoLibrary.Status.DeletingPhotos	Deleting photos...	正在删除照片……		
PhotoLibrary.Status.MovingPhotos	Moving photos...	正在移动照片……		
PhotoLibrary.Status.DeletedPhotoSingular	Deleted 1 photo	已删除 1 张照片		
PhotoLibrary.Status.DeletedPhotosPluralFormat	Deleted {0} photos	已删除 {0} 张照片		
PhotoLibrary.Status.SelectAtLeastOneToDelete	Please select at least one photo to delete.	请至少选择一张要删除的照片。		
PhotoLibrary.Status.SelectAtLeastOneToMove	Please select at least one photo to move.	请至少选择一张要移动的照片。		
PhotoLibrary.Status.SelectAlbumAbove	Please select an album above.	请在上方选择一个相册。		
PhotoLibrary.Status.MovedPhotoSingularFormat	Moved 1 photo to album '{0}'	已将 1 张照片移动到相册「{0}」		
PhotoLibrary.Status.MovedPhotosPluralFormat	Moved {0} photos to album '{1}'	已将 {0} 张照片移动到相册「{1}」		
PhotoLibrary.Status.SelectAlbumThenAddAgain	Please select an album and then click the Add Photo button again	请先选择一个相册，然后再次点击添加照片按钮		
PhotoLibrary.Status.AddedPhotoToAlbumFormat	Added photo to album '{0}'	已将照片添加到相册「{0}」		
PhotoLibrary.Status.UpdatedAlbumCover	Updated Album Cover	已更新相册封面		
PhotoLibrary.Status.RenamedAlbumFormat	Renamed album to '{0}'	已将相册重命名为「{0}」		
PhotoLibrary.Status.AlbumNameExistsFormat	Another album already has the name '{0}'.	已有另一个相册使用名称「{0}」。		
PhotoLibrary.Status.CouldNotRenameAlbumFormat	Could not rename album: {0}	无法重命名相册：{0}		
PhotoLibrary.Album.CreateDialogTitle	Create Album	新建相册		
PhotoLibrary.Album.RenameDialogTitle	Rename Album	重命名相册		
PhotoLibrary.Album.NamePlaceholder	Album Name	相册名称		
PhotoLibrary.Album.DeleteConfirmationFormat	Confirm that you wish to delete album '{0}'. All photos on the album will be deleted.	确认要删除相册「{0}」吗？该相册中的所有照片都将被删除。		
PhotoLibrary.Album.DeleteButton	DELETE	删除		
PhotoLibrary.BulkMove.MoveToAlbumSingularFormat	Move 1 photo to album '{0}'	将 1 张照片移动到相册「{0}」		
PhotoLibrary.BulkMove.MoveToAlbumPluralFormat	Move {0} photos to album '{1}'	将 {0} 张照片移动到相册「{1}」		
PhotoLibrary.BulkMove.WhereToMove	Where would you like to move the photos?	你想把照片移动到哪里？		
PhotoLibrary.BulkSelection.SelectedSingular	1 photo selected	已选择 1 张照片		
PhotoLibrary.BulkSelection.SelectedPluralFormat	{0} photos selected	已选择 {0} 张照片		
PhotoLibrary.BulkAction.ChooseAlbum	CHOOSE ALBUM	选择相册		
PhotoLibrary.BulkAction.Move	MOVE	移动		
PhotoLibrary.BulkAction.Delete	DELETE	删除		
PlanetAtmosphere.AtmosphereEndLabel	Atmosphere End	大气终止		
PlanetAtmosphere.AtmosphereEndTooltip	The threshold at which the atmosphere ends relative to its surface density.	大气终止相对于其地表密度的阈值。		
PlanetAtmosphere.Composition.GasLabel	Gas	气体		
PlanetAtmosphere.Composition.GasSlot	Gas {0}	气体 {0}		
PlanetAtmosphere.Composition.MassFractionLabel	Mass Fraction	质量分数		
PlanetAtmosphere.Composition.Title	Composition	成分		
PlanetAtmosphere.FadeDistanceLabel	Fade Distance	渐变距离		
PlanetAtmosphere.FadeDistanceTooltip	The distance from the edge of the atmosphere where the air density begins to linearly fade to zero.	空气密度从大气边缘开始线性衰减至零的距离。		
PlanetAtmosphere.HeightLabel	Height	高度		
PlanetAtmosphere.HeightTooltip	The physics height is calculated from the atmospheric parameters.	物理高度根据大气参数计算得出。		
PlanetAtmosphere.MeanGammaLabel	Mean Gamma	平均 Gamma		
PlanetAtmosphere.MeanGammaTooltip	The ideal gas mean gamma/specific heat value for the atmospheric composition.	大气成分的理想气体平均 Gamma/比热值。		
PlanetAtmosphere.MeanMolecularWeightLabel	Mean Molecular Weight	平均分子量		
PlanetAtmosphere.MeanMolecularWeightTooltip	The mean atomic mass per molecule. Changing this can affect the height of the atmosphere.	每个分子的平均原子质量。修改此项会影响大气高度。		
PlanetAtmosphere.OverrideReentryTintLabel	Override Reentry Tint	覆盖再入色调		
PlanetAtmosphere.OverrideReentryTintTooltip	Whether to tint the atmospheric reentry effect with a custom color for this planet instead of the default.	是否为此行星使用自定义颜色而非默认颜色来着色大气再入效果。		
PlanetAtmosphere.ReentryTintLabel	Reentry Tint	再入色调		
PlanetAtmosphere.ReentryTintTooltip	The color used to tint the atmospheric reentry effect when Override Reentry Tint is enabled.	启用覆盖再入色调时，用于着色大气再入效果的颜色。		
PlanetAtmosphere.SurfaceAirDensityLabel	Surface Air Density	地表空气密度		
PlanetAtmosphere.SurfaceAirDensityTooltip	Air density at the surface.	地表的空气密度。		
PlanetAtmosphere.TempDayLabel	Temperature - Day	温度 - 白天		
PlanetAtmosphere.TempDayTooltip	The mean surface temperature during the day.	白天的平均地表温度。		
PlanetAtmosphere.TempNightLabel	Temperature - Night	温度 - 夜间		
PlanetAtmosphere.TempNightTooltip	The mean surface temperature during the night.	夜间的平均地表温度。		
PlanetBrush.ApplyNoiseLabel	Apply Noise	应用噪声		
PlanetBrush.ApplyNoiseTooltip	If enabled, noise is generated and combined with the cubemap result. This can add higher frequency noise that the cubemap itself can't generate.	若启用，将生成噪声并与立方体贴图结果结合。这可添加立方体贴图本身无法生成的更高频噪声。		
PlanetBrush.BlurStrengthTooltip	The strength of the blur effect produced by the brush.	笔刷产生的模糊效果的强度。		
PlanetBrush.BrushSectionLabel	Brush	笔刷		
PlanetBrush.BrushSpinnerTooltip	Cycle between the various brushes used to paint changes onto the planet cubemap.	在为行星立方体贴图绘制更改所用的各种笔刷之间循环切换。		
PlanetBrush.CreateNewMapLabel	Create New Map	新建地图		
PlanetBrush.CreateNewMapTooltip	Create a new cubemap for the currently selected planet map.	为当前选定的行星地图新建立方体贴图。		
PlanetBrush.DiscardChangesLabel	Discard Changes	放弃更改		
PlanetBrush.DiscardChangesTooltip	Discard all changes to the planet map since the last time it was saved.	放弃自上次保存以来对行星地图所做的全部更改。		
PlanetBrush.EditMapLabel	Edit Map	编辑地图		
PlanetBrush.EditMapTooltip	Edit the cubemap for the currently selected planet map.	编辑当前选定行星地图的立方体贴图。		
PlanetBrush.HardnessLabel	Hardness	硬度		
PlanetBrush.HardnessTooltip	The hardness of the brush. Reducing this causes the brush's effect to start fading out closer to the center of the brush.	笔刷的硬度。降低此值会使笔刷效果更靠近笔刷中心就开始衰减。		
PlanetBrush.LoadMapLabel	Load Map	载入地图		
PlanetBrush.LoadMapTooltip	Load an existing planet cubemap.	载入现有的行星立方体贴图。		
PlanetBrush.MapSpinnerTooltip	Select the planet map to edit. Planet maps allow you to manually paint certain details directly onto the celestial body's surface.	选择要编辑的行星地图。行星地图可让你直接在天体表面手动绘制某些细节。		
PlanetBrush.NoiseOctavesToSkipLabel	Noise Octaves To Skip	跳过的噪声倍频		
PlanetBrush.NoiseOctavesToSkipTooltip	The number of noise octaves to skip when combining noise with a planet map. The first few octaves are typically the strongest, and it's usually best to skip these; otherwise they can greatly impact the result, possibly clobbering the look of the custom map. Including the later octaves can be very helpful to provide finer details the planet map's resolution can't handle.	将噪声与行星地图结合时跳过的噪声倍频数。前几个倍频通常最强，一般最好跳过；否则会大幅影响结果，可能破坏自定义地图的外观。包含后面的倍频有助于提供地图分辨率无法呈现的更精细细节。		
PlanetBrush.NoiseStrengthLabel	Noise Strength	噪声强度		
PlanetBrush.NoiseStrengthTooltip	The strength of the noise that will be combined with the cubemap data.	将与立方体贴图数据结合的噪声强度。		
PlanetBrush.NoMapsLabel	This celestial body does not support custom maps.	该天体不支持自定义地图。		
PlanetBrush.RadiusLabel	Radius	半径		
PlanetBrush.RadiusTooltip	The radius of the brush	笔刷的半径		
PlanetBrush.RemoveMapLabel	Remove Map	移除地图		
PlanetBrush.RemoveMapTooltip	Remove the cubemap from the currently selected planet map.	移除当前选定行星地图的立方体贴图。		
PlanetBrush.SaveChangesLabel	Save Changes	保存更改		
PlanetBrush.SaveChangesTooltip	Save changes to the planet map. This writes to the file immediately and doesn't require re-saving the celestial body. Take care: it can affect multiple celestial bodies or copies of this body if they all share the same file.	保存对行星地图的更改。这会立即写入文件，无需重新保存天体。请注意：若多个天体或该天体的副本共用同一文件，此操作可能影响它们。		
PlanetBrush.ShowMapLabel	Show Map	显示地图		
PlanetBrush.ShowMapTooltip	Toggles the display of the map on and off.	切换地图的显示开关。		
PlanetBrush.StrengthLabel	Strength	强度		
PlanetBrush.StrengthTooltip	The strength of the brush's effect.	笔刷效果的强度。		
PlanetBrush.Title	Brush	笔刷		
PlanetBrush.ValueLabel	Value	数值		
PlanetBrush.ValueTooltip	The grayscale color value applied at the brush strokes. The data itself is grayscale, but the color gradient above is used to represent it.	笔刷涂抹处应用的灰度颜色值。数据本身为灰度，但上方使用颜色渐变来表示。		
PlanetBrush.VisualizationLabel	Visualization	可视化		
PlanetBrush.VisualizationTooltip	The color gradient used to represent the values of the planet map. Ultimately, the planet map is like a single-channel texture; what it does depends entirely on the specific planet map for the current celestial body. Some maps represent continents, biomes, mountains, or anything else, and some gradients depict the result better than simple grayscale. This gradient has no real impact on the map's data; it's simply a tool for visualizing it.	用于表示行星地图数值的颜色渐变。行星地图本质上类似单通道贴图；其作用完全取决于当前天体所用的具体行星地图。有些地图表示大陆、生物群系、山脉或其他内容，某些渐变比单纯的灰度更能表现结果。此渐变对地图数据没有实际影响，仅用于可视化。		
PlanetModifier.AddBiome.BiomeIndexLabel	Biome Index	生物群系索引		
PlanetModifier.AddBiome.BiomeIndexTooltip	The index of the biome to add, with the strength of this biome defined by the modifier input value.	要添加的生物群系的索引，其强度由修改器的输入值决定。		
PlanetModifier.BasicArithmetic.InputCLabel	Input C	输入 C		
PlanetModifier.BasicArithmetic.InputCTooltip	The constant value 'C' input.	常量「C」输入。		
PlanetModifier.BasicArithmetic.OperationLabel	Operation	运算		
PlanetModifier.BasicArithmetic.OperationTooltip	The type of operation to perform.	要执行的运算类型。		
PlanetModifier.ColorBands.BandBaseColorTooltip	The base color of the color bands generated by this entry.	此条目生成的色带的基色。		
PlanetModifier.ColorBands.BandBlendWeightRangeLabel	Blend Weight Range	混合权重范围		
PlanetModifier.ColorBands.BandBlendWeightTooltip	The minimum and maximum blend weight for color bands generated by this input. Higher blend weights produce larger areas of blending between two color bands; lower blend weights produce sharper transitions.	此输入生成的色带的最小与最大混合权重。较高的混合权重会在两条色带之间产生更大范围的混合；较低的混合权重则产生更锐利的过渡。		
PlanetModifier.ColorBands.BandColorLabel	Color	颜色		
PlanetModifier.ColorBands.BandColorVarianceTooltip	The maximum HSV (Hue, Saturation, Value) color variance, relative to the base color, that is allowed in each random color band generated by this entry.	此条目生成的每条随机色带允许的最大 HSV（色相、饱和度、明度）颜色变化量（相对于基色）。		
PlanetModifier.ColorBands.BandCoreTooltip	The core weight of the band. This is the weight value used for the primary color only with no blending.	色带的核心权重。这是仅用于主色、不进行混合的权重值。		
PlanetModifier.ColorBands.BandCoreWeightRangeLabel	Core Weight Range	核心权重范围		
PlanetModifier.ColorBands.BandCoreWeightTooltip	The minimum and maximum core weight for color bands generated by this input. Higher core weights can result in larger areas of non-blended color bands.	此输入生成的色带的最小与最大核心权重。较高的核心权重会产生更大范围的不混合色带。		
PlanetModifier.ColorBands.BandCountRangeLabel	Band Count Range	色带数量范围		
PlanetModifier.ColorBands.BandCountTooltip	The minimum and maximum number of color bands to be generated by this input.	此输入生成的色带数量的最小与最大值。		
PlanetModifier.ColorBands.BandHsvVarianceLabel	HSV Variance	HSV 变化		
PlanetModifier.ColorBands.BandLowerBlendTooltip	The lower blend weight of the band. This is the weight value used for blending half way to the band below it.	色带的下混合权重。这是向下方色带混合一半时所用的权重值。		
PlanetModifier.ColorBands.BandUpperBlendTooltip	The upper blend weight of the band. This is the weight value used for blending half way to the band above it.	色带的上混合权重。这是向上方色带混合一半时所用的权重值。		
PlanetModifier.ColorBands.ColorBandsLabel	Color Bands	色带		
PlanetModifier.ColorBands.GenerateColorBandsLabel	Generate Color Bands	生成色带		
PlanetModifier.ColorBands.RandomColorBandsLabel	Random Color Bands	随机色带		
PlanetModifier.Craters.GroupLabel	Craters	陨石坑		
PlanetModifier.Craters.ShapeNoiseGroupLabel	Crater Shape Noise	陨石坑形状噪声		
PlanetModifier.CratersFast.CustomShapeEnabledLabel	Custom Shape Enabled	启用自定义形状		
PlanetModifier.CratersFast.CustomShapeEnabledTooltip	If enabled, this pass uses the custom crater shape curve defined in it for the craters it generates. Otherwise, this pass uses the default crater shape curve defined by the modifier.	若启用，此轮生成陨石坑时将使用其中定义的自定义陨石坑形状曲线；否则使用修改器定义的默认陨石坑形状曲线。		
PlanetModifier.CratersFast.CustomShapeLabel	Custom Shape	自定义形状		
PlanetModifier.CratersFast.CustomShapeTooltip	The custom crater shape curve used for craters generated in this pass only (if enabled).	仅用于此轮生成陨石坑的自定义陨石坑形状曲线（若启用）。		
PlanetModifier.DebugVisualize.ColorLabel	Color	颜色		
PlanetModifier.DebugVisualize.ColorTooltip	The color gradient to apply. Values at or below the min use the color at the left of the gradient. Values at or beyond the max use the color at the right. Values in between are linearly interpolated along the gradient.	要应用的颜色渐变。等于或低于最小值的数值使用渐变左端的颜色，等于或高于最大值的数值使用右端的颜色，介于两者之间的数值沿渐变线性插值。		
PlanetModifier.DebugVisualize.MaxInputValueTooltip	The maximum value of the input. This is used to create the range of values to be represented by the color gradient.	输入的最大值。用于确定颜色渐变所表示数值的范围。		
PlanetModifier.DebugVisualize.MinInputValueTooltip	The minimum value of the input. This is used to create the range of values to be represented by the color gradient.	输入的最小值。用于确定颜色渐变所表示数值的范围。		
PlanetModifier.DebugVisualize.PresetLabel	Preset	预设		
PlanetModifier.DebugVisualize.PresetTooltip	An option to choose from a few preset color gradients, rather than building your own custom color gradient.	可从几个预设颜色渐变中选择，而无需自行构建自定义颜色渐变。		
PlanetModifier.DebugVisualizeBiomes.UnknownBiome	Unknown Biome	未知生物群系		
PlanetModifier.Expression.ExpressionLabel	Expression	表达式		
PlanetModifier.Expression.ExpressionTooltip	The expression to be evaluated.	要求值的表达式。		
PlanetModifier.Expression.StatusLabel	Status	状态		
PlanetModifier.GetBiomeStrength.BiomeLabel	Biome	生物群系		
PlanetModifier.GetBiomeStrength.BiomeTooltip	The biome for which to get the strength value (a value between 0 and 1)	要获取强度值的生物群系（0 到 1 之间的值）		
PlanetModifier.GetCombinedBiomeStrength.BiomeFormat	Biome {0}	生物群系 {0}		
PlanetModifier.GetCombinedBiomeStrength.BiomeTooltip	One of the biomes of which the strength will be combined and added to the output data.	将被合并并添加到输出数据中的生物群系之一。		
PlanetModifier.HemisphereBiomeSwap.SourceBiomeLabel	Source Biome	源生物群系		
PlanetModifier.HemisphereBiomeSwap.SourceBiomeTooltip	The biome in the southern hemisphere to be replaced with the target biome.	南半球中将被目标生物群系替换的生物群系。		
PlanetModifier.HemisphereBiomeSwap.TargetBiomeLabel	Target Biome	目标生物群系		
PlanetModifier.HemisphereBiomeSwap.TargetBiomeTooltip	The biome to replace the source biome in the southern hemisphere.	用于替换南半球源生物群系的生物群系。		
PlanetModifier.LayeredBiomes.DefaultBiomeLabel	Default Biome	默认生物群系		
PlanetModifier.LayeredBiomes.DefaultBiomeTooltip	The default biome to be assigned if there is assigned biome strength remaining after evaluating all layers and inputs.	在评估完所有图层与输入后仍有剩余生物群系强度时，所分配的默认生物群系。		
PlanetModifier.LayeredBiomes.OtherBiomeLabel	Other Biome	其他生物群系		
PlanetModifier.LayeredBiomes.OtherBiomeTooltip	The other biome being assigned by the input if the input type assigns two biomes.	若输入类型会分配两个生物群系，则由该输入分配的另一个生物群系。		
PlanetModifier.LayeredBiomes.PrimaryBiomeLabel	Primary Biome	主生物群系		
PlanetModifier.LayeredBiomes.PrimaryBiomeTooltip	The primary biome being assigned by the input.	由该输入分配的主生物群系。		
PlanetModifier.SimpleBiomeRedistribution.BiomeLabel	Biome	生物群系		
PlanetModifier.SimpleBiomeRedistribution.BiomeTooltip	The biome for this target biome range.	此目标生物群系范围的生物群系。		
PlanetModifier.SimpleBiomeRedistribution.SourceBiomeTooltip	The source biome whose strength will be re-assigned to the target biome(s).	其强度将被重新分配给目标生物群系的源生物群系。		
PlanetModifier.SimpleBiomeRedistribution.UnnamedBiome	Unnamed Biome	未命名生物群系		
PlanetModifier.SimpleBiomes.BiomeLabel	Biome	生物群系		
PlanetModifier.SimpleBiomes.BiomeNotFound	Biome Not Found	未找到生物群系		
PlanetModifier.SimpleBiomes.BiomeTooltip	The biome for this biome range.	此生物群系范围的生物群系。		
PlanetObjects.LaunchLocation.NoStructureBelowError	No structure was found below the launch location at its current position.	当前位置的发射场下方未找到建筑。		
PlanetObjects.LaunchLocation.SnapToStructureLabel	Snap to Structure	吸附到建筑		
PlanetObjects.LaunchLocation.TooFarFromLocationError	You are too far from the launch location to snap a structure. Please move closer.	距离发射场太远，无法吸附建筑。请靠近一些。		
PlanetObjects.LaunchLocation.TypeName	Launch Location	发射场		
PlanetObjects.Structure.CurrentLodLabel	Current LOD	当前 LOD		
PlanetObjects.Structure.ElevationLabel	Elevation (ASL)	海拔 (ASL)		
PlanetObjects.Structure.ElevationTooltip	The height above sea level, in meters, to which the terrain should be flattened.	地形应平整到的海平面以上高度（米）。		
PlanetObjects.Structure.FlattenTerrainLabel	Flatten Terrain	平整地形		
PlanetObjects.Structure.FlattenTerrainTooltip	When enabled, the terrain will be flattened around the structure.	启用后，建筑周围的地形将被平整。		
PlanetObjects.Structure.LoadDistanceLabel	Load Distance	加载距离		
PlanetObjects.Structure.LoadDistanceTooltip	The distance in meters from the player that the structure should be loaded during flight.	飞行时与玩家的距离（米）内应加载该建筑。		
PlanetObjects.Structure.LodDistanceFormat	LOD {0} - Distance	LOD {0} - 距离		
PlanetObjects.Structure.LodDistanceTooltip	This number is multiplied by Load Distance to calculate the distance from the player that the structure should load sub-structures with this LOD (or lower).	此数值乘以加载距离，得出建筑应加载此 LOD（或更低）子结构的玩家距离。		
PlanetObjects.Structure.LodGroup	Level of Detail	细节层级		
PlanetObjects.Structure.NotLoadedText	Not Loaded	未加载		
PlanetObjects.Structure.TypeName	Structure	建筑		
PlanetObjects.Structure.VisibleInMapViewLabel	Visible in Map View	地图视图中可见		
PlanetObjects.Structure.VisibleInMapViewTooltip	Determines whether this structure will be visible and targetable in map view.	决定该建筑在地图视图中是否可见且可被选中。		
PlanetObjects.SubStructure.AngularVelocityLabel	Angular Velocity	角速度		
PlanetObjects.SubStructure.CameraCollision.Collide	Collide	碰撞		
PlanetObjects.SubStructure.CameraCollision.Default	Default	默认		
PlanetObjects.SubStructure.CameraCollision.NoCollide	No Collide	不碰撞		
PlanetObjects.SubStructure.CameraCollisionLabel	Camera Collision	相机碰撞		
PlanetObjects.SubStructure.CameraCollisionTooltip	Force or prevent camera collision. Default is recommended and this should only be changed in dire circumstances as it can have unintended consequences.	强制或阻止相机碰撞。建议保持默认，仅在极端情况下修改，否则可能产生意外后果。		
PlanetObjects.SubStructure.ColorLabel	Color	颜色		
PlanetObjects.SubStructure.ExportMeshLabel	Export Mesh	导出网格		
PlanetObjects.SubStructure.ExportNotLoadedError	Cannot export sub-structure because it is not loaded. Move the camera closer to it.	子结构尚未加载，无法导出。请将相机移近。		
PlanetObjects.SubStructure.ExportSuccessFormat	Sub-Structure Exported to {0}	子结构已导出到 {0}		
PlanetObjects.SubStructure.LevelOfDetailTooltip	The minimum level of detail at which the sub-structure loads. Zero means it loads immediately with the top level structure. Values above zero mean it loads at the matching level of detail, defined in the top level structure. Generally, large objects belong in a lower LOD and smaller objects in a higher LOD.	子结构加载所需的最低细节层级。零表示随顶层建筑立即加载。大于零表示在与顶层建筑中定义的对应细节层级加载。通常大型物体应放在更低的 LOD，小型物体放在更高的 LOD。		
PlanetObjects.SubStructure.LocalPositionLabel	Local Position	局部位置		
PlanetObjects.SubStructure.LocalRotationLabel	Local Rotation	局部旋转		
PlanetObjects.SubStructure.LocalScaleLabel	Local Scale	局部缩放		
PlanetObjects.SubStructure.MassLabel	Mass	质量		
PlanetObjects.SubStructure.MassTooltip	To make this sub-structure (and its children) a dynamic object, set this mass to a non-zero value. Children contribute to the overall mass and can affect the structure's CoM. If zero (the default), the sub-structure is a static, immovable object. Note that dynamic objects reset when the player resumes flight, quick loads, or returns after leaving the structure's LOD distance, so use with caution.	要使此子结构（及其子级）成为动态物体，请将质量设为非零值。子级会贡献总质量，并可能影响建筑的质心。若为零（默认），该子结构为静态、不可移动的物体。请注意，动态物体在玩家恢复飞行、快速读取或离开该建筑的 LOD 距离后返回时会重置，请谨慎使用。		
PlanetObjects.SubStructure.RequiredQualityLabel	Required Quality	所需画质		
PlanetObjects.SubStructure.RequiredQualityTooltip	The minimum required quality to load this sub-structure (and its children).	加载此子结构（及其子级）所需的最低画质。		
PlanetObjects.SubStructure.TextureTilingLabel	Texture Tiling	贴图平铺		
PlanetObjects.SubStructure.TypeName	Sub-Structure	子结构		
PlanetObjects.SubStructure.UpdateLaunchLocationsLabel	Update Launch Locations	更新发射场		
PlanetObjects.SubStructure.UpdateLaunchLocationsNotLoadedError	Sub-structure must be loaded and in view to update its launch locations. Zoom in closer and try again.	子结构必须已加载并在视野内才能更新其发射场。请拉近视角后重试。		
PlanetObjects.SubStructure.UpdateLaunchLocationsSuccessFormat	Added {0} new locations and updated {1} existing locations.	新增 {0} 个发射场，更新 {1} 个现有发射场。		
PlanetObjects.SurfaceObject.HeadingLabel	Heading	航向		
PlanetStudio.Atmosphere.AmbientAltMax	Ambient Alt Max	环境光最大高度		
PlanetStudio.Atmosphere.AmbientAltMaxTooltip	The maximum altitude for the ambient light range.	环境光范围的最大高度。		
PlanetStudio.Atmosphere.AmbientAltMin	Ambient Alt Min	环境光最小高度		
PlanetStudio.Atmosphere.AmbientAltMinTooltip	The minimum altitude for the ambient light range.	环境光范围的最小高度。		
PlanetStudio.Atmosphere.AmbientLightDay	Ambient Light (Day)	环境光（白天）		
PlanetStudio.Atmosphere.AmbientLightDayTooltip	The ambient light color during the day.	白天的环境光颜色。		
PlanetStudio.Atmosphere.AmbientLightNight	Ambient Light (Night)	环境光（夜晚）		
PlanetStudio.Atmosphere.AmbientLightNightTooltip	The ambient light color during the night.	夜晚的环境光颜色。		
PlanetStudio.Atmosphere.ChapmanOpticalDepth	Chapman Optical Depth	Chapman 光学深度		
PlanetStudio.Atmosphere.ChapmanOpticalDepthTooltip	Use the Chapman grazing-incidence function for atmospheric optical depth. More accurate near the horizon, giving better dusk reddening across different planet sizes and scale depths. Off by default to preserve the look of existing planets.	为大气光学深度使用 Chapman 掠入射函数。在地平线附近更准确，能让不同行星尺寸与尺度深度下的暮色红化效果更好。默认关闭，以保留现有行星的外观。		
PlanetStudio.Atmosphere.CrushAltitude	Crush Altitude	压实高度		
PlanetStudio.Atmosphere.CrushAltitudeTooltip	The altitude above sea level at which atmospheric pressure reaches 1 atm.	在海平面以上，大气压力达到 1 atm 的高度。		
PlanetStudio.Atmosphere.DuskColor	Dusk Color	暮色颜色		
PlanetStudio.Atmosphere.DuskColorTooltip	The color of the sky at dusk when viewed from the terrain.	从地形上仰望时黄昏天空的颜色。		
PlanetStudio.Atmosphere.FresnelBias	Fresnel Bias	菲涅尔偏移		
PlanetStudio.Atmosphere.FresnelBiasTooltip	The fresnel bias used when lighting terrain and water. It adjusts the strength of light reflected off surfaces seen from a glancing angle. The default value is 0.	为地形和水体打光时使用的菲涅尔偏移。它调整以掠射角观察表面时反射光的强度。默认值为 0。		
PlanetStudio.Atmosphere.HasAtmosphere	Has Atmosphere	启用大气		
PlanetStudio.Atmosphere.HasAtmosphereTooltip	Enables or disables the atmosphere.	启用或禁用大气。		
PlanetStudio.Atmosphere.HeightScale	Height Scale	高度缩放		
PlanetStudio.Atmosphere.HeightScaleTooltip	Scales the visual height of the atmosphere.	缩放大气的视觉高度。		
PlanetStudio.Atmosphere.Intensity	Intensity	强度		
PlanetStudio.Atmosphere.IntensityFromSpace	Intensity from Space	太空中的强度		
PlanetStudio.Atmosphere.IntensityFromSpaceTooltip	Increases or decreases the intensity of the atmosphere when viewed from space.	增大或减小从太空观察时大气的强度。		
PlanetStudio.Atmosphere.IntensityFromSurface	Intensity from Surface	地表处的强度		
PlanetStudio.Atmosphere.IntensityFromSurfaceTooltip	Increases or decreases the intensity of the atmosphere when viewed from the surface.	增大或减小从地表观察时大气的强度。		
PlanetStudio.Atmosphere.IntensityTooltip	Increases or decreases the intensity of the atmosphere.	增大或减小大气的强度。		
PlanetStudio.Atmosphere.LegacySkyShader	Legacy Sky Shader	旧版天空着色器		
PlanetStudio.Atmosphere.LegacySkyShaderTooltip	The sky shader was updated with some tweaks, notably to handle transparency differently.  This option allows existing planets to retain their original look.	天空着色器已更新并做了一些调整，主要是改变了透明度的处理方式。此选项可让现有行星保留原有外观。		
PlanetStudio.Atmosphere.LerpIntensity	Lerp Intensity	强度插值		
PlanetStudio.Atmosphere.LerpIntensityTooltip	Change intensity based on current altitude, interpolating between a surface value and a space value.	根据当前高度在表面值与太空值之间插值来改变强度。		
PlanetStudio.Atmosphere.LerpScaleDepth	Lerp Scale Depth	尺度深度插值		
PlanetStudio.Atmosphere.LerpScaleDepthTooltip	Change scale depth based on current altitude, interpolating between a surface value and a space value.	根据当前高度在表面值与太空值之间插值来改变尺度深度。		
PlanetStudio.Atmosphere.MaxColorValue	Max Color Value	最大颜色值		
PlanetStudio.Atmosphere.MaxColorValueTooltip	Sets the maximum color values.  Use this to control the amount of bloom.	设定颜色的最大取值。可用它控制泛光的强度。		
PlanetStudio.Atmosphere.MieScattering	Mie Scattering	Mie 散射		
PlanetStudio.Atmosphere.MieScatteringTooltip	Mie scattering constant.	Mie 散射常数。		
PlanetStudio.Atmosphere.NoonColor	Noon Color	正午颜色		
PlanetStudio.Atmosphere.NoonColorTooltip	The color of the sky at noon when viewed from the terrain.	从地形上仰望时正午天空的颜色。		
PlanetStudio.Atmosphere.OzoneAbsorption	Ozone Absorption	臭氧吸收		
PlanetStudio.Atmosphere.OzoneAbsorptionTooltip	The color removed from the sky by ozone absorption (strongest at dusk). Cool colors (blue/cyan) leave warmer orange sunsets; brighter channels are removed more strongly.	被臭氧吸收而从天空移除的颜色（在暮色时最强）。冷色（蓝/青）会留下更暖的橙色日落；越亮的通道被移除得越多。		
PlanetStudio.Atmosphere.OzoneStrength	Ozone Strength	臭氧强度		
PlanetStudio.Atmosphere.OzoneStrengthTooltip	The overall strength of ozone absorption. Zero disables ozone; raise it to deepen the sunset.	臭氧吸收的总强度。为零时禁用臭氧；调高可加深日落效果。		
PlanetStudio.Atmosphere.PhysicsGroup	Physics	物理		
PlanetStudio.Atmosphere.RayleighScattering	Rayleigh Scattering	Rayleigh 散射		
PlanetStudio.Atmosphere.RayleighScatteringTooltip	Rayleigh scattering constant.	Rayleigh 散射常数。		
PlanetStudio.Atmosphere.ScaleDepth	Scale Depth	尺度深度		
PlanetStudio.Atmosphere.ScaleDepthFromSpace	Scale Depth from Space	太空中的尺度深度		
PlanetStudio.Atmosphere.ScaleDepthFromSpaceTooltip	Increases or decreases the density of the atmosphere when viewed from space.	增大或减小从太空观察时大气的密度。		
PlanetStudio.Atmosphere.ScaleDepthFromSurface	Scale Depth from Surface	地表处的尺度深度		
PlanetStudio.Atmosphere.ScaleDepthFromSurfaceTooltip	Increases or decreases the density of the atmosphere when viewed from the surface.	增大或减小从地表观察时大气的密度。		
PlanetStudio.Atmosphere.ScaleDepthTooltip	Increases or decreases the density of the atmosphere.	增大或减小大气的密度。		
PlanetStudio.Atmosphere.SkyTintEnabled	Sky Tint Enabled	启用天空色调		
PlanetStudio.Atmosphere.SkyTintEnabledTooltip	When enabled, the sky shader tints the horizon with the Noon/Dusk colors so dusk can be vibrant without forcing a desaturated noon. Off by default; turn on per-planet after authoring the desired Noon/Dusk colors on the Sky target.	启用后，天空着色器会用正午/暮色颜色为地平线着色，使暮色可以很鲜艳，而不必强制正午变得暗淡。默认关闭；请在「天空」目标上设定好所需的正午/暮色颜色后，再按行星逐个开启。		
PlanetStudio.Atmosphere.SunBrightness	Sun Brightness	太阳亮度		
PlanetStudio.Atmosphere.SunBrightnessTooltip	Increases or decreases the brightness of the sun.	增大或减小太阳的亮度。		
PlanetStudio.Atmosphere.SymmetryScattering	Symmetry Scattering	对称散射		
PlanetStudio.Atmosphere.SymmetryScatteringTooltip	Affects the symmetry of the scattering.	影响散射的对称性。		
PlanetStudio.Atmosphere.Target.Both	Both	两者		
PlanetStudio.Atmosphere.Target.Sky	Sky	天空		
PlanetStudio.Atmosphere.Target.Terrain	Terrain	地形		
PlanetStudio.Atmosphere.TargetTooltip	Switch between editing the sky shader and terrain shader.	在编辑天空着色器与地形着色器之间切换。		
PlanetStudio.Atmosphere.Title	Atmosphere	大气		
PlanetStudio.Atmosphere.VisualsGroup	Visuals	视觉		
PlanetStudio.Atmosphere.WaveLength	Wave Length	波长		
PlanetStudio.Atmosphere.WaveLengthMagnitude	Wave Length Magnitude	波长量级		
PlanetStudio.Atmosphere.WaveLengthMagnitudeTooltip	The magnitude of the wave length.	波长的量级。		
PlanetStudio.Atmosphere.WaveLengthTooltip	The wavelength of the light. Changing this can have drastic effects on atmospheric color.	光的波长。更改它可能对大气颜色产生剧烈影响。		
PlanetStudio.Biome.Color	Color	颜色		
PlanetStudio.Biome.HighSlopeVariation	High Slope Variation	陡坡变化		
PlanetStudio.Biome.Texture	Texture	贴图		
PlanetStudio.Biomes.AddBiomeButton	CREATE BIOME	创建生物群系		
PlanetStudio.Biomes.AddBiomeInputDefault	Biome Name	生物群系名称		
PlanetStudio.Biomes.AddBiomePrompt	Enter a name for the biome.	输入生物群系的名称。		
PlanetStudio.Biomes.AddResourceTooltip	Add a mineable resource to this sub-biome.	为此子生物群系添加一种可开采资源。		
PlanetStudio.Biomes.AddSubBiomeTooltip	Adds a new sub-biome after this sub-biome.	在此子生物群系之后添加新的子生物群系。		
PlanetStudio.Biomes.AddTooltip	Adds a new biome.	添加新的生物群系。		
PlanetStudio.Biomes.BiomeHeightLabel	Biome Height (m)	生物群系高度（米）		
PlanetStudio.Biomes.BiomeLabel	Biome	生物群系		
PlanetStudio.Biomes.BiomeSelectorTooltip	The selected biome to edit.	当前选中要编辑的生物群系。		
PlanetStudio.Biomes.BlendOverlapLabel	Blend Overlap	混合重叠		
PlanetStudio.Biomes.SubBiomeStart.Altitude.Tooltip	The altitude, in meters, at which the sub-biome begins.	子生物群系开始的高度，单位为米。		
PlanetStudio.Biomes.SubBiomeStart.Value.Tooltip	The input value at which the sub-biome begins.	子生物群系开始的输入值。		
PlanetStudio.Biomes.BlendOverlap.Altitude.Tooltip	The percentage of the previous sub-biome's altitude range that this sub-biome overlaps. At 0%, there's no overlap with the previous sub-biome (not recommended). At 50%, this sub-biome begins halfway through the previous one's range, smoothly blending toward 100% where the previous sub-biome ends.	此子生物群系与上一个子生物群系高度范围重叠的百分比。为 0% 时不与上一个子生物群系重叠（不推荐）。为 50% 时，此子生物群系从上一个范围的中点开始，并在上一个子生物群系结束处平滑过渡到 100%。		
PlanetStudio.Biomes.BlendOverlap.Value.Tooltip	The percentage of the previous sub-biome's input value range that this sub-biome overlaps. At 0%, there's no overlap with the previous sub-biome (not recommended). At 50%, this sub-biome begins halfway through the previous sub-biome's range, blending smoothly toward 100% where the previous one ends.	此子生物群系与上一个子生物群系输入值范围重叠的百分比。为 0% 时不与上一个子生物群系重叠（不推荐）。为 50% 时，此子生物群系从上一个子生物群系范围的中点开始，并在上一个结束处平滑过渡到 100%。		
PlanetStudio.Biomes.SubBiomeSize.Altitude.Tooltip	The altitude range, in meters, that this sub-biome covers, starting at the start altitude.	此子生物群系覆盖的高度范围，单位为米，从起始高度开始。		
PlanetStudio.Biomes.SubBiomeSize.Altitude.WithBlendTooltip	The altitude range, in meters, that this sub-biome covers, starting at the start altitude based on the blend range with the previous biome.	此子生物群系覆盖的高度范围，单位为米，起始高度取决于与上一个生物群系的混合范围。		
PlanetStudio.Biomes.SubBiomeSize.Value.Tooltip	The value range that this sub-biome covers, starting at the start value.	此子生物群系覆盖的数值范围，从起始值开始。		
PlanetStudio.Biomes.SubBiomeSize.Value.WithBlendTooltip	The value range that this sub-biome covers, starting at the start value based on the blend range with the previous biome.	此子生物群系覆盖的数值范围，从起始值开始，起始值取决于与上一个生物群系的混合范围。		
PlanetStudio.Biomes.ColorLabel	Color	颜色		
PlanetStudio.Biomes.ColorTooltip	The base color of the terrain for this sub-biome style.	此子生物群系样式下地形的基础颜色。		
PlanetStudio.Biomes.DeleteBiomeButton	DELETE BIOME	删除生物群系		
PlanetStudio.Biomes.DeleteBiomeConfirmFormat	Delete biome '{0}'?{1}Proceed with caution. This will likely mess up the biome assignments. Biomes are assigned in the 'Biome' pass on the terrain generation flyout. Other aspects of terrain generation could be messed up too.	删除生物群系「{0}」？{1}请谨慎操作。这很可能打乱生物群系分配。生物群系是在地形生成面板的「生物群系」通道中分配的。地形生成的其他方面也可能被打乱。		
PlanetStudio.Biomes.DeleteLastBiomeError	Unable to delete the last biome. A celestial body requires at least one biome.	无法删除最后一个生物群系。天体至少需要一个生物群系。		
PlanetStudio.Biomes.DeleteResourceTooltip	Remove this resource from the sub-biome.	从此子生物群系移除此资源。		
PlanetStudio.Biomes.DeleteSubBiomeTooltip	Remove this sub-biome.	移除此子生物群系。		
PlanetStudio.Biomes.DeleteTooltip	Deletes this biome. Proceed with caution as this will likely mess up the biome assignments.	删除此生物群系。请谨慎操作，这很可能打乱生物群系分配。		
PlanetStudio.Biomes.EditBiomesGroup	Edit Biomes	编辑生物群系		
PlanetStudio.Biomes.EmissivenessLabel	Emissiveness	自发光		
PlanetStudio.Biomes.EmissivenessTooltip	The emissiveness of the terrain for this sub-biome style. The more emissive a surface is, the less it is affected by light.	此子生物群系样式下地形的自发光程度。表面越自发光，受光照影响越小。		
PlanetStudio.Biomes.FlatEndAngle	Flat End Angle	平坦结束角		
PlanetStudio.Biomes.FlatEndAngleTooltip	The angle at which this flat style ends and the slope style is fully shown. The styles are blended at angles between the Slope Start Angle and this angle.	此平坦样式结束、坡面样式完全显示的角度。坡度起始角与此角度之间的角度会对两种样式进行混合。		
PlanetStudio.Biomes.FlatStyleButton	Flat Style	平坦样式		
PlanetStudio.Biomes.FlatStyleTooltip	Select this to edit the sub-biome style and settings used when the slope of the terrain falls below the 'Flat End Angle'.	选择此项可编辑当地形坡度低于「平坦结束角」时使用的子生物群系样式与设置。		
PlanetStudio.Biomes.FullBlendedAngleLabel	Full Blended Angle	完全混合角		
PlanetStudio.Biomes.MetallicnessLabel	Metallicness	金属度		
PlanetStudio.Biomes.MetallicnessTooltip	The metallicness of the terrain for this sub-biome style. This affects the lighting on the terrain.	此子生物群系样式下地形的金属度。这会影响地形上的光照。		
PlanetStudio.Biomes.ModDataLabel	Mod Data	模组数据		
PlanetStudio.Biomes.MoveSubBiomeDownTooltip	Move this sub-biome down.	下移此子生物群系。		
PlanetStudio.Biomes.MoveSubBiomeUpTooltip	Move this sub-biome up.	上移此子生物群系。		
PlanetStudio.Biomes.NoBiomesLabel	No biomes available	没有可用的生物群系		
PlanetStudio.Biomes.NoiseStrengthLabel	Noise Strength	噪声强度		
PlanetStudio.Biomes.NoiseStrengthTooltip	How strongly the planet's Resource Distribution modulates this sub-biome's resources. 0 gives uniform coverage across the biome (ice caps, salt flats); 1 gives full patchiness from the planet's distribution field. Ignored when the planet has no Resource Distribution modifier in its pipeline.	行星的资源分布对此子生物群系资源的影响强度。为 0 时，资源在整个生物群系内均匀覆盖（冰盖、盐滩）；为 1 时，完全由行星的分布场决定疏密。若行星管道中没有资源分布修改器，则忽略此项。		
PlanetStudio.Biomes.RemoveLastTextureConfirm	You cannot remove the last texture slot.	无法移除最后一个贴图槽。		
PlanetStudio.Biomes.RenameBiomeButton	RENAME BIOME	重命名生物群系		
PlanetStudio.Biomes.RenameBiomePrompt	Enter a new name for the biome.	输入生物群系的新名称。		
PlanetStudio.Biomes.RenameButton	Rename	重命名		
PlanetStudio.Biomes.RenameTooltip	Renames this biome.	重命名此生物群系。		
PlanetStudio.Biomes.ResourcesLabel	Resources	资源		
PlanetStudio.Biomes.SlopeStartAngle	Slope Start Angle	坡面起始角		
PlanetStudio.Biomes.SlopeStartAngleTooltip	The angle at which the slope style begins. It is blended with the flat style up to Flat End Angle.	坡面样式开始的角度。它会与平坦样式混合，直到平坦结束角。		
PlanetStudio.Biomes.SlopeStyleButton	Slope Style	坡面样式		
PlanetStudio.Biomes.SlopeStyleTooltip	Select this to edit the sub-biome style and settings used when the slope of the terrain falls above the 'Slope Start Angle'.	选择此项可编辑当地形坡度高于「坡面起始角」时使用的子生物群系样式与设置。		
PlanetStudio.Biomes.SmoothnessLabel	Smoothness	平滑度		
PlanetStudio.Biomes.SmoothnessTooltip	The smoothness of the terrain for this sub-biome style. This affects the lighting on the terrain.	此子生物群系样式下地形的平滑度。这会影响地形上的光照。		
PlanetStudio.Biomes.StartAltitudeLabel	Start Altitude	起始高度		
PlanetStudio.Biomes.StartAngleLabel	Start Angle	起始角度		
PlanetStudio.Biomes.SubBiomeDefaultName	Sub Biome	子生物群系		
PlanetStudio.Biomes.SubBiomeDefaultNameFormat	Sub Biome {0}	子生物群系 {0}		
PlanetStudio.Biomes.SubBiomeHeader	SUB-BIOME	子生物群系		
PlanetStudio.Biomes.SubBiomeName	Name	名称		
PlanetStudio.Biomes.SubBiomeNameTooltip	The name of the sub-biome (optional).	子生物群系的名称（可选）。		
PlanetStudio.Biomes.TextureTooltip	The detail texture used on the terrain surface for this sub-biome style. Only textures added to the celestial body via the Terrain Textures flyout may be used here.	此子生物群系样式下用于地形表面的细节贴图。此处只能使用通过地形贴图面板添加到天体的贴图。		
PlanetStudio.Biomes.TireTrackStrengthLabel	Tire Track Strength	轮胎痕迹强度		
PlanetStudio.Biomes.TireTrackStrengthTooltip	The strength of tire tracks left by craft tires in this sub-biome style.	此子生物群系样式中载具轮胎留下痕迹的强度。		
PlanetStudio.Biomes.ValueRangeLabel	Value Range	数值范围		
PlanetStudio.Brush.CreateMapMessage	Create a new map for '{0}'? The map can be initialized with its default generated content or it can be initialized as an empty map.	为「{0}」创建新贴图？贴图可以用默认生成的内容初始化，也可以初始化为空贴图。		
PlanetStudio.Brush.DefaultMap	Default Map	默认贴图		
PlanetStudio.Brush.EmptyMap	Empty Map	空贴图		
PlanetStudio.Brush.EnterMapFileName	Enter the map file name.	输入贴图文件名。		
PlanetStudio.Brush.MapNone	None	无		
PlanetStudio.Brush.OverwriteFileConfirm	A file already exists with that name. Do you wish to overwrite it?	已存在同名文件。是否要覆盖？		
PlanetStudio.Brush.CreateMapErrorFormat	An error occurred creating a new map: {0}	创建新贴图时发生错误：{0}		
PlanetStudio.Brush.LoadMapErrorFormat	An error occurred loading the map: {0}	加载贴图时发生错误：{0}		
PlanetStudio.Brush.ValidFileNameRequired	A valid file name is required.	需要提供有效的文件名。		
PlanetStudio.Brush.NotValidCubemapFormat	Map file '{0}' is not a valid cubemap texture. It must be a cubemap texture in horizontal layout, with the width being six times the height.	贴图文件「{0}」不是有效的立方体贴图。它必须是横向布局的立方体贴图，宽度为高度的六倍。		
PlanetStudio.Brush.LoadNextMapErrorFormat	An error occurred selecting and loading the next map: {0}	选择并加载下一个贴图时发生错误：{0}		
PlanetStudio.Brush.LoadPreviousMapErrorFormat	An error occurred selecting and loading the previous map: {0}	选择并加载上一个贴图时发生错误：{0}		
PlanetStudio.Brush.SaveMapErrorFormat	An error occurred saving the map: {0}	保存贴图时发生错误：{0}		
PlanetStudio.CelestialBody.CloneCreated	New celestial body created.	已创建新天体。		
PlanetStudio.CelestialBody.CloneFailedNoInfo	Celestial body info could not be found for the selected item.	找不到所选项目对应的天体信息。		
PlanetStudio.CelestialBody.CloneFailedNoSelection	No celestial body selected.	未选择天体。		
PlanetStudio.CelestialBody.CloneNamePrompt	Celestial body Name	天体名称		
PlanetStudio.CelestialBody.DeleteConfirm	Confirm that you want to delete the celestial body '{0}'	确认要删除天体「{0}」		
PlanetStudio.CelestialBody.LoadErrorFormat	Unable to load celestial body: {0}	无法加载天体：{0}		
PlanetStudio.CelestialBody.LoadWarningsFormat	The celestial body was loaded with warnings: {0}	天体加载时出现警告：{0}		
PlanetStudio.CelestialBody.NewPlanetNamePrompt	Provide a name for the new planet.	为新行星命名。		
PlanetStudio.CelestialBody.NotLoaded	Unable to save the celestial body because it is not loaded.	天体未加载，无法保存。		
PlanetStudio.CelestialBody.SaveErrorFormat	An error occurred saving the celestial body. {0}	保存天体时发生错误。{0}		
PlanetStudio.CelestialBody.Title.Create	Create Planet	创建行星		
PlanetStudio.CelestialBody.Title.Load	Celestial Bodies	天体		
PlanetStudio.CelestialBody.ViewErrorFormat	Unable to view celestial body: {0}	无法查看天体：{0}		
PlanetStudio.Filter.CelestialBody.CommunityTooltip	The search filter for celestial bodies created by the community	筛选社区创建的天体的搜索条件		
PlanetStudio.Filter.CelestialBody.PlanetStudioTooltip	The search filter for celestial bodies created in planet studio	筛选在行星工坊中创建的天体的搜索条件		
PlanetStudio.Filter.CelestialBody.PreviousVersionsTooltip	The search filter that hides celestial bodies for which there are newer versions installed.	隐藏已安装更新版本的天体的搜索筛选条件。		
PlanetStudio.Filter.CelestialBody.StockTooltip	The search filter for stock celestial bodies	筛选游戏自带的天体的搜索条件		
PlanetStudio.Filter.Community	Community	社区		
PlanetStudio.Filter.PlanetarySystem.CommunityTooltip	The search filter for planetary systems created by the community	筛选社区创建的行星系的搜索条件		
PlanetStudio.Filter.PlanetarySystem.PlanetStudioTooltip	The search filter for planetary systems created in planet studio	筛选在行星工坊中创建的行星系的搜索条件		
PlanetStudio.Filter.PlanetarySystem.PreviousVersionsTooltip	The search filter that hides planetary systems for which there are newer versions installed.	隐藏已安装更新版本的行星系的搜索筛选条件。		
PlanetStudio.Filter.PlanetarySystem.StockTooltip	The search filter for stock planetary systems	筛选游戏自带的行星系的搜索条件		
PlanetStudio.Filter.PlanetStudio	Planet Studio	行星工坊		
PlanetStudio.Filter.PreviousVersions	Previous Versions	旧版本		
PlanetStudio.Filter.SetAsCurrentSystem	Set As Current System	设为当前行星系		
PlanetStudio.Filter.Stock	Stock	游戏自带		
PlanetStudio.Flyout.Atmosphere	ATMOSPHERE	大气		
PlanetStudio.Flyout.Biomes	BIOMES	生物群系		
PlanetStudio.Flyout.LaunchLocations	LAUNCH LOCATIONS	发射场		
PlanetStudio.Flyout.PlanetBrush	PLANET BRUSH	行星笔刷		
PlanetStudio.Flyout.PlanetObjects	PLANET OBJECTS	行星物体		
PlanetStudio.Flyout.PlanetsInSystem	PLANETS IN SYSTEM	行星系中的行星		
PlanetStudio.Flyout.Properties	PROPERTIES	属性		
PlanetStudio.Flyout.Rings	RINGS	行星环		
PlanetStudio.Flyout.SystemProperties	SYSTEM PROPERTIES	行星系属性		
PlanetStudio.Flyout.TerrainGeneration	TERRAIN GENERATION	地形生成		
PlanetStudio.Flyout.TerrainTextures	TERRAIN TEXTURES	地形贴图		
PlanetStudio.Flyout.UndoHistory	UNDO HISTORY	撤销历史		
PlanetStudio.Flyout.Water	WATER	水面		
PlanetStudio.Help.Biomes	The Biomes flyout panel customizes the look of specific regions of your planet. Each biome is split into one or more sub-biomes, which define the visual style for different altitudes within the same biome.\n\nFor example, imagine a grassland biome split into three sub-biomes that define how it changes visually as altitude increases. The first could start at -500 meters, well below sea level, and extend to 10 meters above it, with a sandy color and texture to represent beaches near sea level. The next could extend to 500 meters with a grassy color and texture. The last could run from 500 to 10,000 meters with a gray color and rocky texture to represent mountains.	生物群系面板用于自定义行星特定区域的外观。每个生物群系会被拆分为一个或多个子生物群系，它们定义同一生物群系内不同高度的视觉样式。\n\n例如，设想一个草原生物群系被拆分为三个子生物群系，分别定义它随高度升高时的外观变化。第一个可以从 -500 米开始（远低于海平面）一直延伸到海平面以上 10 米，用沙色与沙质贴图表现海平面附近的沙滩。第二个可以延伸到 500 米，用草色与草地贴图。最后一个可以从 500 米延伸到 10,000 米，用灰色与岩石贴图表现山脉。		
PlanetStudio.Help.Biomes.Part2	Looking closely at the diagram above, you'll notice each sub-biome overlaps by some amount. This overlap lets sub-biomes blend smoothly as they transition from one to another; the larger the overlap, the more gradual the transition.\n\nEach sub-biome can also define a different visual style based on slope. This is useful for something like a mountain where steep faces are gray but flat spots are white. View each sub-biome's settings via the Flat Style and Slope Style buttons. The Flat End Angle and Slope Start Angle define the range over which those styles blend together.	仔细观察上面的示意图，你会注意到每个子生物群系都有一定量的重叠。这种重叠让子生物群系在相互过渡时平滑混合；重叠越大，过渡越平缓。\n\n每个子生物群系还可以根据坡度定义不同的视觉样式。这对山脉这类地形很有用：陡峭的坡面是灰色，平坦处则是白色。可通过「平坦样式」和「坡面样式」按钮查看各子生物群系的设置。「平坦结束角」和「坡面起始角」定义这些样式相互混合的范围。		
PlanetStudio.Help.Biomes.Part3	Some planets define their sub-biomes by a value instead of a height, which requires the Sub-Biomes (Value Based) planet modifier for each biome. This can be more flexible and makes it easier to scale your planet's terrain features without changing sub-biome ranges, but it's harder to set up and less intuitive to work with.	有些行星用数值而不是高度来定义子生物群系，这需要为每个生物群系添加「子生物群系（基于数值）」行星修改器。这样更灵活，也更容易在不改变子生物群系范围的前提下缩放行星的地形特征，但设置更困难，用起来也更不直观。		
PlanetStudio.Help.CelestialBodyDesigner	The Celestial Body Designer is where you build custom celestial bodies (aka planets). Several flyout panels let you customize different parts of your planet.\n\nThe Properties flyout holds general info such as radius, gravity, atmosphere settings, and more. Settings are extensively tool-tipped, so read those for details on a particular setting.\n\nSome settings apply immediately, but others require "rebuilding the planet," done via the Rebuild button in the Celestial Body inspector panel at the top right of the screen. When a rebuild is needed, the button turns blue, as shown below.	天体设计器是你创建自定义天体（也就是行星）的地方。多个面板可让你自定义行星的不同部分。\n\n属性面板包含半径、重力、大气设置等常规信息。各项设置都配有详细提示，想了解某项设置的细节请阅读对应的提示。\n\n有些设置会立即生效，另一些则需要「重建行星」，通过屏幕右上天体检查器面板中的「重建」按钮执行。需要重建时按钮会变蓝，如下图所示。		
PlanetStudio.Help.DataFlow	A planet modifier can pass data to another by writing it to a data slot. There are only 10 slots, and writing to one overwrites whatever was there.\n\nIn Advanced View, toggle the Data Flow panel to see how data flows between modifiers. In the example below, the Noise modifier writes to slot 3; the next modifier, BasicArithmetic, reads from slot 3 and writes its output to slot 4. Slot 3's data persists since BasicArithmetic didn't overwrite it. Blue blocks are outputs; U-shaped blocks are inputs.	行星修改器可以通过把数据写入数据槽来传给另一个修改器。数据槽只有 10 个，写入某个槽会覆盖其中原有的内容。\n\n在高级视图中，切换数据流面板即可查看修改器之间的数据流动。下面的示例中，噪声修改器写入槽 3；下一个修改器 BasicArithmetic 从槽 3 读取，并把输出写入槽 4。由于 BasicArithmetic 没有覆盖它，槽 3 的数据依然保留。蓝色方块是输出，U 形方块是输入。		
PlanetStudio.Help.DataFlow.Part2	Change which data slot a modifier uses for inputs and outputs by clicking and dragging its icons in the Data Flow panel. You can also change a modifier's inputs and outputs by selecting it and using the Data Slots section at the bottom of the inspector window.	在数据流面板中点击并拖动修改器的图标，即可更改它用于输入和输出的数据槽。你也可以选中修改器，然后使用检查器窗口底部的数据槽区域来更改它的输入和输出。		
PlanetStudio.Help.DataFlow.Part3	There are two types of data slots: common and biome. During common passes, all planet modifiers write to and read from common data slots. In a biome pass, data is written to and read from a temporary set of slots that reset after each biome pass. A biome pass cannot write to common data slots, but it can read them with a GetCommonData modifier, which reads from a common data slot and outputs into a biome data slot.	数据槽有两类：通用和生物群系。在通用通道中，所有行星修改器都读写通用数据槽。在生物群系通道中，数据读写使用一组临时数据槽，每个生物群系通道结束后都会重置。生物群系通道无法写入通用数据槽，但可以用 GetCommonData 修改器读取：它从通用数据槽读取并输出到生物群系数据槽。		
PlanetStudio.Help.Debugging	A few planet modifiers help troubleshoot terrain generation. The Debug Visualization (Biomes) modifier overrides terrain color to show a distinct color per biome. Just place it at the end of the Final Pass and rebuild the planet.\n\nThe Debug Visualize (Data) modifier outputs color based on its input, using that input to look up a value in the customizable color gradient in its inspector panel. The input can come from any modifier, but often displays a Noise modifier's output. To use it, place it directly after a Noise modifier and set its input data slot to match the Noise modifier's output data slot. Here's an example showing output from a Noise modifier with a Perlin Fractal noise type.	有几种行星修改器可用于排查地形生成问题。调试可视化（生物群系）修改器会覆盖地形颜色，为每个生物群系显示一种独特的颜色。只需把它放在最终通道的末尾并重建行星。\n\n调试可视化（数据）修改器会根据输入输出颜色，用该输入在检查器面板中可自定义的颜色渐变里查找数值。输入可以来自任何修改器，但通常显示噪声修改器的输出。要使用它，请把它直接放在噪声修改器之后，并把它的输入数据槽设为与该噪声修改器的输出数据槽一致。下面是一个示例，显示噪声类型为 Perlin 分形的噪声修改器的输出。		
PlanetStudio.Help.Debugging.Part2	It's also wise to watch your planet's performance via the Performance section of the Celestial Body inspector panel, noting the Quad Build Times, especially the average. Faster average build times improve the experience for players who download your planet. Load up the stock planets and note their average quad build times on your device, then compare. If your planet is considerably slower, it may be worth cutting back on the complexity of your planet modifiers. You can also tweak Properties -> Terrain Quality Modes to reduce the subdivisions and Terrain Vertices per quad.	同样明智的是通过天体检查器面板的「性能」区域观察行星的性能，注意四边形构建时间，尤其是平均值。更快的平均构建时间能改善下载你行星的玩家的体验。加载游戏自带的行星，记下它们在你设备上的平均四边形构建时间，然后作对比。如果你的行星明显更慢，可能值得削减行星修改器的复杂度。你也可以调整 属性 -> 地形质量模式 来减少细分层级和每个四边形的地形顶点数。		
PlanetStudio.Help.Intro	Welcome to Planet Studio! Here you can build custom planets and planetary systems, then upload and share them with the community.\n\nPlanet Studio has two parts: the Celestial Body Designer and the Planetary System Designer. The Celestial Body Designer is where you build any celestial body — planets, suns, moons, dwarf planets, etc. Enter it via the Create Planet or Load Planet buttons in the menu.\n\nThe Planetary System Designer is where you build a solar system from celestial bodies saved on your device. Define their orbits and parent/child relationships. Once complete, upload your system to the website and share it with the community. Enter it via the Load System button in the menu.\n\nBoth Designers have configurable inputs for camera movement and more, which you can view and configure under Settings -> Control Settings -> Planet Studio.\n\nNote: We often say planet instead of the more correct "celestial body" because it's easier and our fingers are tired from all the typing.	欢迎来到行星工坊！在这里你可以创建自定义行星和行星系，然后上传并与社区分享。\n\n行星工坊分为两部分：天体设计器和行星系设计器。天体设计器用于创建任何天体——行星、恒星、卫星、矮行星等。可通过菜单中的「创建行星」或「加载行星」按钮进入。\n\n行星系设计器则用保存在你设备上的天体搭建恒星系。定义它们的轨道以及父子关系。完成后，把行星系上传到网站并与社区分享。可通过菜单中的「加载行星系」按钮进入。\n\n两个设计器的相机移动等输入都可以配置，你可以在 设置 -> 控制设置 -> 行星工坊 中查看和配置。\n\n注意：我们经常用「行星」代替更准确的「天体」，因为这样更省事，我们的手指也敲累了。		
PlanetStudio.Help.Noise	The Noise modifier generates a value using one of several gradient noise functions. This value can set a vertex's height, set a biome's strength, or serve as a mask input to another Noise modifier. The possibilities are endless.\n\nNoise functions are a very complex topic, beyond the scope of this help text. The basics are below, but one of the best ways to learn is to experiment with the different noise types.\n\nMost noise functions use five basic properties: Strength, Frequency, Octaves, Lacunarity, and Gain.\n\nStrength\nStrength is the amplitude of the noise, probably the most intuitive setting. Increasing it makes the noise bolder (ie - it outputs larger values).\n\nFrequency\nFrequency sets the number of cycles per unit length. In other words, small terrain details need a higher frequency and large details need a lower one.\n\nOctaves\nAvailable for fractal noise, octaves define how many times the noise function runs. With each run, Strength is multiplied by Gain and Frequency by Lacunarity. A common setup is Gain at 0.5 and Lacunarity at 2, so each run halves the strength and doubles the frequency, adding more refined detail at less strength. Increasing octaves can make terrain look great, especially up close, but can also hurt performance, so use them with a hint of caution.\n\nGain\nAs noted above, gain multiplies strength for each successive octave. Typically gain is less than one, since you want strength to drop per octave, but working with noise is an art form and sometimes you must break the rules to create truly unique terrain. Experiment and see what looks best!\n\nLacunarity\nLack-You-Nare-Itty. At least that's how I say it. This multiplies frequency with each octave. Typically you want it above one, so frequency increases per octave and details become tinier and more refined.	噪声修改器使用多种梯度噪声函数之一生成一个值。这个值可以设置顶点的高度、设置生物群系的强度，或作为另一个噪声修改器的遮罩输入。可能性无穷无尽。\n\n噪声函数是一个非常复杂的话题，超出了本帮助文本的范围。下面只介绍基础内容，但最好的学习方式之一是尝试不同的噪声类型。\n\n大多数噪声函数使用五个基本属性：强度、频率、倍频数、间隙度和增益。\n\n强度\n强度是噪声的振幅，大概是最直观的设置。调高它会让噪声更强烈（也就是输出更大的值）。\n\n频率\n频率设定单位长度内的周期数。换句话说，小的地形细节需要更高的频率，大的细节需要更低的频率。\n\n倍频数\n倍频数适用于分形噪声，定义噪声函数运行的次数。每次运行，强度乘以增益，频率乘以间隙度。常见的配置是增益取 0.5、间隙度取 2，这样每次运行强度减半、频率加倍，以更小的强度添加更精细的细节。提高倍频数能让地形更好看，尤其是近看时，但也会影响性能，所以要谨慎使用。\n\n增益\n如上所述，增益会为每个后续倍频乘算强度。通常增益小于 1，因为你希望强度逐倍频下降，但处理噪声是一门艺术，有时必须打破规则才能创造出真正独特的地形。多试几次，看看哪种最好看！\n\n间隙度\nLack-You-Nare-Itty，至少我是这么读的。它会为每个倍频乘算频率。通常你会希望它大于 1，这样频率随倍频递增，细节也变得更细小、更精细。		
PlanetStudio.Help.Passes	Planet modifiers are grouped into passes. Each pass runs its planet modifiers one at a time before the next pass starts. Passes have different purposes and different input data available.\n\nBiome Pass\nThe first pass to run. It sets up the biome strength values, laying out where each biome sits on your planet. For example, an earth-like planet would give high biome strength to arctic biomes at the poles and higher strength to deserts and grasslands near the equator.\n\nHeight Pass\nRuns next, mainly responsible for setting the vertex's height value.\n\nHeight Biomes Pass\nRuns next for each biome identified in the Biome Pass. If multiple biomes have strength values, they're blended automatically based on their individual strengths. Being biome-specific, this pass is meant for biome-specific modifiers.\n\nHeight Final Pass\nRuns next, useful for common modifiers that must run after the biome-specific ones. A great place for the RadialFlatten modifier to smooth terrain for structures and launch locations. Not run for individual biomes.\n\nFinal Pass\nThe last pass for the terrain, running after all other terrain passes. It sets any remaining unset vertex data, such as color. This is the only pass where the normal vector is available, and it should not modify the height.\n\nFinal Biomes Pass\nThe Final Pass for biome-specific modifiers. Values are blended based on the strengths from the Biome Pass.\n\nWater Pass\nRuns last. Sets water-related data such as color, wave intensity, etc.\n\nWater Biomes Pass\nThe Water Pass for biome-specific modifiers, with water properties blended based on the strengths from the Biome Pass. This is the last pass to run.	行星修改器按通道分组。每个通道会依次运行其行星修改器，然后下一个通道才开始。各通道有不同用途，可用的输入数据也不同。\n\n生物群系通道\n最先运行的通道。它设定生物群系强度值，安排每个生物群系在行星上的位置。例如，类地行星会给极地的极地生物群系很高的生物群系强度，并给赤道附近的沙漠和草原较高强度。\n\n高度通道\n接下来运行，主要负责设定顶点的高度值。\n\n高度生物群系通道\n接下来为生物群系通道中识别出的每个生物群系运行。若多个生物群系都有强度值，系统会根据各自的强度自动混合。由于针对生物群系，此通道专供生物群系专用修改器使用。\n\n高度最终通道\n接下来运行，适合那些必须在生物群系专用修改器之后运行的通用修改器。是放置 RadialFlatten 修改器来为建筑和发射场平整地形的理想位置。不为单个生物群系运行。\n\n最终通道\n地形的最后一个通道，在所有其他地形通道之后运行。它设定其余未设置的顶点数据，例如颜色。这是唯一可以使用法线向量的通道，且不应修改高度。\n\n最终生物群系通道\n用于生物群系专用修改器的最终通道。数值根据生物群系通道中的强度进行混合。\n\n水面通道\n最后运行。设定与水面相关的数据，例如颜色、波浪强度等。\n\n水面生物群系通道\n用于生物群系专用修改器的水面通道，水体属性根据生物群系通道中的强度进行混合。这是最后运行的通道。		
PlanetStudio.Help.PlanetarySystemDesigner	Here you can build a system using planets saved on your device. Select a planet to tweak its orbital parameters, adjusting the shape and size of its orbit. You can also add a child planet that orbits the selected one as a satellite.\n\nThe time panel in the top right corner lets you advance and reverse time to view how your planets move through their orbits.\n\nThe Locations flyout panel shows all locations on planets as they're added to the system. However, if you edit a planet's launch locations after adding it, they won't appear in the System's launch location list. Click the RESET button at the bottom of that panel to search all planets in the system and rebuild the list.	在这里你可以用保存在设备上的行星搭建行星系。选中一个行星可调整其轨道参数，改变轨道的形状与大小。你还可以添加一个以所选行星为环绕对象的子行星作为卫星。\n\n右上角的时间面板可让你推进和倒退时间，查看行星如何沿轨道运动。\n\n位置面板会显示行星系中添加的所有行星上的地点。不过，如果你在添加某行星后编辑了它的发射场，这些发射场不会出现在行星系的发射场列表中。点击该面板底部的「重置」按钮可搜索行星系中所有行星并重建列表。		
PlanetStudio.Help.PlanetBrushMaps	The Brush flyout lets you add custom maps to your planet. These maps can work alongside Noise modifiers or override the Noise output completely. For example, this is useful for painting continent locations by hand. Note that the planet must be configured to use a Planet Brush Map.	笔刷面板可让你为行星添加自定义贴图。这些贴图可以与噪声修改器共同作用，也可以完全覆盖噪声输出。例如，手工绘制大陆位置时就很实用。注意，行星必须配置为使用行星笔刷贴图。		
PlanetStudio.Help.TerrainGeneration	To make truly unique planets, you'll likely need the Terrain Generation flyout panel. It's the most complicated part of Planet Studio, but also the most powerful.\n\nTerrain generation runs a list of planet modifiers for each terrain vertex. These modifiers calculate the vertex's height, color, texture data, etc.\n\nTerrain Generation has two views: Basic and Advanced. Basic shows only a subset of modifiers, with a simplified inspector panel when selected. Advanced shows all modifiers and all their properties in the inspector. You can also view the Data Flow, which shows how data passes between modifiers; see the Data Flow section for details.\n\nBasic is selected by default, but you can switch modes by tapping the button at the top left of the flyout panel.	要做出真正独特的行星，你很可能需要地形生成面板。它是行星工坊中最复杂的部分，却也最强大。\n\n地形生成会为每个地形顶点运行一列行星修改器。这些修改器计算顶点的高度、颜色、贴图数据等。\n\n地形生成有两种视图：基础和高级。基础视图只显示一部分修改器，选中时显示简化的检查器面板。高级视图显示所有修改器及其在检查器中的全部属性。你还可以查看数据流，它显示数据如何在修改器之间传递；详见数据流一节。\n\n默认选中基础视图，你可以点击面板左上角的按钮切换模式。		
PlanetStudio.Help.Title	Planet Studio Help	行星工坊帮助		
PlanetStudio.Help.Toc.CelestialBodyDesigner	Celestial Body Designer	天体设计器		
PlanetStudio.Help.Toc.DataFlow	Data Flow	数据流		
PlanetStudio.Help.Toc.Debugging	Debugging	调试		
PlanetStudio.Help.Toc.Intro	Intro	简介		
PlanetStudio.Help.Toc.Noise	Noise	噪声		
PlanetStudio.Help.Toc.Passes	Passes	通道		
PlanetStudio.Help.Toc.PlanetarySystemDesigner	Planetary System Designer	行星系设计器		
PlanetStudio.Help.Toc.PlanetBrushMaps	Planet Brush Maps	行星笔刷贴图		
PlanetStudio.LaunchLocations.Reset	RESET	重置		
PlanetStudio.LoadCelestialBody.UnableToLoadFormat	Unable to load celestial body with ID '{0}': {1}	无法加载 ID 为「{0}」的天体：{1}		
PlanetStudio.LoadCelestialBody.UnableToViewFormat	Unable to view celestial body with ID '{0}': {1}	无法查看 ID 为「{0}」的天体：{1}		
PlanetStudio.LoadCelestialBody.UndoDescription	Loaded celestial body	已加载天体		
PlanetStudio.LoadPlanetarySystem.UnableToLoadFormat	Unable to load planetary system with ID '{0}': {1}	无法加载 ID 为「{0}」的行星系：{1}		
PlanetStudio.LoadPlanetarySystem.UnableToViewFormat	Unable to view planetary system with ID '{0}': {1}	无法查看 ID 为「{0}」的行星系：{1}		
PlanetStudio.LoadPlanetarySystem.WarningsFormat	The planetary system was loaded with warnings: {0}	行星系加载时出现警告：{0}		
PlanetStudio.Menu.CreatePlanet	CREATE PLANET	创建行星		
PlanetStudio.Menu.CreateSystem	CREATE SYSTEM	创建行星系		
PlanetStudio.Menu.Guide	GUIDE	指南		
PlanetStudio.Menu.LoadPlanet	LOAD PLANET	加载行星		
PlanetStudio.Menu.LoadSystem	LOAD SYSTEM	加载行星系		
PlanetStudio.Menu.SavePlanet	SAVE PLANET	保存行星		
PlanetStudio.Menu.SaveSystem	SAVE SYSTEM	保存行星系		
PlanetStudio.Menu.Tooltip.Settings	Open the settings window	打开设置窗口		
PlanetStudio.Menu.Tooltip.Upload	Upload this to the website to share it with other players.	上传到网站，与其他玩家分享。		
PlanetStudio.Menu.UnsavedChangesMessage	You have unsaved changes that will be lost if you continue.	你有未保存的更改，继续将会丢失这些更改。		
PlanetStudio.Movement.CameraLookSwapped	Camera look left/right and roll swapped.	相机左右视角与翻滚已互换。		
PlanetStudio.Movement.Mode.MoveCamera	Move Camera	移动相机		
PlanetStudio.Movement.Mode.RotateCamera	Rotate Camera	旋转相机		
PlanetStudio.Movement.Mode.RotatePlanet	Rotate Planet	旋转行星		
PlanetStudio.Movement.ModeChangedFormat	Movement mode changed: {0}	移动模式已更改：{0}		
PlanetStudio.Flyouts.Noise.Seed.Label	Seed	种子		
PlanetStudio.Flyouts.Noise.Strength.Label	Strength	强度		
PlanetStudio.Flyouts.Noise.Strength.Tooltip	The amplitude of the noise.	噪声的振幅。		
PlanetStudio.Flyouts.Noise.Frequency.Label	Frequency	频率		
PlanetStudio.Flyouts.Noise.Frequency.Tooltip	The number of cycles per unit length.	单位长度内的周期数。		
PlanetStudio.Flyouts.Noise.Octaves.Label	Octaves	倍频数		
PlanetStudio.Flyouts.Noise.Octaves.Tooltip	The number of times to run the noise, each time modifying its frequency by lacunarity and its strength by gain. More octaves can improve visuals, but also reduce runtime performance.	噪声运行的次数，每次运行按间隙度调整频率、按增益调整强度。更多倍频可以改善视觉效果，但也会降低运行性能。		
PlanetStudio.Flyouts.Noise.Lacunarity.Label	Lacunarity	间隙度		
PlanetStudio.Flyouts.Noise.Lacunarity.Tooltip	A multiplier that determines how the frequency changes for each successive octave.	决定频率在相邻倍频之间如何变化的乘数。		
PlanetStudio.Flyouts.Noise.Gain.Label	Gain	增益		
PlanetStudio.Flyouts.Noise.Gain.Tooltip	A multiplier that determines how the strength changes with each successive octave.	决定强度在相邻倍频之间如何变化的乘数。		
PlanetStudio.Flyouts.Noise.CraterShape.Label	Crater Shape	坑形		
PlanetStudio.Flyouts.Noise.CratersFast.Frequency.Tooltip	The number of craters per unit length in the first octave.	第一个倍频中单位长度内的陨石坑数量。		
PlanetStudio.Flyouts.Noise.CraterDepth.Label	Crater Depth	坑深		
PlanetStudio.Flyouts.Noise.CraterDepth.Tooltip	The depth of the craters in the first octave.	第一个倍频中陨石坑的深度。		
PlanetStudio.Flyouts.Noise.Randomness.Label	Randomness	随机度		
PlanetStudio.Flyouts.Noise.Randomness.Tooltip	How much randomness to apply to a crater's position within its noise boundaries. Higher values can make craters smaller. Lower values can make crater positions look more grid-like.	对陨石坑在其噪声范围内的位置所施加的随机量。值越高，坑可能越小。值越低，坑的位置看起来越接近网格。		
PlanetStudio.Flyouts.Noise.CratersFast.Gain.Tooltip	A multiplier that determines how the crater depth changes for each successive octave.	决定陨石坑深度在相邻倍频之间如何变化的乘数。		
PlanetStudio.Noise.ColorBands.GenerateButton	Generate Color Bands	生成色带		
PlanetStudio.Noise.ColorBands.RandomColorBandsProperty	Random Color Bands	随机色带		
PlanetStudio.Noise.ColorBands.Title	Color Bands	色带		
PlanetStudio.Noise.MovedElementFormat	Moved {0}	已移动 {0}		
PlanetStudio.Noise.Profiler.AverageTimeLabel	Average Time	平均时间		
PlanetStudio.Noise.Profiler.AverageTimeTooltip	The average execution time of the modifier in nano seconds. Rebuild the planet to refresh performance data.	修改器的平均执行时间，单位为纳秒。重建行星以刷新性能数据。		
PlanetStudio.Noise.Profiler.ExecutionCountLabel	Execution Count	执行次数		
PlanetStudio.Noise.Profiler.ExecutionCountTooltip	Percentage of execution count for this modifier compared to the total execution count for all modifiers. Rebuild the planet to refresh performance data.	此修改器的执行次数占所有修改器总执行次数的百分比。重建行星以刷新性能数据。		
PlanetStudio.Noise.Profiler.PercentOfTotalLabel	Percent of Total	占比		
PlanetStudio.Noise.Profiler.PercentOfTotalTooltip	Percentage of execution time for this modifier compared to the total execution time for all modifiers. Rebuild the planet to refresh performance data.	此修改器的执行时间占所有修改器总执行时间的百分比。重建行星以刷新性能数据。		
PlanetStudio.Noise.Profiler.TotalTimeLabel	Total Time	总时间		
PlanetStudio.Noise.Profiler.TotalTimeTooltip	The total execution time of the modifier in micro seconds. Rebuild the planet to refresh performance data.	修改器的总执行时间，单位为微秒。重建行星以刷新性能数据。		
PlanetStudio.Noise.RandomizedFormat	{0} element(s) were eligible and randomized.	有 {0} 个元素符合条件并被随机化。		
PlanetStudio.Noise.Tooltip.AddNoise	Add New Noise Modifier	添加噪声修改器		
PlanetStudio.Noise.Tooltip.BiomePass	Data from previous passes isn't automatically available to biome passes. Use GetCommonData to pull data from a previous common pass into a biome pass. Also, a biome's data is reset after each pass, and biomes cannot share data.	之前通道的数据不会自动提供给生物群系通道。请用 GetCommonData 把之前通用通道的数据拉取到生物群系通道中。此外，生物群系的数据在每个通道后都会重置，生物群系之间也不能共享数据。		
PlanetStudio.Noise.Tooltip.Collapse	Toggles the collapsed state of the selected element (and all children if there are any).	切换所选元素的折叠状态（若有子项，也一并切换）。		
PlanetStudio.Noise.Tooltip.DataFlow	Toggle the data flow display.	切换数据流显示。		
PlanetStudio.Noise.Tooltip.Delete	Delete selected object.	删除所选对象。		
PlanetStudio.Noise.Tooltip.Duplicate	Duplicates the selected element.	复制所选元素。		
PlanetStudio.Noise.Tooltip.HideEmpty	Hide/show passes that are empty.	隐藏/显示为空的通道。		
PlanetStudio.Noise.Tooltip.Performance	Toggle extra columns to show modifier performance from the last rebuild of the planet.	切换额外的列，显示上次重建行星时各修改器的性能。		
PlanetStudio.Noise.Tooltip.Randomize	Randomizes the selected element's seed (and all children if there are any).	随机化所选元素的种子（若有子项，也一并随机化）。		
PlanetStudio.Noise.Tooltip.ViewAdvanced	Currently viewing advanced terrain generation modifiers. Click to switch to viewing basic terrain features.	当前正在查看高级地形生成修改器。点击可切换到查看基础地形特征。		
PlanetStudio.Noise.Tooltip.ViewBasic	Currently viewing basic terrain features. Click to switch to the advanced view and see all terrain generation modifiers.	当前正在查看基础地形特征。点击可切换到高级视图，查看全部地形生成修改器。		
PlanetStudio.PlanetarySystem.CloneCreated	New planetary system created.	已创建新行星系。		
PlanetStudio.PlanetarySystem.CloneFailedNoInfo	Planetary system info could not be found for the selected item.	找不到所选项目对应的行星系信息。		
PlanetStudio.PlanetarySystem.CloneFailedNoSelection	No planetary system selected.	未选择行星系。		
PlanetStudio.PlanetarySystem.DeleteConfirm	Confirm that you want to delete the planetary system '{0}'	确认要删除行星系「{0}」		
PlanetStudio.PlanetarySystem.DuplicateIdsErrorFormat	Unable to save the planetary system because the included celestial bodies and referenced files contain duplicate IDs: {0}	无法保存行星系，因为其中包含的天体与引用的文件存在重复 ID：{0}		
PlanetStudio.PlanetarySystem.LoadFailedFormat	Unable to load planetary system with ID '{0}': {1}	无法加载 ID 为「{0}」的行星系：{1}		
PlanetStudio.PlanetarySystem.LoadWarningsFormat	The planetary system was loaded with warnings: {0}	行星系加载时出现警告：{0}		
PlanetStudio.PlanetarySystem.PlanetStudioSaveWarning	The selected planetary system appears to have been saved from Planet Studio. Further changes to this system or its celestial bodies could immediately impact saved games using it, possibly breaking craft in flight and other things. Proceed with caution.	所选行星系似乎是从行星工坊保存的。进一步更改此行星系或其天体可能立即影响使用它的存档，可能会破坏飞行中的载具和其他内容。请谨慎操作。		
PlanetStudio.PlanetarySystem.SaveErrorFormat	An error occurred saving the planetary system. {0}	保存行星系时发生错误。{0}		
PlanetStudio.PlanetarySystem.SaveNotLoadedError	Unable to save the planetary system because it is not loaded.	行星系未加载，无法保存。		
PlanetStudio.PlanetarySystem.SetAsCurrentFailedNoGameState	Unable to set as the current planetary system. The game state is null.	无法设为当前行星系。存档为空。		
PlanetStudio.PlanetarySystem.SetAsCurrentFailedNoSelection	No planetary system selected.	未选择行星系。		
PlanetStudio.PlanetarySystem.SetAsCurrentSuccess	The flight state for your current save game has been updated to use the selected planetary system.	你当前存档的飞行状态已更新为使用所选的行星系。		
PlanetStudio.PlanetarySystem.Title	Planetary Systems	行星系		
PlanetStudio.PlanetarySystem.ViewFailedFormat	Unable to view planetary system with ID '{0}': {1}	无法查看 ID 为「{0}」的行星系：{1}		
PlanetStudio.PlanetObjects.AddLaunchLocationPrompt	Enter a name for the launch location.\n\nNote that launch locations added to a planet might not be automatically added to its planetary system.	输入发射场的名称。\n\n注意，添加到行星上的发射场可能不会自动添加到其所属行星系。		
PlanetStudio.PlanetObjects.AddLaunchLocationTooltip	Add New Launch Location	添加发射场		
PlanetStudio.PlanetObjects.AddStructurePrompt	After creating a structure, you can then add sub-structures under it to provide runways, hangars, launch pads, etc.	创建建筑后，你可以在其下添加子建筑，以提供跑道、机库、发射台等。		
PlanetStudio.PlanetObjects.AddStructureTooltip	Add New Structure	添加建筑		
PlanetStudio.PlanetObjects.AddSubStructureTooltip	Add New Sub-Structure under the currently selected structure	在当前所选建筑下添加子建筑		
PlanetStudio.PlanetObjects.CannotMoveError	Cannot move the object there.	无法将对象移动到该位置。		
PlanetStudio.PlanetObjects.CloneNotSupportedError	The selected object cannot be cloned	所选对象无法克隆		
PlanetStudio.PlanetObjects.CloneTooltip	Clone the selected structure.	克隆所选建筑。		
PlanetStudio.PlanetObjects.DeleteObjectConfirmFormat	Please confirm that you want to delete the {0}: '{1}'.	请确认要删除 {0}：「{1}」。		
PlanetStudio.PlanetObjects.DetailsTitle	Planet Object Details	行星物体详情		
PlanetStudio.PlanetObjects.NameLabel	Name	名称		
PlanetStudio.PlanetObjects.SelectStructureFirstError	You must select a structure or a sub-structure first.	你必须先选择一个建筑或子建筑。		
PlanetStudio.PlanetObjects.StructureNamePlaceholder	Structure Name	建筑名称		
PlanetStudio.PlanetObjects.SubStructureDoorName	Door	舱门		
PlanetStudio.PlanetObjects.SubStructureWindowName	Window	窗户		
PlanetStudio.PlanetObjects.Undo.AddedWindow	Added a window	添加了窗户		
PlanetStudio.PlanetObjects.Undo.MovedFormat	Moved {0}	已移动 {0}		
PlanetStudio.PlanetObjects.Undo.AddLaunchLocationFormat	Add Launch Location '{0}'	添加发射场「{0}」		
PlanetStudio.PlanetObjects.Undo.AddStructureFormat	Add Structure '{0}'	添加建筑「{0}」		
PlanetStudio.PlanetObjects.Undo.AddSubStructureFormat	Add Sub Structure '{0}'	添加子建筑「{0}」		
PlanetStudio.PlanetObjects.Undo.ClonedSubStructureFormat	Cloned Sub Structure '{0}'	克隆子建筑「{0}」		
PlanetStudio.PlanetObjects.Undo.DeletedFormat	Deleted {0} '{1}'	已删除 {0}「{1}」		
PlanetStudio.PlanetObjects.Toast.ClonedFormat	Cloned {0}	已克隆 {0}		
PlanetStudio.PlanetObjects.Toast.DeletedFormat	Deleted {0}	已删除 {0}		
PlanetStudio.PlanetObjects.ViewTargetTooltip	Move View to Target	将视角移到目标		
PlanetStudio.Rings.HasRings	Has Rings	启用行星环		
PlanetStudio.Rings.HasRingsTooltip	Toggles a ring system on/off for the celestial body.	为天体启用/禁用行星环。		
PlanetStudio.Rings.InnerRadiusTooltip	The inner radius of the planetary ring system, scaled by the planet radius. A value of 1 begins the rings at the surface of the celestial body.	行星环系的内半径，按行星半径缩放。值为 1 时，行星环从天体表面开始。		
PlanetStudio.Rings.OuterRadiusTooltip	The outer radius of the planetary ring system, scaled by the planet radius. A value of 2 ends the rings at a distance of one planet radius from the surface of the celestial body.	行星环系的外半径，按行星半径缩放。值为 2 时，行星环在天体表面以外一个行星半径处结束。		
PlanetStudio.Rings.RingsTexture	Rings Texture	行星环贴图		
PlanetStudio.Rings.RingsTextureTooltip	The texture for the rings. It should only need to be a single pixel tall (and any width you like). Textures taller than one pixel can be selected, but only a single row of pixels is actually used for the rings.	行星环所用的贴图。它只需一个像素高（宽度随意）。也可以选择高于一个像素的贴图，但实际只会用到其中一行像素。		
PlanetStudio.Rings.Rotation	Rotation	旋转		
PlanetStudio.Rings.RotationTooltip	The euler angles defining the rotation of the rings relative to the celestial body.	定义行星环相对于天体旋转的欧拉角。		
PlanetStudio.Save.CelestialBody.Message	Enter a file name to save the celestial body.	输入文件名以保存天体。		
PlanetStudio.Save.CelestialBody.OverwriteConfirm	A celestial body already exists with that name. Do you wish to overwrite it?	已存在同名天体。是否要覆盖？		
PlanetStudio.Save.PlanetarySystem.Message	Enter a file name to save the planetary system.	输入文件名以保存行星系。		
PlanetStudio.Save.PlanetarySystem.OverwriteConfirm	A planetary system already exists with that name. Do you wish to overwrite it?	已存在同名行星系。是否要覆盖？		
PlanetStudio.Save.ValidFileName	A valid file name is required.	需要提供有效的文件名。		
PlanetStudio.SolarSystemLocations.MinLaunchLocationError	A planetary system must have at least one launch location.	行星系必须至少有一个发射场。		
PlanetStudio.SolarSystemLocations.ResetLaunchLocationsConfirm	This will restore launch locations from all celestial bodies in the planetary system.	这将从行星系中的所有天体恢复发射场。		
PlanetStudio.SystemPlanets.VersionAuthorFormat	v{0}\nby {1}	v{0}\n作者：{1}		
PlanetStudio.TerrainQuality.CreateMode	Create Terrain Quality Mode	创建地形质量模式		
PlanetStudio.TerrainQuality.DeleteMode	Delete Terrain Quality Mode	删除地形质量模式		
PlanetStudio.TerrainTextures.AddedUndo	Added Terrain Texture	已添加地形贴图		
PlanetStudio.TerrainTextures.AddRemoveGroup	Add / Remove Terrain Textures	添加 / 移除地形贴图		
PlanetStudio.TerrainTextures.AddTextureTooltip	Add a new terrain texture to this celestial body.	为此天体添加新的地形贴图。		
PlanetStudio.TerrainTextures.ColorAdjustment	Color Adjustment	颜色调整		
PlanetStudio.TerrainTextures.ColorAdjustmentTooltip	The constant value to add to or subtract from every pixel. Ideally, every texture should average 0.5 (from 0 to 1). A lower or higher average can greatly impact the average brightness of the terrain using that texture. This setting adjusts that average color if the source texture is too bright or dim.	加到或减去每个像素的常量值。理想情况下，每张贴图的平均值应为 0.5（范围 0 到 1）。平均值偏低或偏高会大幅影响使用该贴图的地形整体亮度。当源贴图过亮或过暗时，此设置可调整该平均颜色。		
PlanetStudio.TerrainTextures.ColorStrength	Color Strength	颜色强度		
PlanetStudio.TerrainTextures.ColorStrengthTooltip	Detail textures brighten or darken the terrain when above or below the 0.5 color value (range 0 to 1). This setting multiplies the difference between the pixel value and 0.5, effectively magnifying the texture's details.	当高于或低于 0.5 颜色值（范围 0 到 1）时，细节贴图会提亮或压暗地形。此设置会乘算像素值与 0.5 的差值，从而放大贴图的细节。		
PlanetStudio.TerrainTextures.ConvertToGrayscale	Convert to Grayscale	转换为灰度		
PlanetStudio.TerrainTextures.ConvertToGrayscaleTooltip	Convert the texture to grayscale before sampling the red channel for the detail texture value used at runtime.	在运行时采样红色通道以获取细节贴图值之前，先把贴图转换为灰度。		
PlanetStudio.TerrainTextures.MultipleSplatmapsError	Planet has multiple splatmaps, which is not currently supported for editing.	行星存在多个 splatmap，目前不支持编辑。		
PlanetStudio.TerrainTextures.NoTerrainTexturesError	Planet does not support terrain textures	行星不支持地形贴图		
PlanetStudio.TerrainTextures.RemovedUndo	Removed Terrain Texture	已移除地形贴图		
PlanetStudio.TerrainTextures.RemoveTextureConfirm	Please confirm that you want to remove the last terrain texture from this celestial body.	请确认要从此天体移除最后一张地形贴图。		
PlanetStudio.TerrainTextures.RemoveTextureTooltip	Removes the last texture from this celestial body.	从此天体移除最后一张贴图。		
PlanetStudio.TerrainTextures.ScaledUvSizePerFace	Scaled UV Size Per Face	每面缩放 UV 尺寸		
PlanetStudio.TerrainTextures.ScaledUvSizePerFaceTooltip	The base UV scale for the celestial body when the camera is near the surface. This shared setting affects both terrain and water. Texture mapping uses two UV sets: scaled UVs near the surface and non-scaled UVs farther away. The tiling level for non-scaled UVs is how many times the texture repeats over each of the planet's six faces. For scaled UVs, the tiling level is multiplied by this scaled UV size to get the repeat count. So if this is 256 and a scaled UV level's tiling is 2, the actual tiling for that level is 512.	相机靠近表面时天体的基础 UV 缩放。此共享设置同时影响地形与水面。贴图映射使用两套 UV：靠近表面的缩放 UV，以及较远处的非缩放 UV。非缩放 UV 的平铺层级是指贴图在行星六个面上各自重复的次数。对于缩放 UV，平铺层级会乘以该缩放 UV 尺寸以得到重复次数。例如，若此值为 256，某缩放 UV 层级的平铺为 2，则该层级的实际平铺数为 512。		
PlanetStudio.TerrainTextures.StrengthLabelTooltip	The strength of the texture at this level (typically from 0 to 1).	该层级上贴图的强度（通常为 0 到 1）。		
PlanetStudio.TerrainTextures.TextureGroupFormat	TEXTURE {0}	贴图 {0}		
PlanetStudio.TerrainTextures.TextureTooltip	One of the terrain textures used by the celestial body — up to 8 per body. Textures must be added here first, then selected on the Biomes flyout to choose where they're used on the surface. They act as detail textures, brightening and darkening the surface's base color. Only a single channel (red) is used: red values above 0.5 (on a 0 to 1 scale) brighten the terrain color, and values below darken it.	天体使用的地形贴图之一——每个天体最多 8 张。贴图必须先在此外添加，然后在生物群系面板中选用，以决定它们在地表的使用位置。它们作为细节贴图，提亮或压暗表面的基础颜色。只使用一个通道（红色）：红色值高于 0.5（0 到 1 尺度）会提亮地形颜色，低于则压暗。		
PlanetStudio.Texture.Browse	BROWSE	浏览		
PlanetStudio.Tiling.AdvancedTilingGroup	Advanced Tiling Configuration	高级平铺配置		
PlanetStudio.Tiling.DistanceAdjustment	Distance Adjustment	距离调整		
PlanetStudio.Tiling.DistanceAdjustmentTooltip	The distance adjustment value added to the distance that determines the tiling level. It is applied after the distance scalar.\n\nExample: If the first tiling level lasts until about 100 meters and this adjustment is -500, the first tiling level will last until about 600 meters.	加到用于决定平铺层级的距离上的距离调整值。它在距离标量之后应用。\n\n示例：若第一平铺层级持续到约 100 米，而此调整为 -500，则第一平铺层级会持续到约 600 米。		
PlanetStudio.Tiling.DistanceScalar	Distance Scalar	距离标量		
PlanetStudio.Tiling.DistanceScalarTooltip	The distance scalar used to adjust the distance at which tiling levels begin. Doubling this value makes tiling levels begin twice as early as normal.	用于调整平铺层级起始距离的距离标量。将此值加倍会让平铺层级比正常提前一倍开始。		
PlanetStudio.Tiling.ResetTilingButton	Reset Tiling	重置平铺		
PlanetStudio.Tiling.ResetTilingButtonTooltip	Regenerates the tiling numbers in the table below.	重新生成下表中的平铺数值。		
PlanetStudio.Tiling.ResetTilingConfirm	This will reset all tiling levels in the table below.	这将重置下表中的所有平铺层级。		
PlanetStudio.Tiling.ScaledUvStartLevel	Scaled UV Start Level	缩放 UV 起始层级		
PlanetStudio.Tiling.ScaledUvStartLevelTooltip	The tiling level at which textures switch from regular UVs to scaled UVs. Texture mapping uses two UV sets: scaled UVs closer to the surface and non-scaled UVs farther away. The non-scaled tiling level is how many times the texture repeats over each of the planet's six faces. The scaled tiling level is multiplied by the scaled UV size to give how many times the texture repeats.	贴图从常规 UV 切换为缩放 UV 的平铺层级。贴图映射使用两套 UV：靠近表面的缩放 UV，以及较远处的非缩放 UV。非缩放平铺层级是指贴图在行星六个面上各自重复的次数。缩放平铺层级则乘以缩放 UV 尺寸，得到贴图重复的次数。		
PlanetStudio.Tiling.StrengthLabel	Strength	强度		
PlanetStudio.Tiling.TilingLabel	Tiling	平铺		
PlanetStudio.Tiling.TilingLabelTooltip	The amount of tiling to apply to textures at this level. Lower levels are shown closer to the ground so more tiling is needed.	该层级上应用到贴图的平铺量。层级越低，离地面越近，因此需要更多平铺。		
PlanetStudio.Time.AtMaxWarp	At max warp	已达最大时间加速		
PlanetStudio.Time.Paused	Paused	已暂停		
PlanetStudio.Tooltip.Atmosphere	Atmosphere	大气		
PlanetStudio.Tooltip.Biomes	Biomes	生物群系		
PlanetStudio.Tooltip.LaunchLocations	Launch Locations	发射场		
PlanetStudio.Tooltip.Menu	Menu	菜单		
PlanetStudio.Tooltip.Objects	Objects	物体		
PlanetStudio.Tooltip.PlanetBrush	Brush for manipulating planet cubemaps.	用于操作行星立方体贴图的笔刷。		
PlanetStudio.Tooltip.Properties	Properties	属性		
PlanetStudio.Tooltip.Rings	Rings	行星环		
PlanetStudio.Tooltip.TerrainGeneration	Terrain Generation	地形生成		
PlanetStudio.Tooltip.TerrainTextures	Terrain Textures	地形贴图		
PlanetStudio.Tooltip.UndoHistory	Undo History	撤销历史		
PlanetStudio.Tooltip.ViewPlanets	View the list of planets in this system	查看此行星系中的行星列表		
PlanetStudio.Tooltip.Water	Water	水面		
PlanetStudio.Structures.AirTrafficControlTower.Name	Air Traffic Control Tower	空管塔台		
PlanetStudio.Structures.AirTrafficControlTowerBasic.Name	Air Traffic Control Tower Basic	简易空管塔台		
PlanetStudio.Structures.BarrelMetal.Name	Barrel Metal	金属油桶		
PlanetStudio.Structures.BaseMoon.Name	Base Moon	月面基地		
PlanetStudio.Structures.BaseMoon.Description	Rugged base designed to withstand unforgiving environments.	坚固的基地，专为抵御恶劣环境而设计。		
PlanetStudio.Structures.BoxWooden.Name	Box Wooden	木箱		
PlanetStudio.Structures.ConcreteCube.Name	Concrete Cube	混凝土方块		
PlanetStudio.Structures.ConcreteCylinder.Name	Concrete Cylinder	混凝土圆柱		
PlanetStudio.Structures.ConcreteCylinderHollow.Name	Concrete Cylinder Hollow	空心混凝土圆柱		
PlanetStudio.Structures.ConcreteSphere.Name	Concrete Sphere	混凝土球		
PlanetStudio.Structures.Crane.Name	Crane	起重机		
PlanetStudio.Structures.Door.Name	Door	舱门		
PlanetStudio.Structures.DoorAdvanced.Name	Door Advanced	高级舱门		
PlanetStudio.Structures.DoorDouble.Name	Door Double	双开舱门		
PlanetStudio.Structures.DoorGarage.Name	Door Garage	车库舱门		
PlanetStudio.Structures.DoorGarageOpen.Name	Door Garage Open	敞开车库舱门		
PlanetStudio.Structures.FuelTankCylinder.Name	Fuel Tank Cylinder	圆柱燃料箱		
PlanetStudio.Structures.FuelTankLarge.Name	Fuel Tank Large	大型燃料箱		
PlanetStudio.Structures.FuelTankRound.Name	Fuel Tank Round	圆形燃料箱		
PlanetStudio.Structures.HangarAdvanced.Name	Hangar Advanced	高级机库		
PlanetStudio.Structures.HangarBunker.Name	Hangar Bunker	掩体机库		
PlanetStudio.Structures.HangarDome.Name	Hangar Dome	穹顶机库		
PlanetStudio.Structures.HangarGeneral.Name	Hangar General	通用机库		
PlanetStudio.Structures.HangarLarge.Name	Hangar Large	大型机库		
PlanetStudio.Structures.HangarLargeGarage.Name	Hangar Large Garage	大型车库机库		
PlanetStudio.Structures.HangarReinforcedSmall.Name	Hangar Reinforced Small	小型加固机库		
PlanetStudio.Structures.HangarReinforcedLarge.Name	Hangar Reinforced Large	大型加固机库		
PlanetStudio.Structures.HangarRocket.Name	Hangar Rocket	火箭机库		
PlanetStudio.Structures.LandingPad.Name	Landing Pad	着陆坪		
PlanetStudio.Structures.LaunchPadLarge.Name	Launch Pad Large	大型发射台		
PlanetStudio.Structures.LaunchPadSmall.Name	Launch Pad Small	小型发射台		
PlanetStudio.Structures.LaunchPadTiny.Name	Launch Pad Tiny	微型发射台		
PlanetStudio.Structures.LaunchFX.Name	Launch FX	发射特效		
PlanetStudio.Structures.LaunchFX.Description	Detects engines and updates intensity of child Launch FX objects.	检测引擎并更新子发射特效对象的强度。		
PlanetStudio.Structures.LaunchFXLight.Name	Launch FX - Light	发射特效 - 灯光		
PlanetStudio.Structures.LaunchFXLight.Description	Light that only affects launch FX particles.	只影响发射特效粒子的灯光。		
PlanetStudio.Structures.LaunchFXPad.Name	Launch FX - Pad	发射特效 - 发射台		
PlanetStudio.Structures.LaunchFXPad.Description	Launch FX for a flat surface. Particles flow in the direction of the z-axis (blue arrow). Requires parent object to be a Launch FX.	用于平坦表面的发射特效。粒子沿 Z 轴（蓝色箭头）方向流动。父对象必须是发射特效。		
PlanetStudio.Structures.LaunchFXTrench.Name	Launch FX - Trench	发射特效 - 导流槽		
PlanetStudio.Structures.LaunchFXTrench.Description	Launch FX for a flame trench. Particles flow in the direction of the z-axis (blue arrow). Requires parent object to be a Launch FX.	用于火焰导流槽的发射特效。粒子沿 Z 轴（蓝色箭头）方向流动。父对象必须是发射特效。		
PlanetStudio.Structures.LightPoint.Name	Light Point	点光源		
PlanetStudio.Structures.LightPoint.Description	An invisible point light that only turns on at night. Its range and intensity can be changed via the local scale x and y, respectively.	只在夜间开启的不可见点光源。其范围和强度分别可通过局部缩放的 x 和 y 更改。		
PlanetStudio.Structures.LightSpot.Name	Light Spot	聚光灯		
PlanetStudio.Structures.LightSpot.Description	An invisible spotlight that only turns on at night. The light direction follows its z-axis (blue arrow). The range, intensity, and angle are set by the local scale x, y, and z components, respectively.	只在夜间开启的不可见聚光灯。光照方向沿其 Z 轴（蓝色箭头）。范围、强度与角度分别由局部缩放的 x、y、z 分量设定。		
PlanetStudio.Structures.LightStand.Name	Light Stand	灯架		
PlanetStudio.Structures.OutpostLarge.Name	Outpost Large	大型前哨站		
PlanetStudio.Structures.OutpostSmall.Name	Outpost Small	小型前哨站		
PlanetStudio.Structures.Pallet.Name	Pallet	货盘		
PlanetStudio.Structures.PipeBend.Name	Pipe Bend	弯管		
PlanetStudio.Structures.PipeCorner.Name	Pipe Corner	直角管		
PlanetStudio.Structures.PipeStraight.Name	Pipe Straight	直管		
PlanetStudio.Structures.RailingAngle.Name	Railing Angle	斜栏杆		
PlanetStudio.Structures.RailingCorner.Name	Railing Corner	转角栏杆		
PlanetStudio.Structures.RailingCornerAngled.Name	Railing Corner Angled	斜角栏杆		
PlanetStudio.Structures.RailingEnd.Name	Railing End	栏杆端头		
PlanetStudio.Structures.RailingPost.Name	Railing Post	栏杆立柱		
PlanetStudio.Structures.RailingSpanse.Name	Railing Span	栏杆横杆		
PlanetStudio.Structures.RaisedLaunchPad.Name	Raised Launch Pad	高架发射台		
PlanetStudio.Structures.RaisedLaunchPad.Description	Raised launch site.	高架发射工位。		
PlanetStudio.Structures.Road.Name	Road	道路		
PlanetStudio.Structures.RoadWide.Name	Road Wide	宽道路		
PlanetStudio.Structures.RunwayLights.Name	Runway Lights	跑道灯		
PlanetStudio.Structures.RunwayLights.Description	A row of particles set to turn on only at night. The x scale controls the light's radius, the y axis the strip's length, and the z axis how many lights it has.	一排只在夜间开启的粒子灯。x 缩放控制灯的半径，y 轴控制灯带的长度，z 轴控制灯的数量。		
PlanetStudio.Structures.RunwayLarge.Name	Runway Large	大型跑道		
PlanetStudio.Structures.RunwayRamp.Name	Runway Ramp	跑道坡道		
PlanetStudio.Structures.Runway.Name	Runway	跑道		
PlanetStudio.Structures.RunwayCrossWind.Name	Runway Cross Wind	侧风跑道		
PlanetStudio.Structures.RunwayPrimary.Name	Runway Primary	主跑道		
PlanetStudio.Structures.RunwayPrimary.Description	New runway.	新跑道。		
PlanetStudio.Structures.RunwayDesertBase.Name	Runway Desert Base	沙漠基地跑道		
PlanetStudio.Structures.RunwayDesertBase.Description	New runway.	新跑道。		
PlanetStudio.Structures.RunwayRoad.Name	Runway Road	跑道		
PlanetStudio.Structures.RunwayRoad.Description	New runway.	新跑道。		
PlanetStudio.Structures.SatelliteDish.Name	Satellite Dish	卫星天线		
PlanetStudio.Structures.ShippingContainerClosed.Name	Shipping Container Closed	封闭集装箱		
PlanetStudio.Structures.ShippingContainerOpen.Name	Shipping Container Open	敞开集装箱		
PlanetStudio.Structures.ShippingContainerDoors.Name	Shipping Container Doors	集装箱门		
PlanetStudio.Structures.ShipDrone.Name	Ship Drone	无人船		
PlanetStudio.Structures.ShipDrone.Description	Large drone ship for catching rockets in the ocean.	用于在海上回收火箭的大型无人船。		
PlanetStudio.Structures.Stairs.Name	Stairs	楼梯		
PlanetStudio.Structures.StairsBasic.Name	Stairs Basic	简易楼梯		
PlanetStudio.Structures.StrutAngle.Name	Strut Angle	斜撑		
PlanetStudio.Structures.StrutLong.Name	Strut Long	长撑杆		
PlanetStudio.Structures.StrutShort.Name	Strut Short	短撑杆		
PlanetStudio.Structures.StrutTower.Name	Strut Tower	撑杆塔		
PlanetStudio.Structures.Taxiway.Name	Taxiway	滑行道		
PlanetStudio.Structures.VehicleAssemblyBuilding.Name	Vehicle Assembly Building	载具装配楼		
PlanetStudio.Structures.VillageTerrace2.Name	Village Terrace 2	村庄露台 2		
PlanetStudio.Structures.VillageTerrace3.Name	Village Terrace 3	村庄露台 3		
PlanetStudio.Structures.WaterTower.Name	Water Tower	水塔		
PlanetStudio.Structures.WaterTowerLarge.Name	Water Tower Large	大型水塔		
PlanetStudio.Structures.WindowLarge.Name	Window Large	大窗		
PlanetStudio.Structures.WindowMedium.Name	Window Medium	中窗		
PlanetStudio.Structures.WindowSingle.Name	Window Single	单窗		
PlanetStudio.Structures.Empty.Name	Empty	空		
PlanetStudio.Structures.Empty.Description	Sometimes the most powerful structure to place is no structure at all.	有时不放置任何建筑才是最有力的选择。		
PlanetStudio.UI.AddStructure.PrimaryButton	SELECT	选择		
PlanetStudio.UI.AddStructure.StockSubtitle	Stock	内置		
PlanetStudio.UI.AddStructure.Title	Add Structure	添加建筑		
PlanetStudio.UI.RestoreUndoErrorFormat	Unable to restore from undo step: {0}	无法从撤销步骤恢复：{0}		
PlanetStudio.UI.UndoStepConcatFormat	{0}: {1}	{0}：{1}		
PlanetStudio.Upload.No	Not Uploaded	未上传		
PlanetStudio.Upload.Pending	Trying to figure out if uploaded...	正在确定是否已上传...		
PlanetStudio.Upload.Yes	Uploaded	已上传		
PlanetStudio.Validation.Failed	There is a problem with one or more orbits. Check the following.\n\nPlanets cannot...\n* Leave their parent's SOI.\n* Be a duplicate of another planet.\n* Have encounters w/other planets.\n* Have their SOI intersect their parent's surface\n\nPlease check the orbits colored red and fix the issue(s).	一个或多个轨道存在问题。请检查以下内容。\n\n行星不能…\n* 离开其母天体的影响范围。\n* 与另一个行星重复。\n* 与其他行星发生交会。\n* 让其影响范围与母天体表面相交\n\n请检查标红的轨道并修正问题。		
PlanetStudio.Validation.InProgress	Validating planetary system. Depending on the configuration and number of planets, this can take a while. Planets with a high probability of an encounter take longer. It should take at most {0}	正在验证行星系。根据配置和行星数量，这可能需要一些时间。交会概率高的行星耗时更久。最多需要 {0}		
PlanetStudio.Validation.ReloadRequired	The system must be saved and re-loaded for changes to take effect	必须保存并重新加载行星系，更改才会生效		
PlanetStudio.Water.HasWater	Has Water	有水		
PlanetStudio.Water.HasWaterTooltip	Toggles water on/off for the celestial body.	开启或关闭该天体的水。		
PlanetStudio.Water.SeaLevel	Sea Level	海平面		
PlanetStudio.Water.SeaLevelTooltip	The sea level of the planet, relative to the planet radius.	行星的海平面，相对于行星半径。		
PlanetStudio.Water.SpecularScaleLabel	Specular Scale	高光缩放		
PlanetStudio.Water.SpecularScaleLabelTooltip	The scalar applied to the specularity at this level.	应用于此层级高光的缩放系数。		
PlanetStudio.Water.SpecularScaleLevelTooltip	The specularity scale of the water, typically between 0 and 1. It can change as the camera nears the surface. Each entry in this table, from bottom to top, represents the camera getting closer to the surface, with the top entry being the closest.	水的高光缩放，通常介于 0 与 1 之间。它会随相机接近表面而变化。此表中从下到上的每项代表相机逐渐靠近表面，最上面一项表示最近。		
PlanetStudio.Water.StrengthLabelTooltip	The strength of the texture at this level.	此层级贴图的强度。		
PlanetStudio.Water.StrengthLevelTooltip	The strength of the water's normal map textures, typically 0 to 1. Strength can change as the camera nears the surface. Each entry in this table, from bottom to top, represents the camera getting closer, with the top being closest.	水的法线贴图强度，通常为 0 到 1。强度会随相机接近表面而变化。此表中从下到上的每项代表相机逐渐靠近，最上面一项表示最近。		
PlanetStudio.Water.TilingLevelTooltip	The texture tiling level for the water's normal map textures. Tiling changes as the camera nears the surface. Each entry in this table, from bottom to top, represents the camera getting closer, with the top being closest. Somewhere in the middle, based on the terrain splatmap's setting, the UV scale changes, so the tiling levels here must change too to compensate.	水法线贴图的平铺层级。平铺会随相机接近表面而变化。此表中从下到上的每项代表相机逐渐靠近，最上面一项表示最近。在中间某处，根据地形 splatmap 的设置，UV 缩放会改变，因此此处的平铺层级也必须随之改变以作补偿。		
PlanetStudio.Water.Title	Water	水		
PlanetStudio.Water.WaveSpeedLabel	Wave Speed	波浪速度		
PlanetStudio.Water.WaveSpeedLabelTooltip	The movement speed of the texture at this level.	此层级贴图的移动速度。		
PlanetStudio.Water.WaveSpeedLevelTooltip	The speed of the water's normal map textures (not the actual waves). Speed can change as the camera nears the surface. Each entry in this table, from bottom to top, represents the camera getting closer to the surface, with the top entry being closest.	水的法线贴图速度（并非实际波浪）。速度会随相机接近表面而变化。此表中从下到上的每项代表相机逐渐靠近表面，最上面一项表示最近。		
PlanetWater.ColorGradientDepthLabel	Color Gradient Depth	颜色渐变深度		
PlanetWater.ColorGradientDepthTooltip	Sets the depth in meters at which the color gradient evaluates at its max value (on the right of the gradient).	设置颜色渐变达到最大值（渐变右侧）时的深度（米）。		
PlanetWater.ColorGradientLabel	Color Gradient	颜色渐变		
PlanetWater.ColorGradientTooltip	The color gradient of the water. Water color is a gradient based on depth. The max depth for the gradient is configured with the setting below.	水的颜色渐变。水色是基于深度的渐变。渐变的最大深度由下方设置配置。		
PlanetWater.ColorGroup	Color	颜色		
PlanetWater.ColorIntensityLabel	Color Intensity	颜色强度		
PlanetWater.ColorIntensityTooltip	The intensity of the underwater color.	水下颜色的强度。		
PlanetWater.DarkColorLabel	Dark Color	暗部颜色		
PlanetWater.DarkColorTooltip	The underwater color used when the light is no longer visible.	光线不可见时使用的水下颜色。		
PlanetWater.DensityLabel	Density	密度		
PlanetWater.DensityTooltip	Sets the density of the fluid in kg per m3.	设置流体的密度，单位为千克每立方米。		
PlanetWater.EmissivenessTooltip	The emissivity of the water. At 100% emissiveness, the water is unaffected by light.	水的自发光。自发光为 100% 时，水不受光线影响。		
PlanetWater.FoamColorLabel	Foam Color	泡沫颜色		
PlanetWater.FoamColorTooltip	The color of the water foam which is applied on top of reflection/refraction in very shallow water.	极浅水中叠加在反射/折射之上的水面泡沫颜色。		
PlanetWater.FoamDepthLabel	Foam Depth	泡沫深度		
PlanetWater.FoamDepthTooltip	The maximum depth at which foam is applied.	应用泡沫的最大深度。		
PlanetWater.FoamGroup	Foam	泡沫		
PlanetWater.FoamStrengthLabel	Foam Strength	泡沫强度		
PlanetWater.FoamStrengthTooltip	The strength of the foam color.	泡沫颜色的强度。		
PlanetWater.FresnelBiasTooltip	The higher this value, the stronger the reflections will be at a given viewing angle.	此值越高，给定视角下的反射越强。		
PlanetWater.LightFadeDepthLabel	Light Fade Depth	光照衰减深度		
PlanetWater.LightFadeDepthTooltip	The depth in meters at which the light from the sun can no longer pass.	阳光无法再穿透的深度（米）。		
PlanetWater.LightFadeDistanceLabel	Light Fade Distance	光照衰减距离		
PlanetWater.LightFadeDistanceTooltip	The distance in meters from the camera at which underwater vision fades.	距相机多远（米）时水下能见度开始衰减。		
PlanetWater.MetallicnessTooltip	The metallicness of the water from a visual standpoint.	水在视觉上的金属感。		
PlanetWater.ReflectionDistortionLabel	Reflection Distortion	反射畸变		
PlanetWater.ReflectionDistortionTooltip	The higher the value, the more distortion in the water's reflections.	此值越高，水面反射的畸变越强。		
PlanetWater.ReflectionsGroup	Reflections	反射		
PlanetWater.ReflectionStrengthLabel	Reflection Strength	反射强度		
PlanetWater.ReflectionStrengthTooltip	Controls the strength of the terrain and craft reflections on the water's surface.	控制水面上地形与载具反射的强度。		
PlanetWater.RefractionDistortionLabel	Refraction Distortion	折射畸变		
PlanetWater.RefractionDistortionTooltip	The higher the value, the more distortion in transparent water due to refraction.	此值越高，透明水体因折射产生的畸变越强。		
PlanetWater.SpecularityLabel	Specularity	高光		
PlanetWater.SpecularityTooltip	The specularity of the water.	水的高光。		
PlanetWater.LiquidLabel	Liquid	液体		
PlanetWater.LiquidTooltip	The fuel this body of liquid is composed of. Used by ISRU liquid harvesters to determine what fuel they produce when submerged.	该水体由何种燃料组成。ISRU 液体采集器在水下时据此决定产出何种燃料。		
PlanetWater.TemperatureLabel	Temperature	温度		
PlanetWater.TemperatureTooltip	Sets the temperature of the fluid in Kelvin.	设置流体的温度，单位为开尔文。		
PlanetWater.TextureGroup	Texture	贴图		
PlanetWater.TextureStrengthLabel	Texture Strength	贴图强度		
PlanetWater.TextureStrengthTooltip	Reduces or increases the strength of the water texture.	降低或提高水面贴图的强度。		
PlanetWater.TransparencyDepthLabel	Transparency Depth	透明深度		
PlanetWater.TransparencyDepthScaleLabel	Transparency Depth Scale	透明深度缩放		
PlanetWater.TransparencyDepthScaleTooltip	A scalar applied to the transparency depth value. This can be overridden per biome.	应用于透明深度值的缩放系数。可按生物群系覆盖。		
PlanetWater.TransparencyDepthTooltip	The depth in meters at which the water's transparency fully fades out to opaque.	水的透明度完全衰减为不透明的深度（米）。		
PlanetWater.TransparencyGroup	Transparency	透明度		
PlanetWater.TransparencyStrengthLabel	Transparency Strength	透明度强度		
PlanetWater.TransparencyStrengthTooltip	Controls the strength of the water transparency. The higher the value, the more transparent the water becomes.	控制水的透明度强度。此值越高，水越透明。		
PlanetWater.UnderwaterColorLabel	Color	颜色		
PlanetWater.UnderwaterColorTooltip	The underwater color.	水下颜色。		
PlanetWater.UnderwaterGroup	Underwater	水下		
PlanetWater.UseDefaultsLabel	Use Defaults	使用默认值		
PlanetWater.UseDefaultsTooltip	If enabled, global water settings will be used for this biome. If false, this biome will override some of the globally defined water settings.	启用后该生物群系将使用全局水设置；否则该生物群系会覆盖部分全局水设置。		
PlanetWater.WaterGroup	Water	水		
PlanetWater.WaveAmplitudeLabel	Wave Amplitude	波浪振幅		
PlanetWater.WaveAmplitudeScaleLabel	Wave Amplitude Scale	波浪振幅缩放		
PlanetWater.WaveAmplitudeScaleTooltip	A scalar applied to the wave amplitude. This can be overridden per biome.	应用于波浪振幅的缩放系数。可按生物群系覆盖。		
PlanetWater.WaveAmplitudeTooltip	The height of the waves.	波浪的高度。		
PlanetWater.WaveLengthTooltip	The length of the waves.	波浪的长度。		
PlanetWater.WavesGroup	Waves	波浪		
PlanetWater.WaveSpeedTooltip	The movement speed of the waves.	波浪的移动速度。		
Play.Challenges.Button	View Challenges	查看挑战		
Play.Challenges.Description	View the list of challenges and practice missions available to play.	查看可游玩的挑战与练习任务列表。		
Play.Challenges.Name	Challenges	挑战		
Play.Details.FlightNameHeader	Flight Name	飞行名称		
Play.Details.FlightNamePlaceholder	Flight Name...	飞行名称...		
Play.Details.NoScores	No scores yet	暂无分数		
Play.Details.ScoresHeader	SCORES	分数		
Play.FlightName.Required	Please, provide a flight name for this craft.	请为该载具填写飞行名称。		
Play.Issues.Error.Message	<b>This craft has one or more issues and cannot be launched right now. Launch it from the designer to view the complete list of issues.</b>	<b>该载具存在一项或多项问题，当前无法发射。请在设计器中发射以查看完整的问题列表。</b>		
Play.Issues.Warning.LaunchAnyway	Launch Anyway	仍然发射		
Play.Issues.Warning.Message	<b>One or more potential issues were found. Continue with the launch? Launch this craft from the designer to see the complete list of issues</b>.	<b>发现一项或多项潜在问题。是否继续发射？在设计器中发射该载具可查看完整的问题列表</b>。		
Play.Level.Completed	Completed	已完成		
Play.Level.StartTutorial	START TUTORIAL	开始教程		
Play.Level.Subtitle.CareerTutorial	Career Contract Tutorial	生涯合约教程		
Play.Tutorials.Button	View Tutorials	查看教程		
Play.Tutorials.Description	View the list of tutorials available to play.	查看可游玩的教程列表。		
Play.Tutorials.Name	Tutorials	教程		
Play.UpgradeRequired.Message	You must upgrade to the {0} to launch another craft.\n\nOtherwise, you can remove some of the crafts currently active in your sandbox.	你必须升级到{0}才能再发射一艘载具。\n\n否则，你可以移除沙盒中当前活跃的部分载具。		
Play.UpgradeRequired.RemoveCraft	REMOVE CRAFT	移除载具		
Purchase.Card.Loading	LOADING	加载中		
Purchase.Card.Owned	OWNED	已拥有		
Purchase.CareerBundle.Name	Career Bundle	生涯捆绑包		
Purchase.CareerBundle.Video.DozenContracts	Dozens of Contracts	数十个合约		
Purchase.CareerBundle.Video.EngineerBundle	Adds Engineer Bundle	包含工程师捆绑包		
Purchase.CareerBundle.Video.Landmarks	Visit All Landmarks	造访所有地标		
Purchase.CareerBundle.Video.LeaveVillage	Leave the Village	离开村庄		
Purchase.CareerBundle.Video.MoreCustomers	More Customers	更多客户		
Purchase.CareerBundle.Video.UnlockTech	Unlock All The Tech	解锁全部科技		
Purchase.CompleteEdition.Buy	BUY	购买		
Purchase.CompleteEdition.Line1	"Juno: New Origins Complete Edition" is for players who prefer a one-time purchase.	「Juno: New Origins 完整版」适合偏好一次性购买的玩家。		
Purchase.CompleteEdition.Line2	It is a separate app on the store and is equivalent to purchasing all in-app purchases in this free-to-play version.	它在商店中是独立应用，等同于购买此免费版中的全部应用内购买内容。		
Purchase.CompleteEdition.Line3	Please note, progress from this free-to-play version will not be transferred.	请注意，此免费版的进度不会转移。		
Purchase.CompleteEdition.Name	Complete Edition	完整版		
Purchase.EngineerBundle.Name	Engineer Bundle	工程师捆绑包		
Purchase.EngineerBundle.Video.CustomSubassemblies	Custom Subassemblies	自定义组件		
Purchase.EngineerBundle.Video.ProceduralJets	Procedural Jets	程序化喷气发动机		
Purchase.EngineerBundle.Video.ProceduralPropellers	Procedural Propellers	程序化螺旋桨		
Purchase.EngineerBundle.Video.ProceduralRockets	Procedural Rockets	程序化火箭		
Purchase.EngineerBundle.Video.ProceduralWheels	Procedural Wheels	程序化车轮		
Purchase.EngineerBundle.Video.Vizzy	Vizzy Programming	Vizzy 编程		
Purchase.Error.GenericFormat	An error occurred while processing the in app purchase:\n{0}: {1}	处理应用内购买时出错：\n{0}: {1}		
Purchase.Error.UserCancelled	User cancelled the purchase.	用户取消了购买。		
Purchase.MoreInfo	MORE\nINFO	更多\n信息		
Purchase.Owned	OWNED	已拥有		
Purchase.Processing	Processing...	处理中...		
Purchase.RemoveAds.Name	Remove Ads	移除广告		
Purchase.RemoveAds.Screenshot.AdFreeDownloads	Ad Free Downloads From the JNO Website	从 JNO 网站无广告下载		
Purchase.RemoveAds.Screenshot.NoMoreAds	No More Ads When Launching A Craft	发射载具时不再显示广告		
Purchase.RemoveAds.Screenshot.PrivateUploads	Private Uploads To The JNO Website	向 JNO 网站私密上传		
Purchase.RestartRequired	Thank you! Some new features might require the flight scene to be restarted.	感谢支持！部分新功能可能需要重启飞行场景。		
Purchase.Restore.FailedFormat	Failed to restore purchases: {0}	恢复购买失败：{0}		
Purchase.Restore.Succeeded	Purchases Restored	已恢复购买		
Purchase.RestorePurchases	RESTORE PURCHASES	恢复购买		
Purchase.SandboxBundle.Name	Sandbox Bundle	沙盒捆绑包		
Purchase.SandboxBundle.Video.Cheats	Cheats and Tinkering	作弊与调试		
Purchase.SandboxBundle.Video.CommunitySystems	Community Systems	社区行星系		
Purchase.SandboxBundle.Video.FlyUnlimited	Fly Unlimited Crafts	无限载具飞行		
Purchase.SandboxBundle.Video.FullSandbox	Full Sandbox System	完整沙盒系统		
Purchase.SandboxBundle.Video.NewFacilities	New Sandbox Facilities	新沙盒设施		
Purchase.SandboxBundle.Video.SaveLaunchLocations	Save Launch Locations	保存发射场		
Purchase.UpgradeDialog.MessageFormat	Upgrade to the {0} to {1}	升级到{0}即可{1}		
Purchase.UpgradeDialog.MessageWithComboFormat	Upgrade to both the {0} and {1} to {2}	同时升级到{0}和{1}即可{2}		
Sandbox.Download.SaveError.GeneralFormat	Error saving downloaded sandbox: {0}	保存已下载的沙盒时出错：{0}		
Sandbox.Download.SaveError.MoveFailedFormat	Error moving sandbox to final location: {0}	将沙盒移动到最终位置时出错：{0}		
Sandbox.Download.SaveError.ZipExtraction	Sandbox zip archive failed extraction	沙盒 zip 压缩包解压失败		
Sandbox.Download.SaveError.ZipInit	Could not initialize sandbox zip archive	无法初始化沙盒 zip 压缩包		
Sandbox.Download.UpgradeCareerFormat	Upgrade to the {0} to unlock support for downloading community career sandboxes.	升级到{0}以解锁下载社区生涯沙盒的支持。		
Sandbox.Download.UpgradeCustomCareerFormat	Upgrade to the {0} to unlock support for downloading custom career sandboxes.	升级到{0}以解锁下载自定义生涯沙盒的支持。		
Sandbox.Download.UpgradeSandboxFormat	Upgrade to the {0} to unlock support for downloading community sandboxes.	升级到{0}以解锁下载社区沙盒的支持。		
Sandbox.Download.Progress.DeterminingFiles	Determining files to download...	正在确定要下载的文件...		
Sandbox.Download.Progress.DownloadingFilesFormat	Downloading Files... {0}	正在下载文件... {0}		
Sandbox.Download.Progress.DownloadingSandboxFormat	Downloading Sandbox... {0}	正在下载沙盒... {0}		
Sandbox.Download.Progress.ProcessingDownload	Processing Download...	正在处理下载...		
Sandbox.Download.SavedWithErrorFormat	Sandbox '{0}' downloaded, but encountered an error saving: {1}	沙盒「{0}」已下载，但保存时出错：{1}		
Sandbox.Download.MissingGameStateId	Unable to determine the game state id for the downloaded sandbox.	无法确定已下载沙盒的存档 id。		
Sandbox.Download.FlightStateLoadError	An error occurred loading the flight state data after downloading the sandbox	下载沙盒后加载飞行状态数据时出错		
Sandbox.Download.UserAbortedRequirementsFormat	The user aborted the loading of sandbox '{0}' which failed to meet mod requirements. {1}	用户中止了沙盒「{0}」的加载，该沙盒未满足模组要求。 {1}		
Sandbox.Download.RequirementsNotMetFormat	Attempting to load sandbox '{0}', but not all mod requirements have been met. The sandbox or associated craft may fail to load properly.	正在尝试加载沙盒「{0}」，但并非所有模组要求都已满足。该沙盒或关联载具可能无法正常加载。		
Sandbox.Download.RequirementsCodeExecution	The sandbox or associated craft requires one or more mods with code execution support, which is not supported by this game version.	该沙盒或关联载具需要支持代码执行的模组，而此游戏版本不支持该功能。		
Sandbox.Download.RequirementsOutdated	The sandbox or associated craft requires one or more mods that are installed but not up to date.	该沙盒或关联载具需要的一个或多个模组已安装但未更新。		
Sandbox.Download.RequirementsMissing	The sandbox or associated craft requires one or more mods that are not currently installed or enabled.	该沙盒或关联载具需要的一个或多个模组当前未安装或未启用。		
Scenario.Dialog.Header	LOAD SCENARIO	加载情景		
Scenario.Dialog.Warning	Warning, you will lose your current flight state!	警告，你将丢失当前飞行状态！		
Scene.LoadingText	Loading...	加载中...		
Scene.GeneratingPlanetFormat	Creating Planet {0} of {1}: {2}	正在创建行星 {0}/{1}：{2}		
Scene.CreatingPlanetMapFormat	Creating {0} Map	正在创建{0}地图		
Scene.GeneratingCubemapTaskFormat	Generating Cubemap: {0}	正在生成立方体贴图：{0}		
Scene.GeneratingEquirectangularMapTaskFormat	Generating Equirectangular Map: {0}	正在生成等距圆柱投影地图：{0}		
Scene.LoadingScreen.ImageByPrefixFormat	<size=60%>Image By:</size>\n{0}	<size=60%>图片作者：</size>\n{0}		
Screenshot.Aperture	Aperture	光圈		
Screenshot.Back	Back	返回		
Screenshot.DepthOfField	Depth of Field	景深		
Screenshot.FieldOfView	Field of View	视野		
Screenshot.FocalSize	Focal Size	对焦范围		
Screenshot.Landscape	Landscape	横向		
Screenshot.Portrait	Portrait	纵向		
Screenshot.Square	Square	方形		
Screenshot.ToggleUi	Toggle UI	显示/隐藏 UI		
Settings.Audio.MasterVolume	Master Volume	主音量		
Settings.Audio.MasterVolume.Description	Changes the volume of both sound and music.	调整音效与音乐的音量。		
Settings.Audio.MusicLevel.High	High	高		
Settings.Audio.MusicLevel.Low	Low	低		
Settings.Audio.MusicVolume	Music Volume	音乐音量		
Settings.Audio.MusicVolume.Description	Changes the volume of the music.	调整音乐的音量。		
Settings.Audio.SoundVolume	Sound Volume	音效音量		
Settings.Audio.SoundVolume.Description	Changes the volume of the sound.	调整音效的音量。		
Settings.Audio.SpaceSoundAttenuation	Space Sound Attenuation	太空声音衰减		
Settings.Audio.SpaceSoundAttenuation.Description	Enables or disables space sound attenuation. When enabled, the sound will be muffled when in space.	启用或禁用太空声音衰减。启用后，在太空中声音会变得沉闷。		
Settings.Audio.Title	Audio	音频		
Settings.Calibrate.Button	Calibrate	校准		
Settings.Calibrate.Done	Done	完成		
Settings.Calibrate.RestoreDefaults	Restore Defaults	恢复默认值		
Settings.Calibrate.Title	Calibrate Controller	校准控制器		
Settings.Calibrate.Tooltip.GameInput	The input after settings are applied	应用设置后的输入		
Settings.Calibrate.Tooltip.Invert	Invert Input	反转输入		
Settings.Calibrate.Tooltip.RawInput	The raw input from the controller	来自控制器的原始输入		
Settings.Controls	Controls	控制		
Settings.Controls.Action.AccelerateMovementModifier	Accelerate Movement Modifier	加速移动修饰键		
Settings.Controls.Action.ActivateCameraLook	Toggle Camera Look	切换相机视角		
Settings.Controls.Action.ActivateStage	Activate Stage	激活分级		
Settings.Controls.Action.ActivationGroup1	Activation Group 1	激活组 1		
Settings.Controls.Action.ActivationGroup10	Activation Group 10	激活组 10		
Settings.Controls.Action.ActivationGroup2	Activation Group 2	激活组 2		
Settings.Controls.Action.ActivationGroup3	Activation Group 3	激活组 3		
Settings.Controls.Action.ActivationGroup4	Activation Group 4	激活组 4		
Settings.Controls.Action.ActivationGroup5	Activation Group 5	激活组 5		
Settings.Controls.Action.ActivationGroup6	Activation Group 6	激活组 6		
Settings.Controls.Action.ActivationGroup7	Activation Group 7	激活组 7		
Settings.Controls.Action.ActivationGroup8	Activation Group 8	激活组 8		
Settings.Controls.Action.ActivationGroup9	Activation Group 9	激活组 9		
Settings.Controls.Action.Brake	Brake	刹车		
Settings.Controls.Action.CameraLookLeftRight	Look Left/Right	左右观察		
Settings.Controls.Action.CameraLookLeftRight.Negative	Look Left	向左看		
Settings.Controls.Action.CameraLookLeftRight.Positive	Look Right	向右看		
Settings.Controls.Action.CameraLookUpDown	Look Up/Down	上下观察		
Settings.Controls.Action.CameraLookUpDown.Negative	Look Down	向下看		
Settings.Controls.Action.CameraLookUpDown.Positive	Look Up	向上看		
Settings.Controls.Action.CameraLookZoom	Zoom In / Out	拉近/拉远		
Settings.Controls.Action.CameraLookZoom.Negative	Zoom Out	拉远		
Settings.Controls.Action.CameraLookZoom.Positive	Zoom In	拉近		
Settings.Controls.Action.CameraRollLeftRight	Roll Left/Right	左右翻滚		
Settings.Controls.Action.CameraRollLeftRight.Negative	Roll Left	向左翻滚		
Settings.Controls.Action.CameraRollLeftRight.Positive	Roll Right	向右翻滚		
Settings.Controls.Action.CameraSwapLeftRightRoll	Camera Swap Left-Right/Roll	相机交换左右/翻滚		
Settings.Controls.Action.CameraSwapUpDownZoom	Camera Swap Up-Down/Zoom	相机交换上下/缩放		
Settings.Controls.Action.CommandPodNext	Next Command Pod	下一个指令舱		
Settings.Controls.Action.CommandPodPrevious	Previous Command Pod	上一个指令舱		
Settings.Controls.Action.DecelerateMovementModifier	Decelerate Movement Modifier	减速移动修饰键		
Settings.Controls.Action.DecreaseRotationalSpeed	Decrease Rotational Speed	降低旋转速度		
Settings.Controls.Action.DecreaseSpeed	Decrease Speed	降低速度		
Settings.Controls.Action.DeleteSelectedPart	Delete Selected Part	删除选中零件		
Settings.Controls.Action.DesignerCameraInOut	Move/Zoom In/Out	移动/缩放（进出）		
Settings.Controls.Action.DesignerCameraInOut.Negative	Move/Zoom Out	向外移动/缩放		
Settings.Controls.Action.DesignerCameraInOut.Positive	Move/Zoom In	向内移动/缩放		
Settings.Controls.Action.DesignerCameraLeftRight	Move/Rotate Left/Right	移动/旋转（左右）		
Settings.Controls.Action.DesignerCameraLeftRight.Negative	Move/Rotate Left	向左移动/旋转		
Settings.Controls.Action.DesignerCameraLeftRight.Positive	Move/Rotate Right	向右移动/旋转		
Settings.Controls.Action.DesignerCameraRotateLeftRight	Rotate Left/Right	左右旋转		
Settings.Controls.Action.DesignerCameraRotateLeftRight.Negative	Rotate Left	向左旋转		
Settings.Controls.Action.DesignerCameraRotateLeftRight.Positive	Rotate Right	向右旋转		
Settings.Controls.Action.DesignerCameraRotateUpDown	Rotate Up/Down	上下旋转		
Settings.Controls.Action.DesignerCameraRotateUpDown.Negative	Rotate Down	向下旋转		
Settings.Controls.Action.DesignerCameraRotateUpDown.Positive	Rotate Up	向上旋转		
Settings.Controls.Action.DesignerCameraSwitchMode	Switch Mode	切换模式		
Settings.Controls.Action.DesignerCameraTranslateInOut	Translate In/Out	平移进出		
Settings.Controls.Action.DesignerCameraTranslateInOut.Negative	Translate Out	向外平移		
Settings.Controls.Action.DesignerCameraTranslateInOut.Positive	Translate In	向内平移		
Settings.Controls.Action.DesignerCameraTranslateLeftRight	Translate Left/Right	平移左右		
Settings.Controls.Action.DesignerCameraTranslateLeftRight.Negative	Translate Left	向左平移		
Settings.Controls.Action.DesignerCameraTranslateLeftRight.Positive	Translate Right	向右平移		
Settings.Controls.Action.DesignerCameraTranslateUpDown	Translate Up/Down	平移上下		
Settings.Controls.Action.DesignerCameraTranslateUpDown.Negative	Translate Down	向下平移		
Settings.Controls.Action.DesignerCameraTranslateUpDown.Positive	Translate Up	向上平移		
Settings.Controls.Action.DesignerCameraUpDown	Move/Rotate Up/Down	移动/旋转（上下）		
Settings.Controls.Action.DesignerCameraUpDown.Negative	Move/Rotate Down	向下移动/旋转		
Settings.Controls.Action.DesignerCameraUpDown.Positive	Move/Rotate Up	向上移动/旋转		
Settings.Controls.Action.DesignerCameraZoom	Zoom In/Out	拉近/拉远		
Settings.Controls.Action.DesignerCameraZoom.Negative	Zoom Out	拉远		
Settings.Controls.Action.DesignerCameraZoom.Positive	Zoom In	拉近		
Settings.Controls.Action.DesignerDeselectPart	Deselect Part	取消选中零件		
Settings.Controls.Action.DesignerFlyoutNext	Next Flyout Panel	下一个弹出面板		
Settings.Controls.Action.DesignerFlyoutPrevious	Previous Flyout Panel	上一个弹出面板		
Settings.Controls.Action.DesignerManipulatePartNegative	Rotate/Translate Part -	旋转/平移零件 -		
Settings.Controls.Action.DesignerManipulatePartNextMode	Manipulate Part Next Mode	零件操作下一个模式		
Settings.Controls.Action.DesignerManipulatePartPositive	Rotate/Translate Part +	旋转/平移零件 +		
Settings.Controls.Action.DesignerManipulatePartPreviousMode	Manipulate Part Previous Mode	零件操作上一个模式		
Settings.Controls.Action.DesignerToggleMenu	Toggle Menu	切换菜单		
Settings.Controls.Action.DesignerTogglePartProperties	Toggle Part Properties	切换零件属性		
Settings.Controls.Action.DeveloperConsole	Developer Console	开发者控制台		
Settings.Controls.Action.EvaEnableJetpackMovement	Jetpack Input Modifier	喷气背包输入修饰键		
Settings.Controls.Action.EvaJump	Jump	跳跃		
Settings.Controls.Action.EvaMoveFwdAft	Move	移动		
Settings.Controls.Action.EvaMoveFwdAft.Negative	Backward	后退		
Settings.Controls.Action.EvaMoveFwdAft.Positive	Forward	前进		
Settings.Controls.Action.EvaMoveUpDown	Jetpack Up/Down (with modifier)	喷气背包上/下（带修饰键）		
Settings.Controls.Action.EvaMoveUpDown.Negative	Jetpack Down	喷气背包向下		
Settings.Controls.Action.EvaMoveUpDown.Positive	Jetpack Up	喷气背包向上		
Settings.Controls.Action.EvaMoveUpDownNoModifier	Jetpack Up/Down	喷气背包上/下		
Settings.Controls.Action.EvaMoveUpDownNoModifier.Negative	Jetpack Down	喷气背包向下		
Settings.Controls.Action.EvaMoveUpDownNoModifier.Positive	Jetpack Up	喷气背包向上		
Settings.Controls.Action.EvaPitch	Jetpack Pitch (with modifier)	喷气背包俯仰（带修饰键）		
Settings.Controls.Action.EvaPitch.Negative	Jetpack Pitch Back	喷气背包向后俯仰		
Settings.Controls.Action.EvaPitch.Positive	Jetpack Pitch Forward	喷气背包向前俯仰		
Settings.Controls.Action.EvaPitchNoModifier	Jetpack Pitch	喷气背包俯仰		
Settings.Controls.Action.EvaPitchNoModifier.Negative	Jetpack Pitch Back	喷气背包向后俯仰		
Settings.Controls.Action.EvaPitchNoModifier.Positive	Jetpack Pitch Forward	喷气背包向前俯仰		
Settings.Controls.Action.EvaRoll	Jetpack Roll (with modifier)	喷气背包翻滚（带修饰键）		
Settings.Controls.Action.EvaRoll.Negative	Jetpack Roll Left	喷气背包向左翻滚		
Settings.Controls.Action.EvaRoll.Positive	Jetpack Roll Right	喷气背包向右翻滚		
Settings.Controls.Action.EvaRollNoModifier	Jetpack Roll	喷气背包翻滚		
Settings.Controls.Action.EvaRollNoModifier.Negative	Jetpack Roll Left	喷气背包向左翻滚		
Settings.Controls.Action.EvaRollNoModifier.Positive	Jetpack Roll Right	喷气背包向右翻滚		
Settings.Controls.Action.EvaShootTether	Shoot Tether - FPS Only	发射系绳 - 仅 FPS		
Settings.Controls.Action.EvaStrafe	Strafe	横移		
Settings.Controls.Action.EvaStrafe.Negative	Strafe Left	向左横移		
Settings.Controls.Action.EvaStrafe.Positive	Strafe Right	向右横移		
Settings.Controls.Action.EvaTetherLength	Tether Length	系绳长度		
Settings.Controls.Action.EvaTetherLength.Negative	Retract	收回		
Settings.Controls.Action.EvaTetherLength.Positive	Extend	放出		
Settings.Controls.Action.EvaToggleWalk	Toggle Walk/Run	切换行走/奔跑		
Settings.Controls.Action.EvaTurn	Turn	转向		
Settings.Controls.Action.EvaTurn.Negative	Turn Left	左转		
Settings.Controls.Action.EvaTurn.Positive	Turn Right	右转		
Settings.Controls.Action.FlightOpenMenu	Open Menu	打开菜单		
Settings.Controls.Action.FullThrottle	Full Throttle	全油门		
Settings.Controls.Action.GroupParts	Group Parts	组合零件		
Settings.Controls.Action.IncreaseRotationalSpeed	Increase Rotational Speed	提高旋转速度		
Settings.Controls.Action.IncreaseSpeed	Increase Speed	提高速度		
Settings.Controls.Action.KillThrottle	Kill Throttle	关闭油门		
Settings.Controls.Action.LoadContentFromClipboardUrl	Load Craft/Sandbox From Clipboard Url	从剪贴板 URL 加载载具/沙盒		
Settings.Controls.Action.LockHeading	Lock Heading	锁定航向		
Settings.Controls.Action.LockPrograde	Lock Prograde	锁定顺行		
Settings.Controls.Action.LockRetrograde	Lock Retrograde	锁定逆行		
Settings.Controls.Action.LockTarget	Lock Target	锁定目标		
Settings.Controls.Action.MapSetTargetModifier	Map Set Target Modifier	地图设置目标修饰键		
Settings.Controls.Action.MirrorSelectedPart	Mirror Selected Part	镜像选中零件		
Settings.Controls.Action.MoveCameraBackward	Move Camera Backward	相机向后移动		
Settings.Controls.Action.MoveCameraDown	Move Camera Down	相机向下移动		
Settings.Controls.Action.MoveCameraForward	Move Camera Forward	相机向前移动		
Settings.Controls.Action.MoveCameraLeft	Move Camera Left	相机向左移动		
Settings.Controls.Action.MoveCameraRight	Move Camera Right	相机向右移动		
Settings.Controls.Action.MoveCameraUp	Move Camera Up	相机向上移动		
Settings.Controls.Action.NextCameraMode	Next Camera Mode	下一个相机模式		
Settings.Controls.Action.NudgePartNegativeX	Nudge Part X-	微调零件 X-		
Settings.Controls.Action.NudgePartNegativeY	Nudge Part Y-	微调零件 Y-		
Settings.Controls.Action.NudgePartNegativeZ	Nudge Part Z-	微调零件 Z-		
Settings.Controls.Action.NudgePartPositiveX	Nudge Part X+	微调零件 X+		
Settings.Controls.Action.NudgePartPositiveY	Nudge Part Y+	微调零件 Y+		
Settings.Controls.Action.NudgePartPositiveZ	Nudge Part Z+	微调零件 Z+		
Settings.Controls.Action.OpenPhotoLibrary	Open Photo Library	打开照片库		
Settings.Controls.Action.OpenSymmetryTool	Select Symmetry Tool	选择对称工具		
Settings.Controls.Action.Pause	Pause	暂停		
Settings.Controls.Action.Pitch	Pitch	俯仰		
Settings.Controls.Action.Pitch.Negative	Pitch Back	向后俯仰		
Settings.Controls.Action.Pitch.Positive	Pitch Forward	向前俯仰		
Settings.Controls.Action.PlanetStudioMovementModeNext	Next Movement Mode	下一个移动模式		
Settings.Controls.Action.PlanetStudioMovementModePrevious	Previous Movement Mode	上一个移动模式		
Settings.Controls.Action.PlanetStudioOpenMenu	Open Menu	打开菜单		
Settings.Controls.Action.PlanetStudioRebuildPlanet	Rebuild Planet	重建行星		
Settings.Controls.Action.PlanetStudioRecenterCamera	Recenter Camera	相机回中		
Settings.Controls.Action.PreventPartSelection	Prevent Part Selection	阻止选中零件		
Settings.Controls.Action.PreviousCameraMode	Previous Camera Mode	上一个相机模式		
Settings.Controls.Action.QuickLoad	Quick Load	快速读取		
Settings.Controls.Action.QuickSave	Quick Save	快速保存		
Settings.Controls.Action.ReattachSelectedPart	Reattach Selected Part	重新连接选中零件		
Settings.Controls.Action.Redo	Redo	重做		
Settings.Controls.Action.ResetSunTiltAngle	Reset Sun Tilt Angle	重置太阳倾角		
Settings.Controls.Action.Roll	Roll	翻滚		
Settings.Controls.Action.Roll.Negative	Roll Left	向左翻滚		
Settings.Controls.Action.Roll.Positive	Roll Right	向右翻滚		
Settings.Controls.Action.RollCameraLeft	Roll Camera Left	相机向左翻滚		
Settings.Controls.Action.RollCameraRight	Roll Camera Right	相机向右翻滚		
Settings.Controls.Action.RotateCameraDown	Rotate Camera Down	相机向下旋转		
Settings.Controls.Action.RotateCameraLeft	Rotate Camera Left	相机向左旋转		
Settings.Controls.Action.RotateCameraRight	Rotate Camera Right	相机向右旋转		
Settings.Controls.Action.RotateCameraUp	Rotate Camera Up	相机向上旋转		
Settings.Controls.Action.RotateNegativeX	Rotate Part X-	旋转零件 X-		
Settings.Controls.Action.RotateNegativeY	Rotate Part Y-	旋转零件 Y-		
Settings.Controls.Action.RotateNegativeZ	Rotate Part Z-	旋转零件 Z-		
Settings.Controls.Action.RotatePlanetLeft	Rotate Planet Left	向左旋转行星		
Settings.Controls.Action.RotatePlanetRight	Rotate Planet Right	向右旋转行星		
Settings.Controls.Action.RotatePositiveX	Rotate Part X+	旋转零件 X+		
Settings.Controls.Action.RotatePositiveY	Rotate Part Y+	旋转零件 Y+		
Settings.Controls.Action.RotatePositiveZ	Rotate Part Z+	旋转零件 Z+		
Settings.Controls.Action.RotateWithPlanetLeft	Rotate With Planet Left	随行星向左旋转		
Settings.Controls.Action.RotateWithPlanetRight	Rotate With Planet Right	随行星向右旋转		
Settings.Controls.Action.SaveDesign	Save Design	保存设计		
Settings.Controls.Action.SaveLaunchLocation	Save Launch Location	保存发射场		
Settings.Controls.Action.SelectFuselageShapeTool	Select Part Shape Tool	选择零件形状工具		
Settings.Controls.Action.SelectMovePartTool	Select Move Part Tool	选择移动零件工具		
Settings.Controls.Action.SelectNudgeTool	Select Translate Tool	选择平移工具		
Settings.Controls.Action.SelectPaintTool	Select Paint Tool	选择涂装工具		
Settings.Controls.Action.SelectRotateTool	Select Rotate Tool	选择旋转工具		
Settings.Controls.Action.Slider1	Slider 1	滑块 1		
Settings.Controls.Action.Slider1.Negative	Slider 1 Down	滑块 1 向下		
Settings.Controls.Action.Slider1.Positive	Slider 1 Up	滑块 1 向上		
Settings.Controls.Action.Slider2	Slider 2	滑块 2		
Settings.Controls.Action.Slider2.Negative	Slider 2 Down	滑块 2 向下		
Settings.Controls.Action.Slider2.Positive	Slider 2 Up	滑块 2 向上		
Settings.Controls.Action.Slider3	Slider 3	滑块 3		
Settings.Controls.Action.Slider3.Negative	Slider 3 Down	滑块 3 向下		
Settings.Controls.Action.Slider3.Positive	Slider 3 Up	滑块 3 向上		
Settings.Controls.Action.Slider4	Slider 4	滑块 4		
Settings.Controls.Action.Slider4.Negative	Slider 4 Down	滑块 4 向下		
Settings.Controls.Action.Slider4.Positive	Slider 4 Up	滑块 4 向上		
Settings.Controls.Action.SnapToGround	Snap To Ground	吸附到地面		
Settings.Controls.Action.SwapEvaStrafeTurn	Swap Strafe/Turn	交换横移/转向		
Settings.Controls.Action.SwapRollYaw	Swap Roll/Yaw	交换翻滚/偏航		
Settings.Controls.Action.SymmetryModeNext	Next Symmetry Mode	下一个对称模式		
Settings.Controls.Action.SymmetryModePrevious	Previous Symmetry Mode	上一个对称模式		
Settings.Controls.Action.Throttle	Throttle	油门		
Settings.Controls.Action.Throttle.Negative	Throttle Down	油门减小		
Settings.Controls.Action.Throttle.Positive	Throttle Up	油门增大		
Settings.Controls.Action.TiltSunDown	Tilt Sun Down	太阳向下倾斜		
Settings.Controls.Action.TiltSunUp	Tilt Sun Up	太阳向上倾斜		
Settings.Controls.Action.TimeWarpDecrease	Decrease Time Warp	减慢时间加速		
Settings.Controls.Action.TimeWarpIncrease	Increase Time Warp	加快时间加速		
Settings.Controls.Action.ToggleHideUI	Toggle Hide UI	显示/隐藏 UI		
Settings.Controls.Action.ToggleMapView	Toggle Map View	切换地图视图		
Settings.Controls.Action.ToggleMouseJoystick	Toggle Mouse Joystick	切换鼠标摇杆		
Settings.Controls.Action.ToggleMusic	Toggle Music	切换音乐		
Settings.Controls.Action.ToggleNavSphere	Toggle Nav Sphere	切换导航球		
Settings.Controls.Action.TogglePartConnectionsPanel	Toggle Part Connections Panel	切换零件连接面板		
Settings.Controls.Action.TogglePerformanceAnalyzer	Toggle Performance Analyzer	切换性能分析器		
Settings.Controls.Action.ToggleTranslationMode	Toggle Translation Mode	切换平移模式		
Settings.Controls.Action.ToolModifier	Tool Modifier	工具修饰键		
Settings.Controls.Action.TranslateForwardBackward	Translate Forward/Backward	前后平移		
Settings.Controls.Action.TranslateForwardBackward.Negative	Translate Backward	向后平移		
Settings.Controls.Action.TranslateForwardBackward.Positive	Translate Forward	向前平移		
Settings.Controls.Action.TranslateLeftRight	Translate Left/Right	左右平移		
Settings.Controls.Action.TranslateLeftRight.Negative	Translate Left	向左平移		
Settings.Controls.Action.TranslateLeftRight.Positive	Translate Right	向右平移		
Settings.Controls.Action.TranslateUpDown	Translate Up/Down	上下平移		
Settings.Controls.Action.TranslateUpDown.Negative	Translate Down	向下平移		
Settings.Controls.Action.TranslateUpDown.Positive	Translate Up	向上平移		
Settings.Controls.Action.Undo	Undo	撤销		
Settings.Controls.Action.Yaw	Yaw	偏航		
Settings.Controls.Action.Yaw.Negative	Yaw Left	向左偏航		
Settings.Controls.Action.Yaw.Positive	Yaw Right	向右偏航		
Settings.Controls.Actions	Actions	操作		
Settings.Controls.AddController	Add Controller	添加控制器		
Settings.Controls.AddControllerMessage	Press any button or move an axis on the controller you would like to use.	请按下要使用的控制器上的任意按钮，或拨动任意轴。		
Settings.Controls.BindingTitle	Binding {0}	绑定 {0}		
Settings.Controls.Cancel	Cancel	取消		
Settings.Controls.Category.ActivationGroups	Activation Groups	激活组		
Settings.Controls.Category.CameraLook	Camera Look	摄像机环视		
Settings.Controls.Category.Designer	Designer	设计器		
Settings.Controls.Category.DesignerCamera	Designer Camera	设计器摄像机		
Settings.Controls.Category.DesignerManipulateParts	Manipulate Parts	零件操作		
Settings.Controls.Category.DesignerNudgeParts	Position Parts	零件定位		
Settings.Controls.Category.DesignerRotateParts	Rotate Parts	旋转零件		
Settings.Controls.Category.DesignerSymmetry	Symmetry	对称		
Settings.Controls.Category.DesignerTools	Designer Tools	设计器工具		
Settings.Controls.Category.EVA	Astronaut - EVA	宇航员 - EVA		
Settings.Controls.Category.FlightBasics	Flight Controls	飞行控制		
Settings.Controls.Category.FlightOther	Other	其他		
Settings.Controls.Category.MapView	Map View	地图视图		
Settings.Controls.Category.Navigation	Navigation	导航		
Settings.Controls.Category.Other	Other	其他		
Settings.Controls.Category.PlanetStudio	Planet Studio	行星工坊		
Settings.Controls.Category.TimeControl	Time Control	时间控制		
Settings.Controls.CenterAxesMessage	First center or zero all sticks and axes, then press any button or wait for the timer to finish.	请先将所有摇杆与轴归中或归零，然后按下任意按钮或等待计时结束。		
Settings.Controls.ConflictMessage	{0} is already in use by {1}. \n Do you want to replace it? \n You may also choose to add the assignment anyway.	{0} 已被 {1} 占用。 \n 要替换吗？ \n 你也可以选择仍然添加该绑定。		
Settings.Controls.ConflictJoinFinal	, and 	和		
Settings.Controls.ConflictJoinSeparator	, 	、		
Settings.Controls.ControllerSensitivity	Controller Sensitivity	控制器灵敏度		
Settings.Controls.Designer	Designer	设计器		
Settings.Controls.FlightCommon	Flight Common	飞行通用		
Settings.Controls.FlightCraft	Flight Craft	载具飞行		
Settings.Controls.FlightEva	Flight EVA	EVA 飞行		
Settings.Controls.Key.UpArrow	Up	上		
Settings.Controls.Key.Tab	Tab	Tab		
Settings.Controls.Key.Space	Space	空格		
Settings.Controls.Key.RightShift	Right Shift	右 Shift		
Settings.Controls.Key.RightControl	Right Ctrl	右 Ctrl		
Settings.Controls.Key.RightArrow	Right	右		
Settings.Controls.Key.RightAlt	Right Alt	右 Alt		
Settings.Controls.Key.Return	Enter	回车		
Settings.Controls.Key.PageUp	Page Up	Page Up		
Settings.Controls.Key.PageDown	Page Down	Page Down		
Settings.Controls.Key.LeftShift	Left Shift	左 Shift		
Settings.Controls.Key.LeftControl	Left Ctrl	左 Ctrl		
Settings.Controls.Key.LeftArrow	Left	左		
Settings.Controls.Key.LeftAlt	Left Alt	左 Alt		
Settings.Controls.Key.Insert	Insert	Insert		
Settings.Controls.Key.Home	Home	Home		
Settings.Controls.Key.Escape	Esc	Esc		
Settings.Controls.Key.End	End	End		
Settings.Controls.Key.DownArrow	Down	下		
Settings.Controls.Key.Delete	Delete	Delete		
Settings.Controls.Key.CapsLock	Caps Lock	Caps Lock		
Settings.Controls.Key.Backspace	Backspace	Backspace		
Settings.Controls.Keyboard	Keyboard	键盘		
Settings.Controls.MouseXYSensitivity	Mouse XY Sensitivity	鼠标 XY 灵敏度		
Settings.Controls.OpenDevConsole	Open Dev Console	打开开发者控制台		
Settings.Controls.Other	Other	其他		
Settings.Controls.PlanetStudio	Planet Studio	行星工坊		
Settings.Controls.PressButtonMessage	Now press a button or move an axis to assign it to {0}.	现在按下按钮或拨动轴，将其分配给 {0}。		
Settings.Controls.PressKeyMessage	Press a key to assign it to {0}.\nModifier keys may also be used. To assign a modifier key alone, hold it down for 1 second.	按下按键将其分配给 {0}。\n也可以使用修饰键。若要单独分配修饰键，请按住 1 秒。		
Settings.Controls.Remove	Remove	移除		
Settings.Controls.RemoveController	Remove Controller	移除控制器		
Settings.Controls.Replace	Replace	替换		
Settings.Controls.RestoreDefaultsConfirm	This will reset all inputs to the default input configuration, removing any custom input mappings. \n\n Are you certain you want to do this?	这会将所有输入重置为默认输入配置，并移除所有自定义输入映射。 \n\n 确定要这样做吗？		
Settings.Controls.Title	Control Settings	控制设置		
Settings.ControlSettings.MobileFirstTimeMessage	The mobile version of Juno: New Origins needs no extra keyboards or controllers to be fully enjoyed. \n\n For players who do wish to use these devices, this dialog can configure those controls.	Juno: New Origins 移动版无需额外的键盘或控制器即可完整体验。 \n\n 如果你仍希望使用这些设备，可在此对话框中配置相关控制。		
Settings.Craft.CraftReflectionsQuality.None	None	无		
Settings.Craft.CraftReflectionsQuality.None.Description	Craft parts will not reflect anything in their surface.	载具零件的表面不会反射任何物体。		
Settings.Craft.CraftReflectionsQuality.Realtime	Realtime	实时		
Settings.Craft.CraftReflectionsQuality.Realtime.Description	Reflective craft parts will reflect the surrounding world in realtime. Enabling this option can result in extreme performance impacts.	有反射的载具零件会实时反射周围环境。启用此项可能严重影响性能。		
Settings.Craft.CraftReflectionsQuality.Static	Static	静态		
Settings.Craft.CraftReflectionsQuality.Static.Description	Reflective craft parts will use a vague static image to give the illusion of the parts reflecting their surroundings without actually doing so.	有反射的载具零件会使用模糊的静态图像，营造出反射周围环境的错觉，实际并不进行反射。		
Settings.Craft.DetailTextureQuality.Disabled	Disabled	禁用		
Settings.Craft.DetailTextureQuality.Disabled.Description	Detail textures will not be used for craft parts.	载具零件不使用细节贴图。		
Settings.Craft.DetailTextureQuality.High	High	高		
Settings.Craft.DetailTextureQuality.High.Description	High resolution textures will be used for the detail texturing on craft parts.	载具零件的细节贴图将使用高分辨率贴图。		
Settings.Craft.DetailTextureQuality.Low	Low	低		
Settings.Craft.DetailTextureQuality.Low.Description	Low resolution textures will be used for the detail texturing on craft parts.	载具零件的细节贴图将使用低分辨率贴图。		
Settings.Craft.DetailTextureQuality.Medium	Medium	中		
Settings.Craft.DetailTextureQuality.Medium.Description	Medium resolution textures will be used for the detail texturing on craft parts.	载具零件的细节贴图将使用中分辨率贴图。		
Settings.Craft.DetailTextures	Detail Textures	细节贴图		
Settings.Craft.DetailTextures.Description	This setting adjusts the quality of the craft detail textures. These textures apply designs on craft parts via lightening or darkening their base color.	调整载具细节贴图的质量。这些贴图通过明暗变化在载具零件上呈现图案。		
Settings.Craft.MaxCraftLights	Max Craft Lights	载具灯光上限		
Settings.Craft.MaxCraftLights.Description	The maximum number of active lights on a craft at any time. The most recently activated lights get priority when the limit is exceeded.	单个载具同时亮灯的最大数量。超过上限时，优先保留最近开启的灯。		
Settings.Craft.MaxCraftLights.Eight	8	8		
Settings.Craft.MaxCraftLights.Four	4	4		
Settings.Craft.MaxCraftLights.One	1	1		
Settings.Craft.MaxCraftLights.Six	6	6		
Settings.Craft.MaxCraftLights.Sixteen	16	16		
Settings.Craft.MaxCraftLights.Two	2	2		
Settings.Craft.MaxCraftLights.Zero	0	0		
Settings.Craft.NormalMapQuality.Disabled	Disabled	禁用		
Settings.Craft.NormalMapQuality.Disabled.Description	Normal maps will not be used for craft parts.	载具零件不使用法线贴图。		
Settings.Craft.NormalMapQuality.High	High	高		
Settings.Craft.NormalMapQuality.High.Description	High resolution textures will be used for the normal maps on craft parts.	载具零件的法线贴图将使用高分辨率贴图。		
Settings.Craft.NormalMapQuality.Low	Low	低		
Settings.Craft.NormalMapQuality.Low.Description	Low resolution textures will be used for the normal maps on craft parts.	载具零件的法线贴图将使用低分辨率贴图。		
Settings.Craft.NormalMapQuality.Medium	Medium	中		
Settings.Craft.NormalMapQuality.Medium.Description	Medium resolution textures will be used for the normal maps on craft parts.	载具零件的法线贴图将使用中分辨率贴图。		
Settings.Craft.NormalMaps	Normal Maps	法线贴图		
Settings.Craft.NormalMaps.Description	This setting adjusts the quality of the craft normal maps. Normal maps affect lighting and make the parts appear more detailed.	调整载具法线贴图的质量。法线贴图会影响光照，让零件看起来更精细。		
Settings.Craft.Reflections	Reflections	反射		
Settings.Craft.Reflections.Description	This setting changes the way reflections are handled on the craft surfaces.	更改载具表面反射的处理方式。		
Settings.Craft.Title	Craft	载具		
Settings.Designer.PanSensitivity	Pan Sensitivity	平移灵敏度		
Settings.Designer.PanSensitivity.Description	Adjusts the sensitivity of panning the view side to side in the designer.	调整设计器中左右平移视角的灵敏度。		
Settings.Designer.RotateSensitivity	Rotate Sensitivity	旋转灵敏度		
Settings.Designer.RotateSensitivity.Description	Adjusts the sensitivity of rotating the view in the designer.	调整设计器中旋转视角的灵敏度。		
Settings.Designer.Title	Designer	设计器		
Settings.Designer.ZoomSensitivity	Zoom Sensitivity	缩放灵敏度		
Settings.Designer.ZoomSensitivity.Description	Adjusts the sensitivity of zooming the view in/out in the designer.	调整设计器中拉近拉远视角的灵敏度。		
Settings.Designer.NavigationCube	Navigation Cube	导航立方体		
Settings.Designer.NavigationCube.Description	Shows a small interactive view cube in the designer. Click it to snap the camera to standard orthographic views, or drag it to rotate the camera freely.	在设计器中显示一个小型交互视图立方体。点击可将摄像机切换到标准正交视图，拖动可自由旋转摄像机。		
Settings.Designer.NavigationCubeScale	Nav Cube Scale	导航立方体大小		
Settings.Designer.NavigationCubeScale.Description	Adjusts the on-screen size of the designer navigation cube.	调整设计器导航立方体在屏幕上的大小。		
Settings.DiscardOrApplyMessage	You have pending changes in the current tab.\n\nPlease discard or apply changes before switching tabs.	当前标签页中有未应用的更改。\n\n请先放弃或应用更改，然后再切换标签页。		
Settings.Display.AntiAliasing	Anti-Aliasing	抗锯齿		
Settings.Display.AntiAliasing.Description	Anti-aliasing helps smooth pixelated edges.	抗锯齿有助于让锯齿边缘更平滑。		
Settings.Display.AntiAliasingType.FXAA	FXAA	FXAA		
Settings.Display.AntiAliasingType.FXAA.Description	Fast approximate anti-aliasing will be used.	将使用快速近似抗锯齿。		
Settings.Display.AntiAliasingType.MSAA2	MSAA x2	MSAA x2		
Settings.Display.AntiAliasingType.MSAA2.Description	2x Multi-sample anti-aliasing will be used.	将使用 2 倍多重采样抗锯齿。		
Settings.Display.AntiAliasingType.MSAA4	MSAA x4	MSAA x4		
Settings.Display.AntiAliasingType.MSAA4.Description	4x Multi-sample anti-aliasing will be used.	将使用 4 倍多重采样抗锯齿。		
Settings.Display.AntiAliasingType.MSAA8	MSAA x8	MSAA x8		
Settings.Display.AntiAliasingType.MSAA8.Description	8x Multi-sample anti-aliasing will be used.	将使用 8 倍多重采样抗锯齿。		
Settings.Display.AntiAliasingType.None	None	无		
Settings.Display.AntiAliasingType.None.Description	No anti-aliasing will be used.	不使用抗锯齿。		
Settings.Display.Fullscreen	Fullscreen	全屏		
Settings.Display.Fullscreen.Description	Toggles the option of rendering the game in fullscreen mode or windowed mode.	切换游戏以全屏模式或窗口模式渲染。		
Settings.Display.MobileResolution	Resolution	分辨率		
Settings.Display.MobileResolution.Description	Reducing the resolution can improve performance and battery life, but at the cost of reduced visual quality.	降低分辨率可提升性能并延长续航，但会牺牲画面质量。		
Settings.Display.RefreshRate	Refresh Rate	刷新率		
Settings.Display.RefreshRate.Default	Default	默认		
Settings.Display.RefreshRate.Description	Uses V-Sync to lock the game's framerate to the monitor's refresh rate, preventing screen tearing. Also improves battery life and reduces overheating on laptops and mobile devices.	使用垂直同步将游戏帧率锁定到显示器刷新率，防止画面撕裂。在笔记本电脑和移动设备上还能延长续航并减少发热。		
Settings.Display.RefreshRate.Description.Mobile	Limits the maximum refresh rate of the game to improve battery life and reduce overheating.	限制游戏的最大刷新率，以延长续航并减少发热。		
Settings.Display.RefreshRate.Unrestricted	Unrestricted	无限制		
Settings.Display.RefreshRate.Warning	Setting the refresh rate above your monitor's native rate may cause instability.	将刷新率设置得高于显示器原生刷新率可能导致不稳定。		
Settings.Display.Resolution	Resolution	分辨率		
Settings.Display.Resolution.Description	The resolution at which the game is rendered.	游戏渲染所使用的分辨率。		
Settings.Display.ResolutionScale	Resolution Scale	分辨率缩放		
Settings.Display.ResolutionScale.Description	Renders the game scene at a smaller resolution than the current one. This keeps the UI high resolution while reducing the game's overall graphical resolution.	以低于当前分辨率的尺寸渲染游戏场景。这样可降低整体画面分辨率，同时保持界面清晰。		
Settings.Display.ResolutionScale.Full	Full	完整		
Settings.Display.ResolutionScale.Half	Half	一半		
Settings.Display.Title	Display	显示		
Settings.Explosions.Colliders	Debris Colliders	残骸碰撞体		
Settings.Explosions.Colliders.Description	Sets the quality of physics colliders for debris pieces.	设置残骸碎片的物理碰撞体质量。		
Settings.Explosions.CollidersQuality.Off	Off	关		
Settings.Explosions.CollidersQuality.Off.Description	Colliders will be disabled for explosion debris. It will just fall right through stuff, but will be faster.	爆炸残骸将禁用碰撞体。它们会直接穿过物体，但性能更好。		
Settings.Explosions.CollidersQuality.On	On	开		
Settings.Explosions.CollidersQuality.On.Description	Explosions debris will contain a physics collider. It won't fall through objects.	爆炸残骸将带有物理碰撞体，不会穿过物体。		
Settings.Explosions.DebrisLifeTime	Debris Lifetime	残骸存留时间		
Settings.Explosions.DebrisLifeTime.Description	The lifetime (in seconds) of explosion debris.	爆炸残骸的存在时间（秒）。		
Settings.Explosions.DebrisRetention	Debris Retention	残骸保留		
Settings.Explosions.DebrisRetention.Description	We will discard pieces that are smaller than a certain size (which is determined by this setting).	小于一定尺寸的碎片会被丢弃（该尺寸由本设置决定）。		
Settings.Explosions.DebrisRetentionQuality.High	High	高		
Settings.Explosions.DebrisRetentionQuality.High.Description	Only the smaller debris will be discarded.	仅丢弃较小的残骸。		
Settings.Explosions.DebrisRetentionQuality.Low	Low	低		
Settings.Explosions.DebrisRetentionQuality.Low.Description	Debris are aggressively discarded, including medium and some larger pieces.	大幅丢弃残骸，包括中等和部分较大的碎片。		
Settings.Explosions.DebrisRetentionQuality.Medium	Medium	中		
Settings.Explosions.DebrisRetentionQuality.Medium.Description	Fewer large debris are discarded, but some medium pieces still are.	丢弃的较大残骸更少，但仍会丢弃部分中等碎片。		
Settings.Explosions.DebrisRetentionQuality.Ultra	Ultra	极致		
Settings.Explosions.DebrisRetentionQuality.Ultra.Description	Similar to high setting except some parts which would never have debris will have it now.	与「高」类似，但一些原本不会产生残骸的零件现在也会产生。		
Settings.Explosions.PartFracturing	Part Fracturing	零件碎裂		
Settings.Explosions.PartFracturing.Description	Controls the size and number of pieces parts will explode into. Larger pieces means there are fewer of them and therefore increases performance.	控制零件爆炸后产生的碎片大小与数量。碎片越大则数量越少，性能越好。		
Settings.Explosions.PartFracturingSizeQuality.Large	Large	大		
Settings.Explosions.PartFracturingSizeQuality.Large.Description	Parts will fracture into fewer, large parts.	零件会碎成较少的大块。		
Settings.Explosions.PartFracturingSizeQuality.Medium	Medium	中		
Settings.Explosions.PartFracturingSizeQuality.Medium.Description	Parts will fracture into more, smaller parts.	零件会碎成更多的小块。		
Settings.Explosions.PartFracturingSizeQuality.Off	Off	关		
Settings.Explosions.PartFracturingSizeQuality.Off.Description	Exploded parts will not fracture into smaller pieces.	爆炸的零件不会碎成小块。		
Settings.Explosions.PartFracturingSizeQuality.Small	Small	小		
Settings.Explosions.PartFracturingSizeQuality.Small.Description	Parts will fracture into many, even smaller parts.	零件会碎成许多更小的块。		
Settings.Explosions.ParticleEffect	Particle Effect Quality	粒子效果质量		
Settings.Explosions.ParticleEffect.Description	Sets the quality of the particle effects for explosion debris.	设置爆炸残骸粒子效果的质量。		
Settings.Explosions.ParticleEffectFrequency	Particle Effect Frequency	粒子效果频率		
Settings.Explosions.ParticleEffectFrequency.Description	Sets the frequency at which particle effects are added to explosion debris. WARNING: Increasing this can severely impact performance.	设置爆炸残骸附加粒子效果的频率。警告：提高此项会严重影响性能。		
Settings.Explosions.ParticleEffectFrequency.Warning	Increase the number of particle effects in small increments to see how your system handles it. It has a large impact on performance and could make the game unresponsive.	请小幅提高粒子效果数量，观察系统能否承受。它对性能影响很大，可能导致游戏无响应。		
Settings.Explosions.ParticleEffectLightFrequency	Light Frequency	灯光频率		
Settings.Explosions.ParticleEffectLightFrequency.Description	Sets how often lights are added to particle effects. This can severely impact performance and may require reducing the particle effect frequency. WARNING: Increasing this can severely impact performance.	设置粒子效果附加灯光的频率。这会严重影响性能，可能需要降低粒子效果频率。警告：提高此项会严重影响性能。		
Settings.Explosions.ParticleEffectLightFrequency.Warning	Increase the number of lights in small increments to see how your system handles it. It has a large performance impact and could make the game unresponsive.	请小幅提高灯光数量，观察系统能否承受。它对性能影响很大，可能导致游戏无响应。		
Settings.Explosions.ParticleEffectQuality.High	High	高		
Settings.Explosions.ParticleEffectQuality.High.Description	Higher quality shader that responds to light conditions and have volumetric effects.	更高质量的着色器，可响应光照条件并具有体积效果。		
Settings.Explosions.ParticleEffectQuality.Medium	Medium	中		
Settings.Explosions.ParticleEffectQuality.Medium.Description	A less taxing particle effect shader.	负载更低的粒子效果着色器。		
Settings.Explosions.Title	Explosions	爆炸		
Settings.Flight.AmbientLightAtNight	Ambient Light At Night	夜间环境光		
Settings.Flight.AmbientLightAtNight.Description	Adjusts the strength of the ambient lighting at night.	调整夜间环境光的强度。		
Settings.Flight.AmbientLightAttenuation	Ambient Light Attenuation	环境光衰减		
Settings.Flight.AmbientLightAttenuation.Description	Enables or disables ambient light attenuation. When enabled, ambient light is only applied to an area centered on the game camera, falling off to nothing in the distance.	启用或禁用环境光衰减。启用后，环境光仅作用于以游戏摄像机为中心的区域，并随距离逐渐消失。		
Settings.Flight.AmbientLightInSpace	Ambient Light In Space	太空环境光		
Settings.Flight.AmbientLightInSpace.Description	Adjusts the strength of the ambient lighting in space.	调整太空中环境光的强度。		
Settings.Flight.CameraSensitivity	Camera Sensitivity	摄像机灵敏度		
Settings.Flight.CameraSensitivity.Description	Adjusts the sensitivity of the flight camera.	调整飞行摄像机的灵敏度。		
Settings.Flight.CameraShake	Camera Shake	摄像机抖动		
Settings.Flight.CameraShake.Description	Adjusts the strength of the camera shake in flight.	调整飞行中摄像机抖动的强度。		
Settings.Flight.CameraSpeed	Camera Speed	摄像机速度		
Settings.Flight.CameraSpeed.Description	Adjusts the rotation speed of the flight camera. The higher this is, the less 'floaty' the camera will feel.	调整飞行摄像机的旋转速度。数值越高，摄像机越不「飘」。		
Settings.Flight.ChaseCameraSmoothing	Chase Camera Smoothing	追尾摄像机平滑		
Settings.Flight.ChaseCameraSmoothing.Description	Adjusts the smoothing of the chase camera.	调整追尾摄像机的平滑程度。		
Settings.Flight.FastForwardSpeed	Fast Forward Speed	快进速度		
Settings.Flight.FastForwardSpeed.Description	Adjusts the fast forward speed. Setting this too high can cause performance problems during fast forward. This setting does not impact warp speeds.	调整快进速度。设置过高会导致快进时出现性能问题。本设置不影响时间加速速度。		
Settings.Flight.FastForwardSpeed.Warning	Increasing the fast forward speed reduces framerate while fast forwarding. Smaller crafts may not be hit much, but larger ones can drop framerate severely. Lowering the "Physics Update Frequency" setting allows higher fast forward with less framerate drop. This setting doesn't affect framerate during warping.	提高快进速度会降低快进时的帧率。小型载具受影响较小，但大型载具的帧率可能大幅下降。降低「物理更新频率」设置可在帧率下降更少的前提下使用更高的快进速度。本设置不影响时间加速时的帧率。		
Settings.Flight.FpsCameraSmoothing	FPS Camera Smoothing	FPS 摄像机平滑		
Settings.Flight.FpsCameraSmoothing.Description	Adjusts the smoothing of the first-person camera when controlling an astronaut.	调整操控宇航员时第一人称摄像机的平滑程度。		
Settings.Flight.FpsCameraSpeed	FPS Camera Speed	FPS 摄像机速度		
Settings.Flight.FpsCameraSpeed.Description	Adjusts the sensitivity of the first-person camera when controlling an astronaut.	调整操控宇航员时第一人称摄像机的灵敏度。		
Settings.Flight.SlowMoSpeed	Slow-Mo Speed	慢动作速度		
Settings.Flight.SlowMoSpeed.Description	Adjust the slow motion speed.	调整慢动作速度。		
Settings.Flight.StarBrightness	Star Brightness	星光亮度		
Settings.Flight.StarBrightness.Description	Adjusts the strength of the stars in the background.	调整背景星光的强度。		
Settings.Flight.Title	Flight	飞行		
Settings.Game	Game	游戏		
Settings.General.FieldOfView	Field of View	视场角		
Settings.General.FieldOfView.Description	The field of view used by most of the game cameras.	游戏中大多数摄像机所使用的视场角。		
Settings.General.FileLogging	File Logging	文件日志		
Settings.General.FileLogging.Description	Determines how the game handles file logging for errors, warnings and other log messages.	决定游戏如何将错误、警告和其他日志消息记录到文件。		
Settings.General.Language	Language	语言		
Settings.General.Language.Description	Language	语言		
Settings.General.MobileFileLoggingType.Full	Full	全部		
Settings.General.MobileFileLoggingType.Full.Description	All log messages will be recorded and logged to a file during loading screens.	加载界面期间，所有日志消息都会被记录并写入文件。		
Settings.General.MobileFileLoggingType.Minimal	Minimal	最少		
Settings.General.MobileFileLoggingType.Minimal.Description	Errors and warnings will be recorded and logged to a file during loading screens.	加载界面期间，错误和警告会被记录并写入文件。		
Settings.General.MobileFileLoggingType.None	None	无		
Settings.General.MobileFileLoggingType.None.Description	No file logging will occur after the game is initialized.	游戏初始化后不再写入日志文件。		
Settings.General.MobileFileLoggingType.Realtime	Realtime	实时		
Settings.General.MobileFileLoggingType.Realtime.Description	All log messages will be recorded and logged to a file as they are received.	所有日志消息在产生时即被记录并写入文件。		
Settings.General.RunInBackground	Run In Background	后台运行		
Settings.General.RunInBackground.Description	If enabled, the game will continue to run while minimized or not in focus.	启用后，游戏在最小化或失去焦点时仍会继续运行。		
Settings.General.Title	General	通用		
Settings.General.UiPaddingSides	User Interface Padding - Sides	界面边距 - 左右		
Settings.General.UiPaddingSides.Description	This setting pulls in the UI from the side edges of the screen for devices that have notches or curved corners.	针对带有刘海或圆角的设备，让界面远离屏幕左右边缘。		
Settings.General.UiPaddingTopBottom	User Interface Padding - Top/Bottom	界面边距 - 上下		
Settings.General.UiPaddingTopBottom.Description	This setting pulls in the UI from the top and bottom edges of the screen for devices that have notches or curved corners.	针对带有刘海或圆角的设备，让界面远离屏幕上下边缘。		
Settings.General.UIPreferences	UI Preferences	界面偏好		
Settings.General.UIPreferences.Reset	Reset	重置		
Settings.General.UIPreferences.ResetMessage	UI Preferences have been reset. Reload the current scene for the changes to take effect.	界面偏好已重置。重新加载当前场景后更改才会生效。		
Settings.General.UserInterfaceSize	User Interface Size	界面大小		
Settings.General.UserInterfaceSize.Description	Increases or decreases the size of the user interface.	增大或减小用户界面的大小。		
Settings.ImageEffects.AmbientOcclusion	Ambient Occlusion	环境光遮蔽		
Settings.ImageEffects.AmbientOcclusion.Description	Intensity of ambient occlusion, which renders soft shadows in complex geometry and makes the scene look more realistic.	环境光遮蔽的强度。它会在复杂几何体上渲染柔和阴影，让场景看起来更真实。		
Settings.ImageEffects.AnamorphicFlareIntensity	Anamorphic Flare Intensity	变形光晕强度		
Settings.ImageEffects.AnamorphicFlareIntensity.Description	Changes the intensity of the anamorphic flares. Zero percent is off.	更改变形光晕的强度。0% 表示关闭。		
Settings.ImageEffects.BloomIntensity	Bloom Intensity	泛光强度		
Settings.ImageEffects.BloomIntensity.Description	Changes the intensity of bloom. Zero percent is off.	更改泛光的强度。0% 表示关闭。		
Settings.ImageEffects.Contrast	Contrast	对比度		
Settings.ImageEffects.Contrast.Description	Changes the contrast image setting.	更改画面对比度设置。		
Settings.ImageEffects.Enabled	Enabled	启用		
Settings.ImageEffects.Enabled.Description	Toggles image effects on/off.	开关图像效果。		
Settings.ImageEffects.HighDynamicRange	High Dynamic Range	高动态范围		
Settings.ImageEffects.HighDynamicRange.Description	Toggles HDR on/off. HDR can have a significant impact on memory usage and performance.	开关 HDR。HDR 会显著影响内存占用和性能。		
Settings.ImageEffects.Saturation	Saturation	饱和度		
Settings.ImageEffects.Saturation.Description	Changes the saturation image setting.	更改画面饱和度设置。		
Settings.ImageEffects.Sharpness	Sharpness	锐度		
Settings.ImageEffects.Sharpness.Description	Changes the sharpness image setting.	更改画面锐度设置。		
Settings.ImageEffects.SunFlareIntensity	Sun Flare Intensity	太阳光晕强度		
Settings.ImageEffects.SunFlareIntensity.Description	Changes the intensity of the sun flare. Zero percent is off.	更改太阳光晕的强度。0% 表示关闭。		
Settings.ImageEffects.Title	Image Effects	图像效果		
Settings.ImageEffects.ToneMap.Alien	Alien	异星		
Settings.ImageEffects.ToneMap.Alien.Description	Hard on the eye, barely usable, but quite fun.	很刺眼，几乎不能用，但挺有趣。		
Settings.ImageEffects.ToneMap.Blue	Just Blue	纯蓝		
Settings.ImageEffects.ToneMap.Blue.Description	Grayscale but with a touch of color.	灰度，但带一点点色彩。		
Settings.ImageEffects.ToneMap.Cartoon	Cartoon	卡通		
Settings.ImageEffects.ToneMap.Cartoon.Description	Vibrant colors and blue grass, Namek here we go!	鲜艳的色彩配上蓝色的草地，我们去那美克星！		
Settings.ImageEffects.ToneMap.Dream	Dream	梦幻		
Settings.ImageEffects.ToneMap.Dream.Description	Faded pink to make you feel like in a dreampop videoclip.	褪色的粉色，仿佛置身梦幻流行乐的 MV。		
Settings.ImageEffects.ToneMap.Dystopian	Dystopian	反乌托邦		
Settings.ImageEffects.ToneMap.Dystopian.Description	Dark and sinister, solitude made color.	阴暗而险恶，孤独化作了色彩。		
Settings.ImageEffects.ToneMap.Faded	Faded	褪色		
Settings.ImageEffects.ToneMap.Faded.Description	All colors washed out, sad as a rainy day.	所有色彩都黯淡无光，像雨天一样忧郁。		
Settings.ImageEffects.ToneMap.Fantasy	Fantasy	奇幻		
Settings.ImageEffects.ToneMap.Fantasy.Description	Vivid and warm, ready to slay some dragons.	鲜艳而温暖，准备好去屠龙吧。		
Settings.ImageEffects.ToneMap.Gray	Gray Scale	灰度		
Settings.ImageEffects.ToneMap.Gray.Description	In case you are too lazy to just lower your saturation.	如果你连调低饱和度都懒得做。		
Settings.ImageEffects.ToneMap.Green	Just Green	纯绿		
Settings.ImageEffects.ToneMap.Green.Description	Grayscale but with a touch of color.	灰度，但带一点点色彩。		
Settings.ImageEffects.ToneMap.None	None	无		
Settings.ImageEffects.ToneMap.None.Description	The default tonemapping.	默认的色调映射。		
Settings.ImageEffects.ToneMap.OldCamera	Old Camera	老式摄像机		
Settings.ImageEffects.ToneMap.OldCamera.Description	Dark green and blue, you feel old just looking at it.	暗绿与暗蓝，光看一眼就觉得自己老了。		
Settings.ImageEffects.ToneMap.OldPhoto	Old Photo	老照片		
Settings.ImageEffects.ToneMap.OldPhoto.Description	A sepia tone similar to that of a really old photo.	类似泛黄老照片的褐色调。		
Settings.ImageEffects.ToneMap.OldVideo	Old Video	老录像		
Settings.ImageEffects.ToneMap.OldVideo.Description	Oversaturated, bright and contrasty, like a good'ol TV.	过饱和、明亮、对比强烈，就像一台老电视机。		
Settings.ImageEffects.ToneMap.Red	Just Red	纯红		
Settings.ImageEffects.ToneMap.Red.Description	Grayscale but with a touch of color.	灰度，但带一点点色彩。		
Settings.ImageEffects.ToneMap.Retro	Retro	复古		
Settings.ImageEffects.ToneMap.Retro.Description	Similar to the early consoles, using a limited color range.	类似早期游戏机，使用有限的色彩范围。		
Settings.ImageEffects.ToneMap.Western	Western	西部		
Settings.ImageEffects.ToneMap.Western.Description	Prepare a daisy hoss and your bettermost poke hat.	备好你的好马，戴上你最像样的牛仔帽。		
Settings.ImageEffects.Tonemapping	Tonemapping	色调映射		
Settings.ImageEffects.Tonemapping.Description	Applies a LUT to remap the colors.	应用 LUT 来重新映射颜色。		
Settings.Map.OrbitLineResolution	Orbit Line Resolution	轨道线分辨率		
Settings.Map.OrbitLineResolution.Description	Adjust the resolution of orbit lines in map-view. This has a significant impact on performance in map view when many orbit lines are being shown.	调整地图视图中轨道线的分辨率。当地图视图中显示大量轨道线时，此项对性能影响显著。		
Settings.Map.Title	Map	地图		
Settings.MouseDesigner.ClonePart	Clone Part	复制零件		
Settings.MouseDesigner.ClonePart.Description	The mouse button(s) used to clone parts.	用于复制零件的鼠标按键。		
Settings.MouseDesigner.FocusCameraOnPart	Focus Camera On Part	聚焦零件		
Settings.MouseDesigner.FocusCameraOnPart.Description	The mouse button(s) used to focus the camera on a part.	用于将摄像机聚焦到零件上的鼠标按键。		
Settings.MouseDesigner.MoveCameraVertically	Move Camera Vertically	垂直移动摄像机		
Settings.MouseDesigner.MoveCameraVertically.Description	The mouse input(s) used to move the camera vertically up and down, regardless of orientation.	用于不受朝向影响、垂直上下移动摄像机的鼠标输入。		
Settings.MouseDesigner.PanCamera	Pan Camera	平移摄像机		
Settings.MouseDesigner.PanCamera.Description	The mouse input(s) used to pan the camera left/right/up/down.	用于左右上下平移摄像机的鼠标输入。		
Settings.MouseDesigner.RotateCamera	Rotate Camera	旋转摄像机		
Settings.MouseDesigner.RotateCamera.Description	The mouse input(s) used to rotate the camera around a focal point.	用于围绕焦点旋转摄像机的鼠标输入。		
Settings.MouseDesigner.SelectMovePart	Select & Move Part	选择并移动零件		
Settings.MouseDesigner.SelectMovePart.Description	The mouse button(s) used to select and move parts.	用于选择和移动零件的鼠标按键。		
Settings.MouseDesigner.Title	Camera & Mouse (Design)	摄像机与鼠标（设计）		
Settings.MouseDesigner.ZoomCamera	Zoom Camera	缩放摄像机		
Settings.MouseDesigner.ZoomCamera.Description	The mouse input(s) used to zoom the camera in and out.	用于拉近拉远摄像机的鼠标输入。		
Settings.MouseFlight.ActivatePart	Activate Part	激活零件		
Settings.MouseFlight.ActivatePart.Description	The mouse button(s) used to activate parts.	用于激活零件的鼠标按键。		
Settings.MouseFlight.MouseJoystickInvertPitch	Mouse Joystick Invert Pitch	鼠标摇杆反转俯仰		
Settings.MouseFlight.MouseJoystickInvertPitch.Description	If enabled, the mouse joystick's pitch axis is inverted. Enable the mouse joystick by assigning a button to Toggle Mouse Joystick in Flight Craft settings.	启用后，鼠标摇杆的俯仰轴将被反转。在「载具飞行」设置中为「开关鼠标摇杆」分配按键即可启用鼠标摇杆。		
Settings.MouseFlight.MouseJoystickPitchDeadzone	Mouse Joystick Pitch Deadzone	鼠标摇杆俯仰死区		
Settings.MouseFlight.MouseJoystickPitchDeadzone.Description	The deadzone percent of the screen where the mouse joystick pitch input is zero. Enable the mouse joystick by assigning a button to Toggle Mouse Joystick in Flight Craft settings.	屏幕中鼠标摇杆俯仰输入为零的死区百分比。在「载具飞行」设置中为「开关鼠标摇杆」分配按键即可启用鼠标摇杆。		
Settings.MouseFlight.MouseJoystickRollDeadzone	Mouse Joystick Roll Deadzone	鼠标摇杆滚转死区		
Settings.MouseFlight.MouseJoystickRollDeadzone.Description	The deadzone percent of the screen where mouse joystick roll input is zero. Enable the mouse joystick by assigning a button to Toggle Mouse Joystick in Flight Craft settings.	屏幕中鼠标摇杆滚转输入为零的死区百分比。在「载具飞行」设置中为「开关鼠标摇杆」分配按键即可启用鼠标摇杆。		
Settings.MouseFlight.SelectPart	Select Part	选择零件		
Settings.MouseFlight.SelectPart.Description	The mouse button(s) used to select parts.	用于选择零件的鼠标按键。		
Settings.MouseFlight.TiltCamera	Tilt Camera	倾斜摄像机		
Settings.MouseFlight.TiltCamera.Description	The mouse input(s) used to spin the camera around its forward axis.	用于绕摄像机前方轴旋转摄像机的鼠标输入。		
Settings.MouseFlight.Title	Camera & Mouse (Flight)	摄像机与鼠标（飞行）		
Settings.MouseInput.MouseClickType.LeftClick	Left Click	左键单击		
Settings.MouseInput.MouseClickType.MiddleClick	Middle Click	中键单击		
Settings.MouseInput.MouseClickType.None	None	无		
Settings.MouseInput.MouseClickType.RightClick	Right Click	右键单击		
Settings.MouseInput.MouseDragOrScrollType.LeftClickDrag	Left Click Drag	左键拖动		
Settings.MouseInput.MouseDragOrScrollType.LeftClickDragInverted	Left Click Drag (Inverted)	左键拖动（反转）		
Settings.MouseInput.MouseDragOrScrollType.MiddleClickDrag	Middle Click Drag	中键拖动		
Settings.MouseInput.MouseDragOrScrollType.MiddleClickDragInverted	Middle Click Drag (Inverted)	中键拖动（反转）		
Settings.MouseInput.MouseDragOrScrollType.MouseScrollHorizontal	Mouse Scroll Horizontal	鼠标滚轮水平		
Settings.MouseInput.MouseDragOrScrollType.MouseScrollHorizontalInverted	Mouse Scroll Horizontal (Inverted)	鼠标滚轮水平（反转）		
Settings.MouseInput.MouseDragOrScrollType.MouseScrollVertical	Mouse Scroll Vertical	鼠标滚轮垂直		
Settings.MouseInput.MouseDragOrScrollType.MouseScrollVerticalInverted	Mouse Scroll Vertical (Inverted)	鼠标滚轮垂直（反转）		
Settings.MouseInput.MouseDragOrScrollType.None	None	无		
Settings.MouseInput.MouseDragOrScrollType.RightClickDrag	Right Click Drag	右键拖动		
Settings.MouseInput.MouseDragOrScrollType.RightClickDragInverted	Right Click Drag (Inverted)	右键拖动（反转）		
Settings.OverallQuality.Title	Overall Quality	总体质量		
Settings.Preset.None	None	无		
Settings.Preset.Off	Off	关		
Settings.Preset.On	On	开		
Settings.Preset.VeryLow	Very Low	极低		
Settings.Preset.Low	Low	低		
Settings.Preset.Medium	Medium	中		
Settings.Preset.High	High	高		
Settings.Preset.VeryHigh	Very High	极高		
Settings.Preset.Ultra	Ultra	极致		
Settings.Preset.Custom	Custom	自定义		
Settings.Preset.Default	Default	默认		
Settings.Preset.LittleGreenMen	Little Green Men	小绿人		
Settings.Physics.FpsSpikeReduction	FPS Spike Reduction	FPS 尖峰抑制		
Settings.Physics.FpsSpikeReduction.Description	This lets physics simulation slow down instead of dropping framerate. When enabled, craft may appear to slow during intense physics like crashes, or often if a very large craft is loaded.	让物理模拟放慢速度，而不是降低帧率。启用后，在碰撞等剧烈物理过程中，或加载超大载具时，载具可能看起来变慢。		
Settings.Physics.FramerateSpikeReductionQuality.Aggressive	Aggressive	激进		
Settings.Physics.FramerateSpikeReductionQuality.Aggressive.Description	Same as default, except reduction will kick in sooner. This may result in a smoother frame-rate on faster computers, but may excessively slow down physics simulation on slower computers.	与默认相同，但会更早开始抑制。在较快的电脑上帧率可能更平滑，但在较慢的电脑上可能过度拖慢物理模拟。		
Settings.Physics.FramerateSpikeReductionQuality.Default	Default	默认		
Settings.Physics.FramerateSpikeReductionQuality.Default.Description	During extreme lag spikes, the physics simulation speed will be slowed to allow the frame-rate to recover.	出现严重卡顿时，物理模拟速度会放慢，以便帧率恢复。		
Settings.Physics.FramerateSpikeReductionQuality.Off	Off	关		
Settings.Physics.FramerateSpikeReductionQuality.Off.Description	Physics simulation will not be slowed down. As a result, you may experience extreme frame-rate dips with larger craft.	物理模拟不会放慢。因此使用较大载具时可能遇到帧率骤降。		
Settings.Physics.PartLiftForces	Part Lift Forces	零件升力		
Settings.Physics.PartLiftForces.Description	When enabled, non-wing parts can receive lift forces in addition to drag forces. When disabled, non-wing parts will only receive drag forces.	启用后，非机翼零件除阻力外还能受到升力。禁用后，非机翼零件只受到阻力。		
Settings.Physics.PhysicsDistance	Physics Distance	物理距离		
Settings.Physics.PhysicsDistance.Description	The distance in meters at which other craft's physics become enabled. Note that craft loaded in far from the active craft can jitter and become unstable.	其他载具启用物理模拟的距离（米）。注意：在远离当前载具处加载的载具可能抖动并变得不稳定。		
Settings.Physics.PhysicsUpdateFrequencyQuality.High	High	高		
Settings.Physics.PhysicsUpdateFrequencyQuality.High.Description	The default update frequency. All craft should perform as the designer intended.	默认更新频率。所有载具的表现都应符合设计者的预期。		
Settings.Physics.PhysicsUpdateFrequencyQuality.Low	Low	低		
Settings.Physics.PhysicsUpdateFrequencyQuality.Low.Description	Best performance, but some craft may not perform as the designer intended. Craft may exhibit structural issues, especially load-bearing parts like custom landing gear.	性能最佳，但部分载具的表现可能不符合设计者的预期。载具可能出现结构问题，尤其是自定义起落架等承重零件。		
Settings.Physics.PhysicsUpdateFrequencyQuality.Medium	Medium	中		
Settings.Physics.PhysicsUpdateFrequencyQuality.Medium.Description	The majority of craft should perform as the designer intended.	大多数载具的表现都应符合设计者的预期。		
Settings.Physics.PhysicsUpdateFrequencyQuality.Ultra	Ultra	极致		
Settings.Physics.PhysicsUpdateFrequencyQuality.Ultra.Description	The highest update frequency, but the most CPU intensive. Larger craft may significantly drop the frame-rate even on fast computers.	最高的更新频率，但最耗 CPU。即使是较快的电脑，大型载具也可能显著降低帧率。		
Settings.Physics.RagdollPhysics	Rag-doll Physics	布娃娃物理		
Settings.Physics.RagdollPhysics.Description	Sets the quality of the rag-doll physics simulation.	设置布娃娃物理模拟的质量。		
Settings.Physics.RagdollPhysicsQuality.High	High	高		
Settings.Physics.RagdollPhysicsQuality.High.Description	The normal rag-doll quality setting.	标准的布娃娃质量设置。		
Settings.Physics.RagdollPhysicsQuality.Ultra	Ultra	极致		
Settings.Physics.RagdollPhysicsQuality.Ultra.Description	Same as normal except rag-doll animations are updated in sync with physics cycles. Prevents rag-doll from separating during extreme maneuvers. Very taxing with multiple rag-dolls, and not recommended.	与标准相同，但布娃娃动画与物理周期同步更新，可防止极限机动时布娃娃散开。多个布娃娃同时存在时负载很高，不推荐使用。		
Settings.Physics.Title	Physics	物理		
Settings.Physics.UpdateFrequency	Update Frequency	更新频率		
Settings.Physics.UpdateFrequency.Description	Sets the frequency of physics updates. The physics simulation gets more accurate at higher settings. Adjusting this setting has large implications to performance and physics accuracy.	设置物理更新的频率。设置越高，物理模拟越精确。调整此项对性能和物理精度影响很大。		
Settings.Physics.WaterPhysics	Water Physics	水体物理		
Settings.Physics.WaterPhysics.Description	Sets the quality of the water physics simulation.	设置水体物理模拟的质量。		
Settings.Physics.WaterPhysicsQuality.High	High	高		
Settings.Physics.WaterPhysicsQuality.High.Description	Further number crunching is performed to make things more stable when resting at the surface.	进行更多运算，让物体静止于水面时更稳定。		
Settings.Physics.WaterPhysicsQuality.Low	Low	低		
Settings.Physics.WaterPhysicsQuality.Low.Description	Bare minimum is done to get things to float. Craft may bounce and wobble on the surface more, and we won't calculate precise submerged percentages. Forces are applied per rigid body.	仅进行让物体浮起来的最低限度运算。载具在水面上可能更易弹跳晃动，也不会计算精确的浸没比例。作用力按刚体施加。		
Settings.Physics.WaterPhysicsQuality.Medium	Medium	中		
Settings.Physics.WaterPhysicsQuality.Medium.Description	Additional processing is done to give precise submerged percentages. Forces are applied per-part.	进行额外运算以给出精确的浸没比例。作用力按零件施加。		
Settings.Quality	Quality	质量		
Settings.RequiresGameRestartMessage	Some settings won't take effect until the next time you start the game.	部分设置需要下次启动游戏后才会生效。		
Settings.RequiresPlanetReloadMessage	Some settings won't take effect until the next time a planet is loaded.	部分设置需要下次加载行星后才会生效。		
Settings.RequiresSceneRestartMessage	Some settings won't take effect until the next time the designer or solar system is loaded.	部分设置需要下次加载设计器或星系后才会生效。		
Settings.Shadows.CraftLightsCastShadows	Craft Lights Cast Shadows	载具灯光投射阴影		
Settings.Shadows.CraftLightsCastShadows.Description	Indicates whether the craft's light parts will create shadows.	指示载具的灯具零件是否会投射阴影。		
Settings.Shadows.DesignerShadows	Designer Shadows	设计器阴影		
Settings.Shadows.DesignerShadows.Description	The platform in the designer will receive shadows cast by the craft parts.	设计器中的平台会接收载具零件投射的阴影。		
Settings.Shadows.DetailDistribution	Detail Distribution	细节分布		
Settings.Shadows.DetailDistribution.Description	Higher values give higher detail on close-ups but a shorter shadow distance when zooming in; lower values keep the larger distance at the cost of shadow resolution.	数值越高，近景细节越多，但拉近时阴影距离更短；数值越低，阴影距离越远，但会牺牲阴影分辨率。		
Settings.Shadows.PartsReceiveShadows	Parts Receive Shadows	零件接收阴影		
Settings.Shadows.PartsReceiveShadows.Description	Craft parts will cast and receive shadows if enabled.	启用后，载具零件会投射并接收阴影。		
Settings.Shadows.ShadowDistance	Shadow Distance	阴影距离		
Settings.Shadows.ShadowDistance.Description	Adjusts the maximum distance at which shadows are drawn. This also affects the resolution of the shadows.	调整绘制阴影的最大距离。这也会影响阴影的分辨率。		
Settings.Shadows.ShadowDistanceQuality.High	High	高		
Settings.Shadows.ShadowDistanceQuality.High.Description	High resolution shadows with far maximum draw distances.	高分辨率阴影，最大绘制距离远。		
Settings.Shadows.ShadowDistanceQuality.Low	Low	低		
Settings.Shadows.ShadowDistanceQuality.Low.Description	Low resolution shadows with short maximum draw distances.	低分辨率阴影，最大绘制距离近。		
Settings.Shadows.ShadowDistanceQuality.Medium	Medium	中		
Settings.Shadows.ShadowDistanceQuality.Medium.Description	Medium resolution shadows with moderate maximum draw distances.	中等分辨率阴影，最大绘制距离适中。		
Settings.Shadows.ShadowDistanceQuality.VeryHigh	Very High	极高		
Settings.Shadows.ShadowDistanceQuality.VeryHigh.Description	Same maximum draw distance as 'High' but uses higher resolution shadows if the GPU supports it.	最大绘制距离与「高」相同，但在 GPU 支持时使用更高分辨率的阴影。		
Settings.Shadows.TerrainReceivesShadows	Terrain Receives Shadows	地形接收阴影		
Settings.Shadows.TerrainReceivesShadows.Description	The terrain will receive shadows cast by craft parts and other objects.	地形会接收载具零件和其他物体投射的阴影。		
Settings.Shadows.Title	Shadows	阴影		
Settings.TabMods	Mods	模组		
Settings.Terrain.CloudQuality.High	High	高		
Settings.Terrain.CloudQuality.High.Description	All cloud layers are combined onto a single sphere and cast shadows on themselves and the terrain.	所有云层合并到一个球体上，并会在自身和地形上投射阴影。		
Settings.Terrain.CloudQuality.Medium	Medium	中		
Settings.Terrain.CloudQuality.Medium.Description	All cloud layers are combined onto a single sphere with no shadows.	所有云层合并到一个球体上，不投射阴影。		
Settings.Terrain.CloudQuality.Off	Off	关		
Settings.Terrain.CloudQuality.Off.Description	Fake clouds are not rendered.	不渲染假云。		
Settings.Terrain.CloudQuality.Ultra	Ultra	极致		
Settings.Terrain.CloudQuality.Ultra.Description	Each cloud layer is rendered on its own sphere and they cast shadows on themselves and the terrain.	每层云各自渲染在自己的球体上，并会在自身和地形上投射阴影。		
Settings.Terrain.Clouds	Fake Clouds	假云		
Settings.Terrain.Clouds.Description	Controls the fake cloud layers drawn on distant planets in flight and map view. These clouds are only visible from far away (in scaled space) and never from the surface. Higher settings add cloud shadows on the clouds and the terrain, and render each layer on its own sphere, at the cost of performance.	控制飞行和地图视图中远处行星上绘制的假云层。这些云只在远处（缩放空间中）可见，从地表永远看不到。更高的设置会为云层和地形添加云影，并将每层云渲染到各自的球体上，代价是性能下降。		
Settings.Terrain.Clouds.Warning.Performance	Your current Fake Clouds setting renders each cloud layer on its own sphere and may noticeably lower the frame rate on this device. Lower it if performance suffers.	当前「假云」设置会将每层云渲染到各自的球体上，在此设备上可能明显降低帧率。如果性能不足，请调低该设置。		
Settings.Terrain.GeometryDetail	Geometric Detail	几何细节		
Settings.Terrain.GeometryDetail.Description	The detail level used when generating and rendering the terrain geometry. This can have large impacts on performance.	生成和渲染地形几何体时使用的细节等级。这可能对性能有很大影响。		
Settings.Terrain.GeometryDetailQuality.High	High	高		
Settings.Terrain.GeometryDetailQuality.High.Description	Use the highest setting for the terrain's geometric detail. This may greatly increase terrain load time, memory consumption, and render speed, depending on the planet.	地形几何细节使用最高设置。视行星而定，这可能大幅增加地形加载时间、内存占用与渲染开销。		
Settings.Terrain.GeometryDetailQuality.Low	Low	低		
Settings.Terrain.GeometryDetailQuality.Low.Description	Use the lowest setting for the terrain's geometric detail. This helps reduce terrain load time, memory consumption, and render speed, but could be different for each planet.	地形几何细节使用最低设置。这有助于减少地形加载时间、内存占用与渲染开销，但每个行星的情况可能各不相同。		
Settings.Terrain.GeometryDetailQuality.Medium	Medium	中		
Settings.Terrain.GeometryDetailQuality.Medium.Description	Use the medium setting for the terrain's geometric detail.	地形几何细节使用中等设置。		
Settings.Terrain.LodDistance	LOD Distance	LOD 距离		
Settings.Terrain.LodDistance.Description	This affects the distances at which higher-detail terrain loads. Higher values show more terrain detail at a given distance from the surface. Increasing this can have very large performance and memory impacts.	影响更高细节地形的加载距离。数值越高，在离地表同样距离处显示的地形细节越多。提高此项会对性能和内存产生很大影响。		
Settings.Terrain.MaxParticles	Max Particles	最大粒子数		
Settings.Terrain.MaxParticles.Description	The maximum number of particles that may be alive simultaneously across all flight-scene effects (engine smoke, terrain dust, sparks).	飞行场景中所有效果（发动机烟雾、地面扬尘、火花）可同时存在的最大粒子数。		
Settings.Terrain.PlanetCubemapQuality.High	High	高		
Settings.Terrain.PlanetCubemapQuality.High.Description	Low resolution textures and normal maps will be used for distant planets and map view planets. Higher resolutions textures will be used for the current planet (in flight and map view) as well as on the main menu.	远处行星和地图视图行星将使用低分辨率贴图和法线贴图。当前行星（飞行与地图视图中）以及主菜单将使用更高分辨率的贴图。		
Settings.Terrain.PlanetCubemapQuality.Low	Low	低		
Settings.Terrain.PlanetCubemapQuality.Low.Description	Low resolution textures will be used for distant planets, map view planets, and the main menu planet. Normal mapping will not be used.	远处行星、地图视图行星和主菜单行星将使用低分辨率贴图，且不使用法线贴图。		
Settings.Terrain.PlanetCubemapQuality.Medium	Medium	中		
Settings.Terrain.PlanetCubemapQuality.Medium.Description	Low resolution textures and normal maps will be used for distant planets, map view planets, and the main menu planet.	远处行星、地图视图行星和主菜单行星将使用低分辨率贴图和法线贴图。		
Settings.Terrain.PlanetCubemapQuality.MegaUltraPro	Mega Ultra Pro	超级极致 Pro		
Settings.Terrain.PlanetCubemapQuality.MegaUltraPro.Description	This is going to use 8k textures, are you even sure you want to? Generating them will take a while so better leave it running overnight. Make sure you have at least 6GB of VRAM in your GPU for the stock systems, more for larger ones, or you will get frequent crashes.	这将使用 8k 贴图，你确定要这么做吗？生成它们需要一段时间，最好让它跑一整夜。请确保你的 GPU 至少有 6GB 显存（原版星系），更大的星系需要更多，否则会频繁崩溃。		
Settings.Terrain.PlanetCubemapQuality.Ultra	Ultra	极致		
Settings.Terrain.PlanetCubemapQuality.Ultra.Description	Low resolution textures including cliffs and normal maps will be used for distant planets and map view planets. 2k resolution textures will be used for the current planet (in flight and map view), and high resolution textures in the main menu. This can be incredibly slow, especially in low end devices, taking up to hours and requiring loads of ram, vram and disk space.	远处行星和地图视图行星将使用低分辨率贴图（包括悬崖贴图和法线贴图）。当前行星（飞行与地图视图中）将使用 2k 分辨率贴图，主菜单使用高分辨率贴图。这可能非常慢，尤其是在低端设备上，可能耗时数小时，并占用大量内存、显存与磁盘空间。		
Settings.Terrain.PlanetCubemapQuality.UltraPro	Ultra Pro	极致 Pro		
Settings.Terrain.PlanetCubemapQuality.UltraPro.Description	Low resolution textures including cliffs and normal maps will be used for distant planets and map view planets. 4k resolution textures will be used for the current planet (in flight and map view), and high resolution textures in the main menu. This can be incredibly slow, especially in low end devices, taking up to hours and requiring loads of ram, vram and disk space.	远处行星和地图视图行星将使用低分辨率贴图（包括悬崖贴图和法线贴图）。当前行星（飞行与地图视图中）将使用 4k 分辨率贴图，主菜单使用高分辨率贴图。这可能非常慢，尤其是在低端设备上，可能耗时数小时，并占用大量内存、显存与磁盘空间。		
Settings.Terrain.PlanetCubemapQuality.VeryHigh	Very High	极高		
Settings.Terrain.PlanetCubemapQuality.VeryHigh.Description	Low resolution textures including cliffs and normal maps will be used for distant planets and map view planets. Very high resolution textures will be used for the current planet (in flight and map view), and high in the main menu. This can be incredibly slow, especially in low end devices, taking up to hours and requiring loads of ram, vram and disk space.	远处行星和地图视图中的行星将使用低分辨率贴图，包括崖壁与法线贴图。当前行星（飞行与地图视图中）使用极高分辨率贴图，主菜单中则使用高分辨率。这会极其缓慢，尤其在低端设备上，可能需要数小时，并占用大量内存、显存和磁盘空间。		
Settings.Terrain.PlanetCubemaps	Planet Cubemaps	行星立方体贴图		
Settings.Terrain.PlanetCubemaps.Description	This adjusts the quality of planet cubemaps. These are used to render distant planets, planets in map view, and the planet on the main menu.	调整行星立方体贴图的质量。它们用于渲染远处行星、地图视图中的行星，以及主菜单中的行星。		
Settings.Terrain.PlanetCubemaps.Warning.Crash	Your current Planet Cubemaps setting will cause hours of loading screens and likely crash your device. Please lower it back if you don't know what you're doing.	当前的行星立方体贴图设置会导致数小时的加载画面，并很可能让设备崩溃。如果不清楚自己在做什么，请调回较低的设置。		
Settings.Terrain.PlanetCubemaps.Warning.CrashQuestion	Your current Planet Cubemaps setting will lead to hours of loading screens and likely crash your device, is it worth it?	当前的行星立方体贴图设置会导致数小时的加载画面，并很可能让设备崩溃，值得吗？		
Settings.Terrain.PlanetCubemaps.Warning.LongLoad	Your current Planet Cubemaps setting will lead a long loading screen the first time you go into flight, get some popcorn ready.	当前的行星立方体贴图设置会让你首次进入飞行时面对漫长的加载画面，准备好爆米花吧。		
Settings.Terrain.Particles	Particles	粒子		
Settings.Terrain.Particles.Description	The quality level for in-flight particle effects: engine smoke, terrain dust, and sparks.	飞行中粒子效果的质量等级：发动机烟雾、地形尘土和火花。		
Settings.Terrain.StructureDetail	Structure Detail	建筑细节		
Settings.Terrain.StructureDetail.Description	The detail level used when loading structures on the terrain.	在地形上加载建筑时使用的细节等级。		
Settings.Terrain.StructureDetailQuality.High	High	高		
Settings.Terrain.StructureDetailQuality.High.Description	All components of structures will be loaded.	将加载建筑的所有组件。		
Settings.Terrain.StructureDetailQuality.Low	Low	低		
Settings.Terrain.StructureDetailQuality.Low.Description	Only required components of structures will be loaded.	仅加载建筑必需的组件。		
Settings.Terrain.StructureDetailQuality.Medium	Medium	中		
Settings.Terrain.StructureDetailQuality.Medium.Description	Most components of structures will be loaded.	将加载建筑的大部分组件。		
Settings.Terrain.StructureNormalMapQuality.Off	Disabled	禁用		
Settings.Terrain.StructureNormalMapQuality.Off.Description	Terrain related structures (like launchpads, runways, and buildings) will not be normal mapped.	与地形相关的建筑（如发射台、跑道和房屋）将不使用法线贴图。		
Settings.Terrain.StructureNormalMapQuality.On	Enabled	启用		
Settings.Terrain.StructureNormalMapQuality.On.Description	Terrain related structures (like launchpads, runways, and buildings) will use normal mapping whenever possible.	与地形相关的建筑（如发射台、跑道和房屋）将尽可能使用法线贴图。		
Settings.Terrain.StructureNormalMaps	Structure Normal Maps	建筑法线贴图		
Settings.Terrain.StructureNormalMaps.Description	Enables or disables normal mapping on terrain related structures, like the launch pad, runways, and buildings.	启用或禁用与地形相关建筑（如发射台、跑道和房屋）的法线贴图。		
Settings.Terrain.TerrainParticleQuality.High	High	高		
Settings.Terrain.TerrainParticleQuality.High.Description	A large number of particles are emitted by each spawner.	每个发射器会喷出大量粒子。		
Settings.Terrain.TerrainParticleQuality.Low	Low	低		
Settings.Terrain.TerrainParticleQuality.Low.Description	A low number of particles are emitted by each spawner.	每个发射器会喷出少量粒子。		
Settings.Terrain.TerrainParticleQuality.Medium	Medium	中		
Settings.Terrain.TerrainParticleQuality.Medium.Description	A moderate number of particles are emitted by each spawner.	每个发射器会喷出中等数量的粒子。		
Settings.Terrain.TerrainParticleQuality.Off	Disabled	禁用		
Settings.Terrain.TerrainParticleQuality.Off.Description	Terrain dust particles are disabled.	地形尘土粒子已禁用。		
Settings.Terrain.TerrainParticleQuality.Ultra	Ultra	极高		
Settings.Terrain.TerrainParticleQuality.Ultra.Description	The maximum number of particles are emitted by each spawner.	每个发射器会喷出最大数量的粒子。		
Settings.Terrain.TextureQuality.Blended	High	高		
Settings.Terrain.TextureQuality.Blended.Description	High quality distance blending will be used for textures applied to the planet's surface. This provides the best surface detail but may be slower than the other approach.	应用到行星表面的贴图将使用高质量的远距混合。这能提供最佳的表面细节，但可能比其他方式更慢。		
Settings.Terrain.TextureQuality.BlendedFast	Medium	中		
Settings.Terrain.TextureQuality.BlendedFast.Description	Distance blending will be used for textures applied to the planet's surface. This approach could result in some visual artifacts between blending levels.	应用到行星表面的贴图将使用远距混合。这种方式可能在混合层级之间产生一些视觉瑕疵。		
Settings.Terrain.TextureQuality.Off	Disabled	禁用		
Settings.Terrain.TextureQuality.Off.Description	Textures will not be applied to planet surfaces.	不会将贴图应用到行星表面。		
Settings.Terrain.Textures	Textures	贴图		
Settings.Terrain.Textures.Description	The texture mapping approach used when rendering planet surfaces.	渲染行星表面时使用的贴图映射方式。		
Settings.Terrain.Title	Terrain	地形		
Settings.User.Analytics	Analytics	数据分析		
Settings.User.Analytics.Description	The game may collect data for the developers to analyze and improve the gameplay experience. You may opt out of this by disabling this setting.	游戏可能会收集数据，供开发者分析并改善游戏体验。你可以禁用此设置来选择不参与。		
Settings.User.AnalyticsConsent.Consent	I Consent	我同意		
Settings.User.AnalyticsConsent.DoNotConsent	I Do NOT Consent	我不同意		
Settings.User.AnalyticsConsent.Message	This game may collect anonymous data to help improve the gameplay experience. We need your consent to collect it. We totally understand if you'd prefer not to participate, and you can change your choice anytime in the game settings. Please select an option below.	本游戏可能会收集匿名数据以帮助改善游戏体验。我们需要你的同意才能收集。我们完全理解你不想参与，你随时可以在游戏设置中更改选择。请在下方选择一个选项。		
Settings.User.AnalyticsConsent.MoreInfo	More Info	更多信息		
Settings.User.AnalyticsState.Disabled	Disabled	禁用		
Settings.User.AnalyticsState.Disabled.Description	You have chosen to opt out of analytics. They will remain disabled until you choose to opt back in.	你已选择不参与数据分析。在你重新选择参与之前，它将保持禁用。		
Settings.User.AnalyticsState.DisabledPendingConsent	Disabled Pending Consent	禁用（等待同意）		
Settings.User.AnalyticsState.DisabledPendingConsent.Description	You have not yet made a choice regarding analytics. They will remain disabled until you choose to opt in.	你尚未就数据分析做出选择。在你选择参与之前，它将保持禁用。		
Settings.User.AnalyticsState.Enabled	Enabled	启用		
Settings.User.AnalyticsState.Enabled.Description	You have chosen to opt in to analytics. Anonymous data may be collected to improve the gameplay experience.	你已选择参与数据分析。可能会收集匿名数据以改善游戏体验。		
Settings.User.PrivacyOptions	Privacy Options	隐私选项		
Settings.User.PrivacyOptions.Description	Click this button to modify your privacy preferences in accordance with the General Data Protection Regulation (GDPR).	点击此按钮，依照《通用数据保护条例》(GDPR) 修改你的隐私偏好。		
Settings.User.PrivacyOptions.Modify	Modify	修改		
Settings.User.Title	User	用户		
Settings.VisualEffects.AnisotropicFilteringMode.Disabled	Disabled	禁用		
Settings.VisualEffects.AnisotropicFilteringMode.Disabled.Description	Anisotropic filtering will never be used. Textures can look blurry at steep viewing angles.	永不使用各向异性过滤。在倾斜的观察角度下贴图可能显得模糊。		
Settings.VisualEffects.AnisotropicFilteringMode.ForcedOn	Always	始终		
Settings.VisualEffects.AnisotropicFilteringMode.ForcedOn.Description	Anisotropic filtering will always be used. This improves the look of textures at steep viewing angles.	始终使用各向异性过滤。这可改善倾斜观察角度下贴图的观感。		
Settings.VisualEffects.AnisotropicFilteringMode.PerTexture	Enabled	启用		
Settings.VisualEffects.AnisotropicFilteringMode.PerTexture.Description	Anisotropic filtering will be used for some textures but not all textures. For those textures that use it, this improves the look of the textures at steep viewing angles.	部分贴图会使用各向异性过滤，并非全部贴图。对于使用它的贴图，可改善倾斜观察角度下的观感。		
Settings.VisualEffects.Atmosphere	Atmosphere	大气		
Settings.VisualEffects.Atmosphere.Description	Sets the quality of the atmospheres rendering.	设置大气渲染的质量。		
Settings.VisualEffects.AtmosphereQuality.High	High	高		
Settings.VisualEffects.AtmosphereQuality.High.Description	High quality atmosphere rendering effects are applied.	应用高质量的大气渲染效果。		
Settings.VisualEffects.AtmosphereQuality.Low	Low	低		
Settings.VisualEffects.AtmosphereQuality.Low.Description	Low quality atmosphere rendering effects are applied.	应用低质量的大气渲染效果。		
Settings.VisualEffects.AtmosphereQuality.Off	Off	关闭		
Settings.VisualEffects.AtmosphereQuality.Off.Description	Atmosphere rendering effects are not applied.	不应用大气渲染效果。		
Settings.VisualEffects.AtmosphereQuality.Ultra	Ultra	极高		
Settings.VisualEffects.AtmosphereQuality.Ultra.Description	A much more subdivided mesh is used, removing tessellation on the atmosphere edge.	使用细分程度高得多的网格，消除大气边缘的镶嵌感。		
Settings.VisualEffects.DesignerLightingPartThreshold	Designer Light Quality Part Threshold	设计器光照质量零件阈值		
Settings.VisualEffects.DesignerLightingPartThreshold.Description	If the designer's part count exceeds this threshold, the secondary directional light (pointing up from the bottom) reduces its quality to boost framerate.	如果设计器中的零件数超过此阈值，次级平行光（自下方向上照射）会降低质量以提升帧率。		
Settings.VisualEffects.DesignerLightingPartThreshold.NoLimit	No Limit	无限制		
Settings.VisualEffects.ExplosionQuality.High	High	高		
Settings.VisualEffects.ExplosionQuality.High.Description	Explosions will have all visual effects, including a point light and a shockwave.	爆炸将具有全部视觉效果，包括点光源和冲击波。		
Settings.VisualEffects.ExplosionQuality.Low	Low	低		
Settings.VisualEffects.ExplosionQuality.Low.Description	Explosions will have minimal visual effects.	爆炸将只有最基本的视觉效果。		
Settings.VisualEffects.ExplosionQuality.Medium	Medium	中		
Settings.VisualEffects.ExplosionQuality.Medium.Description	Explosions will have most visual effects except for the most taxing.	爆炸将具有大部分视觉效果，但不含最耗性能的那些。		
Settings.VisualEffects.Explosions	Explosions	爆炸		
Settings.VisualEffects.Explosions.Description	Sets the visual quality of explosions.	设置爆炸的视觉质量。		
Settings.VisualEffects.HeatDistortion	Heat Distortion	热扭曲		
Settings.VisualEffects.HeatDistortion.Description	Enables or disables heat distortion effects on jet engines.	启用或禁用喷气发动机的热扭曲效果。		
Settings.VisualEffects.HeatDistortionQuality.Off	Off	关闭		
Settings.VisualEffects.HeatDistortionQuality.Off.Description	Heat distortion will be disabled.	热扭曲将被禁用。		
Settings.VisualEffects.HeatDistortionQuality.On	On	开启		
Settings.VisualEffects.HeatDistortionQuality.On.Description	Heat distortion will be enabled.	热扭曲将被启用。		
Settings.VisualEffects.LaunchSteam	Launch Steam	发射蒸汽		
Settings.VisualEffects.LaunchSteam.Description	Sets whether the steam from the launch pad is rendered.	设置是否渲染发射台的蒸汽。		
Settings.VisualEffects.Lighting	Lighting	光照		
Settings.VisualEffects.Lighting.Description	The lighting quality changes the accuracy of how light is applied to most surfaces in the game.	光照质量会改变游戏中大多数表面受光的准确程度。		
Settings.VisualEffects.LightingQualitySettingType.High	High	高		
Settings.VisualEffects.LightingQualitySettingType.High.Description	High quality lighting can improve the overall look of the game but it increases graphical load and can decrease framerate on weaker GPUs.	高质量光照可改善游戏的整体观感，但会增加图形负载，并可能降低性能较弱 GPU 的帧率。		
Settings.VisualEffects.LightingQualitySettingType.Low	Low	低		
Settings.VisualEffects.LightingQualitySettingType.Low.Description	Low quality lighting reduces graphical load and can improve framerate on weaker GPUs.	低质量光照可降低图形负载，并提升性能较弱 GPU 的帧率。		
Settings.VisualEffects.MainMenuSun	Main Menu Sun	主菜单太阳		
Settings.VisualEffects.MainMenuSun.Description	Sets the visual quality of the sun in the main menu.	设置主菜单中太阳的视觉质量。		
Settings.VisualEffects.MenuSunQuality.High	High	高		
Settings.VisualEffects.MenuSunQuality.High.Description	The sun in the main menu will be as fancy as we can make it.	主菜单中的太阳会尽可能华丽。		
Settings.VisualEffects.MenuSunQuality.Low	Low	低		
Settings.VisualEffects.MenuSunQuality.Low.Description	The sun in the main menu will not be very fancy.	主菜单中的太阳不会很华丽。		
Settings.VisualEffects.ReEntryExtraEffects	Extra Plasma Effects	额外等离子体效果		
Settings.VisualEffects.ReEntryExtraEffects.Description	The maximum number of nearby non-player craft and large debris that also render the re-entry plasma effect, at half the resolution of your own craft. Set to zero to disable.	附近同时渲染再入等离子体效果的非玩家载具和大型残骸的最大数量，它们以你自身载具一半的分辨率渲染。设为 0 可禁用。		
Settings.VisualEffects.ReEntryPlasmaBias	Re-Entry Plasma Bias	再入等离子体偏置		
Settings.VisualEffects.ReEntryPlasmaBias.Description	Multiplies the Mach thresholds that control when the re-entry plasma effect starts and reaches full intensity. Lower values trigger plasma sooner, higher values delay it.	乘以控制再入等离子体效果何时开始并达到最强程度的马赫数阈值。数值越低等离子体出现越早，越高则出现越晚。		
Settings.VisualEffects.ReEntryQuality.Off	Off	关闭		
Settings.VisualEffects.ReEntryQuality.Off.Description	Re-entry and vapor trail effects will be disabled.	再入与蒸汽尾迹效果将被禁用。		
Settings.VisualEffects.ReEntryQuality.Legacy	Legacy	旧版		
Settings.VisualEffects.ReEntryQuality.Legacy.Description	Legacy screen-space mask pipeline.	旧版屏幕空间遮罩管线。		
Settings.VisualEffects.ReEntryQuality.Low	Low	低		
Settings.VisualEffects.ReEntryQuality.Low.Description	Airstream pipeline at low resolution.	低分辨率的气流管线。		
Settings.VisualEffects.ReEntryQuality.Medium	Medium	中		
Settings.VisualEffects.ReEntryQuality.Medium.Description	Airstream pipeline at medium resolution.	中等分辨率的气流管线。		
Settings.VisualEffects.ReEntryQuality.High	High	高		
Settings.VisualEffects.ReEntryQuality.High.Description	Airstream pipeline at high resolution.	高分辨率的气流管线。		
Settings.VisualEffects.ReEntryQuality.Ultra	Ultra	极高		
Settings.VisualEffects.ReEntryQuality.Ultra.Description	Airstream pipeline at ultra mesh density (PC).	极高网格密度的气流管线（PC）。		
Settings.VisualEffects.ReEntryVaporTrails	Re-Entry / Vapor Trails	再入 / 蒸汽尾迹		
Settings.VisualEffects.ReEntryVaporTrails.Description	Toggles re-entry and vapor trail effects.	切换再入与蒸汽尾迹效果。		
Settings.VisualEffects.Skybox	Skybox	天空盒		
Settings.VisualEffects.Skybox.Description	Sets the resolution of the skybox.	设置天空盒的分辨率。		
Settings.VisualEffects.SkyboxQuality.High	High	高		
Settings.VisualEffects.SkyboxQuality.High.Description	For those that want to bring the FoV down or play on a large display, 8k resolution.	适合想调低 FoV 或在大屏幕上游玩的人：8k 分辨率。		
Settings.VisualEffects.SkyboxQuality.Medium	Medium	中		
Settings.VisualEffects.SkyboxQuality.Medium.Description	4k skybox, a bit pixelated on low FoV or large displays but no longer with square stars.	4k 天空盒，在低 FoV 或大屏幕上会有些像素化，但星星不再是方块了。		
Settings.VisualEffects.SkyboxQuality.Ultra	Ultra	极高		
Settings.VisualEffects.SkyboxQuality.Ultra.Description	16k resolution, for people playing on 4k displays or making telescopes.	16k 分辨率，适合在 4k 屏幕上游玩或制作望远镜的人。		
Settings.VisualEffects.TireTrackQuality.High	High	高		
Settings.VisualEffects.TireTrackQuality.High.Description	Maximum tire track length.	轮胎痕迹长度最长。		
Settings.VisualEffects.TireTrackQuality.Low	Low	低		
Settings.VisualEffects.TireTrackQuality.Low.Description	Short tire track length.	轮胎痕迹长度较短。		
Settings.VisualEffects.TireTrackQuality.Medium	Medium	中		
Settings.VisualEffects.TireTrackQuality.Medium.Description	Medium tire track length.	轮胎痕迹长度中等。		
Settings.VisualEffects.TireTrackQuality.Off	Off	关闭		
Settings.VisualEffects.TireTrackQuality.Off.Description	Tire tracks will be disabled.	轮胎痕迹将被禁用。		
Settings.VisualEffects.TireTracks	Tire Tracks	轮胎痕迹		
Settings.VisualEffects.TireTracks.Description	Sets the quality of the tire tracks.	设置轮胎痕迹的质量。		
Settings.VisualEffects.Title	Visual Effects	视觉效果		
Settings.Warning.MultipleFormat	There are warnings for some settings you changed:\n\n{0}Do you still wish to apply settings?	你更改的部分设置存在警告：\n\n{0}仍要应用设置吗？		
Settings.Warning.OkayButton	Apply	应用		
Settings.Warning.SingleFormat	There is a warning for a setting you changed:\n\n{0}Do you still wish to apply settings?	你更改的某项设置存在警告：\n\n{0}仍要应用设置吗？		
Settings.Warning.StandardPerformance	This setting is not intended to run on your device and is not officially supported. Performance of the game could be severely impacted or it may fail to run entirely. Use at your own risk.	此设置并非为你的设备设计，也不受官方支持。游戏性能可能受到严重影响，甚至完全无法运行。请自行承担风险。		
Settings.Water.NormalMapQuality.Basic	Low	低		
Settings.Water.NormalMapQuality.Basic.Description	Very basic normal mapping will be used for the water's surface.	水面将使用非常基础的法线贴图。		
Settings.Water.NormalMapQuality.Blended	High	高		
Settings.Water.NormalMapQuality.Blended.Description	High quality distance blending will be used for the water's normal maps. This provides the best surface detail for the water.	水面的法线贴图将使用高质量的远距混合。这能提供最佳的水面细节。		
Settings.Water.NormalMapQuality.BlendedFast	Medium	中		
Settings.Water.NormalMapQuality.BlendedFast.Description	Distance blending will be used for the water's normal maps. This is the same approach as the high quality option except it can result in some visual artifacts on the water's surface.	水面的法线贴图将使用远距混合。这与高质量选项方式相同，但可能在水面产生一些视觉瑕疵。		
Settings.Water.ReflectionQuality.CraftAndTerrain	Craft and Terrain	载具与地形		
Settings.Water.ReflectionQuality.CraftAndTerrain.Description	The water will reflect the craft, particle effects, and the surrounding terrain. This can result in a significant performance impact.	水面将反射载具、粒子效果和周围地形。这会造成明显的性能开销。		
Settings.Water.ReflectionQuality.CraftOnly	Craft Only	仅载具		
Settings.Water.ReflectionQuality.CraftOnly.Description	The water will only reflect the craft and particle effects.	水面只反射载具和粒子效果。		
Settings.Water.ReflectionQuality.None	None	无		
Settings.Water.ReflectionQuality.None.Description	The water will not reflect anything.	水面不反射任何东西。		
Settings.Water.Reflections	Reflections	反射		
Settings.Water.Reflections.Description	This setting controls what (if anything) is reflected on the water's surface.	此设置控制水面反射的内容（如果有）。		
Settings.Water.TextureQuality	Texture Quality	贴图质量		
Settings.Water.TextureQuality.Description	This controls the quality of the texturing (normal maps) for the water's surface.	控制水面贴图（法线贴图）的质量。		
Settings.Water.Title	Water	水体		
Settings.Water.Transparency	Transparency	透明度		
Settings.Water.Transparency.Description	If enabled, the water will be semi-transparent with refraction and have better shorelines.	启用后，水体将半透明并带有折射，海岸线也更好。		
Settings.Water.UnderwaterBlur	Underwater Blur	水下模糊		
Settings.Water.UnderwaterBlur.Description	If enabled, the camera image will be blurred when underwater. Note: Image Effects must be enabled for this to work.	启用后，在水下时画面会变模糊。注意：需启用图像效果才能生效。		
Settings.Water.UnderwaterDistortion	Underwater Distortion	水下扭曲		
Settings.Water.UnderwaterDistortion.Description	If enabled, the camera image will warp and distort when underwater. Note: Image Effects must be enabled for this to work.	启用后，在水下时画面会扭曲变形。注意：需启用图像效果才能生效。		
Settings.Water.UnderwaterExitEffect	Underwater Exit Effect	出水效果		
Settings.Water.UnderwaterExitEffect.Description	If enabled, the camera image shows a brief water exit effect when the camera emerges from the water. Note: Image Effects must be enabled for this to work.	启用后，镜头浮出水面时会短暂显示出水效果。注意：需启用图像效果才能生效。		
Settings.Water.Waves	Waves	波浪		
Settings.Water.Waves.Description	If enabled, the water has visible waves with physics.	启用后，水体将具有带物理效果的可见波浪。		
Sharing.Photo.Tooltip.Back	Back to album	返回相册		
Sharing.Photo.Tooltip.Details	Show details	显示详情		
Sharing.Photo.Tooltip.Share	Share Photo	分享照片		
Sharing.Screenshot.Optional	Optional Screenshot	可选截图		
Sharing.Screenshot.Required	Required Thumbnail	必需缩略图		
Sharing.UploadSandbox.DescriptionLabel	Sandbox Description	沙盒描述		
Sharing.UploadSandbox.NameLabel	Sandbox Name	沙盒名称		
Sharing.UploadSandbox.Title	Upload Sandbox	上传沙盒		
SolarSystemProperties.MapScaleLabel	Map Scale	地图比例		
SolarSystemProperties.MapScaleTooltip	How much to scale in-game distances to map-view space. It does not change apparent/relative sizes or distances. The default works for most systems, but very large or very small systems may need a different value. It's always a trade-off between extremes. For instance, decreasing it allows larger systems but may cause camera jitter when viewing a small planet up close. Increasing it gives more stable viewing of smaller planets, but camera rendering may become unstable at very large viewing distances.	把游戏内距离缩放到地图视图空间的比例。它不会改变表面大小或相对距离。默认值适用于大多数行星系，但极大或极小的行星系可能需要不同的值。这始终是在两个极端之间权衡。例如，减小它可支持更大的行星系，但近距离查看小行星时可能导致镜头抖动。增大它可更稳定地查看较小的行星，但在非常大的观察距离下镜头渲染可能变得不稳定。		
SolarSystemProperties.MaxZoomLabel	Max Zoom	最大缩放		
SolarSystemProperties.MaxZoomTooltip	The maximum zoom distance for map-view	地图视图的最大缩放距离		
SolarSystemProperties.MetadataGroup	Metadata	元数据		
SolarSystemProperties.MiscGroup	Misc	杂项		
SolarSystemProperties.NameLabel	Name	名称		
SolarSystemProperties.StarFlareColorLabel	Star Flare Color	恒星耀斑颜色		
SolarSystemProperties.StarFlareColorTooltip	Changes the color of the flares seen when the camera is pointed at the main star of the system.	改变镜头指向行星系主恒星时所见的耀斑颜色。		
SolarSystemProperties.TareTimeLabel	Tare Time	归零时间		
SolarSystemProperties.TareTimeTooltip	Set the time to zero, while keeping all planets in their current position	将时间归零，同时保持所有行星的当前位置		
SolarSystemProperties.Title	Properties	属性		
SolarSystemProperties.ValidateOrbitsLabel	Validate Orbits	校验轨道		
SolarSystemProperties.ValidateOrbitsTooltip	Validates all orbits, and colors orbits red if any fails validation.  Orbits which are not colored red have passed validation.	校验所有轨道，若有轨道未通过校验则将其标红。未标红的轨道即已通过校验。		
SolarSystemProperties.ZeroTimeLabel	Zero Time	时间归零		
SolarSystemProperties.ZeroTimeTooltip	Sets the time to zero	将时间设为零		
SubBiomeData.NameLabel	Sub-Biome Name	子生物群系名称		
SubBiomeData.NameTooltip	The display name of the sub-biome. This is not required.	子生物群系的显示名称。此项非必需。		
SubBiomeData.NoiseStrengthLabel	Noise Strength	噪声强度		
SubBiomeData.NoiseStrengthTooltip	How strongly the planet's Resource Distribution modulates this sub-biome's resources. 0 gives uniform coverage across the biome (ice caps, salt flats); 1 gives full patchiness from the planet's distribution field. Ignored when the planet has no Resource Distribution modifier in its pipeline.	行星的资源分布对该子生物群系资源的调制强度。0 表示在生物群系内均匀覆盖（冰盖、盐滩）；1 表示完全按行星的分布场呈斑块状。当行星管线中没有资源分布修改器时忽略此项。		
SubBiomeData.PrimaryDataLabel	Primary Data	主数据		
SubBiomeData.PrimaryDataTooltip	The sub-biome data used when the terrain is relatively flat (defined by the slope range setting).	地形相对平坦时使用的子生物群系数据（由坡度范围设置定义）。		
SubBiomeData.Resource.ConcentrationLabel	Concentration	浓度		
SubBiomeData.Resource.FuelLabel	Resource	资源		
SubBiomeData.ResourcesLabel	Resources	资源		
SubBiomeData.ResourcesTooltip	The mineable resources present in this sub-biome. Each entry pairs a fuel id with a 0..1 concentration that the drill harvest rate is multiplied by. Multiple entries form a mixture — concentrations are independent multipliers, not a partition that must sum to 1.	该子生物群系中可开采的资源。每一项将一个燃料 id 与 0..1 的浓度配对，钻头的采集速率会乘以该浓度。多项构成混合物——浓度是相互独立的乘数，而不是必须合计为 1 的划分。		
SubBiomeData.SlopeDataLabel	Slope Data	坡度数据		
SubBiomeData.SlopeDataTooltip	The sub-biome data used when the terrain is relatively sloped (defined by the slope range setting).	地形相对倾斜时使用的子生物群系数据（由坡度范围设置定义）。		
SubBiomeData.SlopeRangeLabel	Slope Range	坡度范围		
SubBiomeData.SlopeRangeTooltip	The range over which terrain blends from the primary sub-biome data to the slope sub-biome data. The minimum value is where the slope data begins transitioning in and the primary data begins transitioning out. The maximum value is where the slope data reaches 100% strength and the primary data is no longer used. These values equal one minus the dot product of the normalized planet position (on a unit sphere) and the terrain's normal vector.	地形从主子生物群系数据过渡到坡度子生物群系数据的范围。最小值是坡度数据开始淡入、主数据开始淡出的位置。最大值是坡度数据达到 100% 强度、不再使用主数据的位置。这些值等于 1 减去归一化行星位置（位于单位球面上）与地形法向量的点积。		
SubBiomeTerrainData.ColorLabel	Color	颜色		
SubBiomeTerrainData.ColorTooltip	The color of the terrain for this sub-biome.	该子生物群系地形的颜色。		
SubBiomeTerrainData.EmissivenessTooltip	The emissiveness of the terrain for this sub-biome.	该子生物群系地形的自发光强度。		
SubBiomeTerrainData.MetallicnessTooltip	The metallicness of the terrain for this sub-biome.	该子生物群系地形的金属度。		
SubBiomeTerrainData.ModDataGroup	Mod Data	模组数据		
SubBiomeTerrainData.ModDataTooltip	Custom data that can be defined and used by mods.	可由模组定义和使用的自定义数据。		
SubBiomeTerrainData.OverrideParticleColorLabel	Override Particle Color	覆盖粒子颜色		
SubBiomeTerrainData.OverrideParticleColorTooltip	Whether to tint terrain interaction particles (impact and scrape dust) with a custom color instead of the terrain color for this sub-biome.	是否用自定义颜色为该子生物群系的地形交互粒子（撞击与刮擦尘土）着色，而不是使用地形颜色。		
SubBiomeTerrainData.ParticleColorLabel	Particle Color	粒子颜色		
SubBiomeTerrainData.ParticleColorTooltip	The color used to tint terrain interaction particles (impact and scrape dust) when Override Particle Color is enabled.	启用覆盖粒子颜色时，用于为地形交互粒子（撞击与刮擦尘土）着色的颜色。		
SubBiomeTerrainData.SmoothnessTooltip	The smoothness of the terrain for this sub-biome.	该子生物群系地形的光滑度。		
SubBiomeTerrainData.TextureIndexLabel	Texture Index	贴图索引		
SubBiomeTerrainData.TextureIndexTooltip	The index of the terrain detail texture (defined in the terrain splatmap modifier) used for this sub-biome.	该子生物群系使用的地形细节贴图索引（在地形 splatmap 修改器中定义）。		
SubBiomeTerrainData.TireTrackStrengthTooltip	The strength of the tire tracks on the terrain for this sub-biome.	该子生物群系地形上轮胎痕迹的强度。		
Tools.CraftPositioner.PauseFirst	Pause the game before positioning craft...the craft would likely blow up.	摆放载具前请先暂停游戏……否则载具很可能会炸掉。		
Tools.JointStability.UnstableFormat	Unstable joint detected for body #{0}.  Try increasing inertia tensor/mass	检测到 #{0} 号物体的连接不稳定。请尝试增大惯性张量/质量		
Tutorial.CloseButton.Tooltip	Close tutorial	关闭教程		
Tutorial.Controls.LockRetrogradeHint	Click the Lock Velocity Retrograde button on the right to lock your heading on your retrograde direction.	点击右侧的锁定速度逆行按钮，将你的航向锁定在逆行方向。		
Tutorial.Backup.NameFormat	Backup-{0}.{1}.{2}-{3}.{4}.{5}	备份-{0}.{1}.{2}-{3}.{4}.{5}		
Tutorial.Step.RetryMessage	Looks like we may have a problem. You can restart this step with 'Restart Step' on the left, or skip it with 'Skip Step' on the right.	看来可能出了点问题。你可以用左侧的「重新开始步骤」重试此步骤，或用右侧的「跳过步骤」跳过它。		
Tutorial.Step.EnableFingerTool	Tap the button in the lower right to enable the Finger Tool.	点击右下角的按钮以启用手指工具。		
Tutorial.Step.SelectPartWithFingerToolFormat	Reposition the tip of the Finger Tool over the {0} part we added earlier to select it. The part is flashing blue.	将手指工具的尖端移到我们之前添加的 {0} 零件上以选中它。该零件正在闪蓝光。		
Tutorial.Step.SelectPartFormat	Click on the '{0}' part to select it. It's flashing blue.	点击「{0}」零件以选中它。它正在闪蓝光。		
Tutorial.MouseClick.LeftLower	left	左		
Tutorial.MouseClick.RightLower	right	右		
Tutorial.MouseClick.Left	LEFT	左		
Tutorial.MouseClick.Right	RIGHT	右		
Tutorial.MouseClick.Middle	MIDDLE	中		
Tutorial.AddPart.OpenPartList	Open the Part List by [clicking|tapping] on the button with the plus symbol.	通过[点击|轻点]带加号的按钮打开零件列表。		
Tutorial.AddPart.ScrollToPartFormat	Scroll through the part list until the '{0}' part is in view.	滚动零件列表，直到看到「{0}」零件。		
Tutorial.AddPart.DragPartFormat	Drag the '{0}' part out from the list.	将「{0}」零件从列表中拖出。		
Tutorial.AddPart.PickCategoryFormat	[Click|Tap] on the {0} category to find the part we are looking for.	[点击|轻点] {0} 分类，找到我们要找的零件。		
Tutorial.AddPart.PartListBackArrow	[Click|Tap] on the back arrow at the top so we can look for the next part in a different category.	[点击|轻点]顶部的返回箭头，以便在其他分类中寻找下一个零件。		
Tutorial.AddPart.FingerToolClone	Drag the Clone Part button on the Finger Tool to clone this part.	拖动手指工具上的克隆零件按钮来克隆此零件。		
Tutorial.AddPart.FingerToolReposition	Reposition the Finger Tool over the part we added earlier. It's flashing blue.	将手指工具移到我们之前添加的零件上。它正在闪蓝光。		
Tutorial.AddPart.MouseCloneFormat	{0}-click and drag the '{1}' we added earlier to clone it. It's flashing blue. Cloning is quicker and easier than dragging a new part out of the part list.	{0}键点击并拖动我们之前添加的「{1}」来克隆它。它正在闪蓝光。克隆比从零件列表中拖出新零件更快更省事。		
Tutorial.AddPart.NeedsRotation	It's in the right place, now it just needs to be rotated.	位置对了，现在只需要旋转它。		
Tutorial.AddPart.WrongPartInRightPlace	You have it in the right place, but this is the wrong part. Try dragging this part up to the trash can and delete it.	位置放对了，但零件不对。试着把这个零件拖到垃圾桶里删除它。		
Tutorial.AddPart.RestartOrSkipHint	If you're having trouble, you can always restart this step by [clicking|tapping] the button in the lower left. Or [click|tap] the button in the lower right to skip it.	如果遇到困难，你可以随时[点击|轻点]左下角的按钮重新开始此步骤，或[点击|轻点]右下角的按钮跳过它。		
Tutorial.AddPart.RightPartWrongPlace	You have the right part, but it's not in the right place. Try and move it to the spot that I'm indicating.	零件是对的，但位置不对。试着把它移到我指示的位置。		
Tutorial.AddPart.DragToCraft	Now drag this part to the craft where I'm indicating.	现在把这个零件拖到我指示的载具位置。		
Tutorial.AddPart.WrongPart	It looks like you have the wrong part. You can drag it up to the trash in the top right to delete it.	看来你的零件不对。你可以把它拖到右上角的垃圾桶里删除。		
Tutorial.Fuselage.ArrowWord	arrow	箭头		
Tutorial.Fuselage.ArrowsWord	arrows	箭头		
Tutorial.Fuselage.SelectMovePartTool	Select the Move Part tool.	选择移动零件工具。		
Tutorial.Fuselage.OpenToolsPanel	Open the Tools panel.	打开工具面板。		
Tutorial.Fuselage.ResizePartFormat	Resize the {0} to match the desired size, which is flashing green.	调整 {0} 的大小，使其与闪绿光的目标尺寸一致。		
Tutorial.Fuselage.ShorterFormat	Drag the green {0} to make the {1} shorter.	拖动绿色 {0}，让 {1} 变短。		
Tutorial.Fuselage.TallerFormat	Drag the green {0} to make the {1} taller.	拖动绿色 {0}，让 {1} 变高。		
Tutorial.Fuselage.FatterFormat	Great! Now drag the orange arrow to make the {0} fatter.	很好！现在拖动橙色箭头，让 {0} 变粗。		
Tutorial.Fuselage.ThinnerFormat	Great! Now drag the orange arrow to make the {0} thinner.	很好！现在拖动橙色箭头，让 {0} 变细。		
Tutorial.Fuselage.ClickToSelect	Click on the part you just added to select it.	点击你刚刚添加的零件以选中它。		
Tutorial.Wing.ResizePrompt	Now we need to resize the wing to match the desired size, which is flashing green.	现在需要调整机翼的大小，使其与闪绿光的目标尺寸一致。		
Tutorial.Wing.DragArrows	Resize by dragging the arrows until it matches the desired shape.	拖动箭头调整大小，直到与目标形状一致。		
Tutorial.Camera.RotateClickFormat	\n\nRotate the view by [{0}-clicking|tapping] on the background and dragging.	\n\n通过[按住{0}键点击|轻点]背景并拖动来旋转视角。		
Tutorial.Camera.RotateScroll	\n\nRotate the view by [scrolling the mouse|tapping on the background and dragging].	\n\n通过[滚动鼠标滚轮|轻点背景并拖动]来旋转视角。		
Tutorial.Camera.RotateSideScroll	\n\nRotate the view by [side-scrolling the mouse|tapping on the background and dragging].	\n\n通过[横向滚动鼠标滚轮|轻点背景并拖动]来旋转视角。		
Tutorial.Camera.TryIt	Go ahead and try.	去试试吧。		
Tutorial.Camera.KeepRotating	That's it, you got it! Keep rotating.	就是这样，你做到了！继续旋转。		
Tutorial.Camera.PercentCompleteFormat	{0}\n{1}% complete.	{0}\n已完成 {1}%。		
Tutorial.Camera.PanClickStepFormat	Move the view around by {0}-clicking on the background and dragging.	按住{0}键点击背景并拖动来移动视角。		
Tutorial.Camera.PanClickHintFormat	Now try moving the view by {0}-clicking on the background and dragging.	现在试着按住{0}键点击背景并拖动来移动视角。		
Tutorial.Camera.PanScrollStep	Move the view around by scrolling the mouse wheel.	滚动鼠标滚轮来移动视角。		
Tutorial.Camera.PanScrollHint	Now try moving the view by scrolling the mouse wheel.	现在试着滚动鼠标滚轮来移动视角。		
Tutorial.Camera.PanSideScrollStep	Move the view around by side-scrolling the mouse wheel.	横向滚动鼠标滚轮来移动视角。		
Tutorial.Camera.PanSideScrollHint	Now try moving the view by side-scrolling the mouse wheel.	现在试着横向滚动鼠标滚轮来移动视角。		
Tutorial.Camera.PanTouchStep	Move the view around with a two-finger drag.	用双指拖动来移动视角。		
Tutorial.Camera.PanTouchHint	Now try moving the view with a two-finger drag on the background.	现在试着在背景上双指拖动来移动视角。		
Tutorial.Camera.KeepMoving	That's it, you got it! Keep moving the view.	就是这样，你做到了！继续移动视角。		
Tutorial.Camera.FocusStep	You can double-click on a part to make the camera focus on it.	你可以双击某个零件，让镜头聚焦到它上面。		
Tutorial.Camera.FocusInstruction	Double click on the Command Pod part.	双击指令舱零件。		
Tutorial.Camera.ZoomClickFormat	You can also zoom in and out by holding down the {0} mouse button and dragging up or down.	你也可以按住鼠标{0}键并上下拖动来缩放。		
Tutorial.Camera.ZoomSideScroll	You can also zoom in and out with the mouse wheel's horizontal axis.	你也可以用鼠标滚轮的横向轴来缩放。		
Tutorial.Camera.ZoomScroll	You can also zoom in and out with the mouse wheel.	你也可以用鼠标滚轮来缩放。		
Tutorial.Camera.ZoomTouch	You can also zoom in and out by pinching with two fingers.	你也可以用双指捏合来缩放。		
Tutorial.Camera.TryItOut	Go ahead and try it out.	去试试看吧。		
Tutorial.Camera.KeepZooming	That's it, you got it! Keep zooming in and out.	就是这样，你做到了！继续缩放。		
Tutorial.Camera.ResetView	Great! Now, let's reset the view back to the front of the rocket.	很好！现在把视角重置回火箭正面。		
Tutorial.Camera.ClickViewFront	Now click the View Front button.	现在点击查看正面按钮。		
Tutorial.Camera.ClickViewOptions	Click the View Options button on the left. It's flashing green.	点击左侧的视图选项按钮。它正在闪绿光。		
Tutorial.Symmetry.ClosePanel	Great! Now close the Symmetry panel by clicking the X in the top left.	很好！现在点击左上角的 X 关闭对称面板。		
Tutorial.Symmetry.CycleModeFormat	Cycle through the Modes until you get '{0}'	循环切换模式，直到出现「{0}」		
Tutorial.Symmetry.ClickSymmetryButton	Click the Symmetry button on the left.	点击左侧的对称按钮。		
Tutorial.PartProperties.ClosePanel	Great! Now close the panel by clicking the X in the top left.	很好！现在点击左上角的 X 关闭面板。		
Tutorial.PartProperties.ClickPartProperties	Click the Part Properties button on the left.	点击左侧的零件属性按钮。		
Tutorial.Staging.ClosePanel	Great! Now close the panel by clicking the X in the top left.	很好！现在点击左上角的 X 关闭面板。		
Tutorial.Staging.AddStageFormat	Click the Add Stage button to add Stage {0}	点击添加分级按钮以添加分级 {0}		
Tutorial.Staging.DropInStageFormat	Drop it in Stage {0}	把它放入分级 {0}		
Tutorial.Staging.TapAndDragFormat	Tap and hold {0} and then drag it to Stage {1}	按住 {0}，然后把它拖到分级 {1}		
Tutorial.Staging.LeftClickDragFormat	Left click and drag the {0} and drop it in Stage {1}	左键点击并拖动 {0}，把它放入分级 {1}		
Tutorial.Staging.ExpandCategoryFormat	[Left click|Tap] on the {0} category to expand it.	[左键点击|轻点] {0} 分类以展开它。		
Tutorial.Staging.ExpandStageFormat	[Left click|Tap] on Stage {0} to expand it.	[左键点击|轻点]分级 {0} 以展开它。		
Tutorial.Staging.Intro	One last step before we call it a day: let's look at this rocket's staging. Staging just means the order parts activate. Stage 1 activates first, then Stage 2, etc.\n\nTypically your big engines should activate first and burn their fuel. Once empty, use interstages to jettison them and lighten the load for later stages.	结束前的最后一步：来看看这枚火箭的分级。分级就是零件激活的顺序。分级 1 最先激活，然后是分级 2，依此类推。\n\n通常你的大发动机应该先激活并烧完燃料。燃料耗尽后，用级间段抛掉它们，为后续分级减重。		
Tutorial.Staging.ClickStagingEditor	Click the Staging Editor button on the left.	点击左侧的分级编辑器按钮。		
Tutorial.Staging.ClickPreflight	Click the Preflight Configuration button on the left.	点击左侧的飞行前配置按钮。		
Tutorial.Performance.SelectDroo	Select Droo in the Design Info panel	在设计信息面板中选择 Droo		
Tutorial.Performance.ChangeAltitudeFormat	Change the altitude to {0} in the Design Info panel	在设计信息面板中把高度改为 {0}		
Tutorial.Performance.SelectStageFormat	Select {0} in the Design Info panel	在设计信息面板中选择 {0}		
Tutorial.Performance.OpenDesignInfo	Click the button on the right to open the Design Info panel.	点击右侧的按钮打开设计信息面板。		
Tutorial.ConfigureWheel.ChangeTurningAngleFormat	Change the Turning Angle to {0}	将转向角度改为 {0}		
Tutorial.ConfigureWheel.ChangeTorqueFormat	Change the Torque to {0}	将扭矩改为 {0}		
Tutorial.ConfigureWheel.ChangeGearRatioFormat	Change the Gear Ratio to {0}	将传动比改为 {0}		
Tutorial.ConfigureWheel.ChangeGearRatioTopSpeedFormat	Change the Gear Ratio to {0} to maximize for top speed.	将传动比改为 {0}，以最大化最高速度。		
Tutorial.ConfigureWheel.ClickPartProperties	Click the Part Properties button on the left.	点击左侧的零件属性按钮。		
Tutorial.ConfigureMotorInput.ChangeInputFormat	Change the Input to {0}	将输入改为 {0}		
Tutorial.ConfigureMotorInput.ExpandSection	Click to expand this section	点击展开此部分		
Tutorial.ConfigureControlSurface.ClickAdd	Click the Add Control surface button	点击添加控制面按钮		
Tutorial.ConfigureControlSurface.ChangeInputFormat	Change the input to {0}	将输入改为 {0}		
Tutorial.ConfigureRocketEngine.ChangeSizeFormat	Change the Size to {0}	将尺寸改为 {0}		
Tutorial.ConfigureRocketEngine.ChangeNozzleThroatSizeFormat	Change the Nozzle Throat Size to {0}	将喷管喉部尺寸改为 {0}		
Tutorial.ConfigureRocketEngine.ChangeNozzleLengthFormat	Change the Nozzle Length to {0}	将喷管长度改为 {0}		
Tutorial.CommandPodConfiguration.ChangeToPlane	Change the configuration to Plane	把配置改为飞机		
Tutorial.CommandPodConfiguration.ChangeGyrosFormat	Change the Volume for Gyros to {0}	将陀螺仪的容积改为 {0}		
Tutorial.CommandPodConfiguration.ChangeBatteryFormat	Change the Volume for Battery to {0}	将电池的容积改为 {0}		
Tutorial.SolarPanelArray.ClosePanel	Great! Now close the panel.	很好！现在关闭面板。		
Tutorial.SolarPanelArray.ChangeRowSize	Change the Row Size to 1	将每行数量改为 1		
Tutorial.SolarPanelArray.ChangeRows	Change the Rows to 4	将行数改为 4		
Tutorial.SolarPanelArray.ClickPartProperties	Click the Part Properties button on the left.	点击左侧的零件属性按钮。		
Tutorial.CenterIndicators.ShowCenterOfMass	Click the red button to show the Center of Mass indicator as a red ball.	点击红色按钮，把质心指示器显示为红色小球。		
Tutorial.CenterIndicators.ShowCenterOfLift	Click the blue button to show the Center of Lift indicator as a blue ball.	点击蓝色按钮，把升力中心指示器显示为蓝色小球。		
Tutorial.CenterIndicators.ClickViewOptions	Click the View Options button on the left.	点击左侧的视图选项按钮。		
Tutorial.FingerTool.Tap	Tap the Finger Tool button in the bottom right.	点击右下角的手指工具按钮。		
Tutorial.MenuTutorial.WelcomeIntro	Congratulations on starting your own aerospace company! It's a tough business, but with my connections I can help you succeed. Please, allow me to introduce myself: I am Algernon Fizzlebottom.	恭喜你创立了自己的航天公司！这行很难做，但凭我的人脉可以助你成功。请允许我自我介绍：我是阿尔杰农·菲兹尔博顿。		
Tutorial.MenuTutorial.GoToTechTree	I recently inherited my grandfather's research company and own many technology patents. I don't have time to chase the stars myself, so I'm offering incentives to help new aerospace companies get started. Let's go to the Tech Tree and see what I can offer you.	我最近继承了祖父的研究公司，拥有许多技术专利。我自己没时间去追逐星辰，所以愿意提供奖励，帮助新的航天公司起步。我们去科技树看看我能给你什么。		
Tutorial.MenuTutorial.TechTreeIntroFormat	Welcome to the Tech Tree. Click '{0}' to see what technologies it contains, then click Unlock. This one won't cost any Tech Points, so it's a great bargain.	欢迎来到科技树。点击「{0}」查看其中包含的技术，然后点击解锁。这个不需要科技点，非常划算。		
Tutorial.MenuTutorial.TechTreeSecondNodeFormat	Fantastic! Now unlock '{0}'. It is also free.	太好了！现在解锁「{0}」。它也是免费的。		
Tutorial.MenuTutorial.TechTreeChoosePathFormat	Now it's up to you to choose your path. Start with '{0}' and build rockets, or start with '{1}' and build cars and planes? You only have enough Tech Points for one, so choose wisely!	现在由你来选择路线。从「{0}」开始造火箭，还是从「{1}」开始造汽车和飞机？你的科技点只够选一个，好好考虑！		
Tutorial.MenuTutorial.ExitTechTree	You don't have access to any more technologies for now, so let me show you how to get more Tech Points. Click the back button at the top left to exit the Tech Tree.	你目前无法解锁更多技术，所以我来说明如何获得更多科技点。点击左上角的返回按钮退出科技树。		
Tutorial.MenuTutorial.OpenCareerDialog	Open the Career dialog.	打开生涯对话框。		
Tutorial.MenuTutorial.GoBackToContracts	Let's go back to Contracts and accept a contract. It's time to start your career!	我们回到合约界面接受一个合约。该开始你的生涯了！		
Tutorial.MenuTutorial.ContractsIntro	This is where you'll find contracts. Completing them earns the money you need to launch new crafts and unlock better launch locations. Your available funds show at the top of the screen.	这里是查看合约的地方。完成合约可获得资金，用于发射新载具、解锁更好的发射场。你的可用资金显示在屏幕顶部。		
Tutorial.MenuTutorial.ClickContractsTab	Click on the Contracts tab.	点击合约标签页。		
Tutorial.MenuTutorial.MilestonesIntro	To use my patents, I need you to prove you deserve them. So I've set up these Milestones. Reaching them earns Tech Points, which you can spend to unlock new technology in the Tech Tree. Your Tech Point total is shown at the top of the screen.	想使用我的专利，你得证明自己配得上它们。所以我设置了这些里程碑。达成里程碑可获得科技点，可用来在科技树中解锁新技术。你的科技点总数显示在屏幕顶部。		
Tutorial.MenuTutorial.ClickMilestonesTab	Click on the Milestones tab.	点击里程碑标签页。		
Tutorial.MenuTutorial.ExplorationLandmarks	Here are the landmarks you can visit and additional milestones you can do in each Celestial Body. You can click them to see more details.	这里列出了每个天体可访问的地标和可完成的额外里程碑。你可以点击它们查看更多详情。		
Tutorial.MenuTutorial.ClickDroo	Here you can find the exploration related milestones. Click on Droo.	这里可以找到与探索相关的里程碑。点击 Droo。		
Tutorial.MenuTutorial.ClickExplorationTab	Click on the Exploration tab.	点击探索标签页。		
Tutorial.MenuTutorial.SelectContractFormat	Select the {0} contract and then click Start Tutorial to accept this contract and begin a designer tutorial.	选择 {0} 合约，然后点击开始教程以接受该合约并进入设计器教程。		
Tutorial.MenuTutorial.ContractAcceptedFantastic	Fantastic! I highly recommend doing the tutorial for this contract. Otherwise, click Build in the bottom left to enter the designer and start building your craft. Click Okay and get started! Good luck!	太好了！我强烈建议先做这个合约的教程。否则，点击左下角的建造进入设计器，开始建造你的载具。点击确定开始吧！祝你好运！		
Tutorial.Designer.Intro.BackupCraftPrompt	Would you like to back up your current craft before starting the tutorial?	开始教程前，要备份你当前的载具吗？		
Tutorial.Designer.Intro.WelcomeToDesigner	Welcome to the Designer! First, let me show you how to move the view around.	欢迎来到设计器！首先，我来演示如何移动视角。		
Tutorial.Designer.Intro.CommandPodIntro	This is the Command Pod and it's the brain of your rocket. Try to keep it safe. You can't control your rocket without it.	这是指令舱，是你火箭的大脑。尽量保护好它。没有它就无法控制火箭。		
Tutorial.Designer.Intro.FingerToolIntro	Before we add a part, let's turn on the Finger Tool. It makes placing parts with precision much easier. It can also help you clone parts, but we'll cover that later.	在添加零件之前，先打开手指工具。它能让精确放置零件容易得多。它还能帮你克隆零件，不过这个稍后再讲。		
Tutorial.FirstFlight.Step1	I've started with the car from The Jump tutorial but I've made some tweaks to make room for some wings.	我从「跳跃」教程的汽车开始，做了一些调整，为机翼腾出空间。		
Tutorial.FirstFlight.Step2	First, we'll need to add the main wings that will provide the lift to get this beauty off the ground.	首先，我们需要添加主机翼，提供让这个漂亮家伙离开地面的升力。		
Tutorial.FirstFlight.Step3	Now, add a control surface to this wing so the craft will be able to roll and turn while flying through the air.	现在给这个机翼添加一个控制面，让载具在空中飞行时能够滚转和转向。		
Tutorial.FirstFlight.Step4	Use the Symmetry Tool and duplicate our work to the other side.	使用对称工具，把我们的成果复制到另一侧。		
Tutorial.FirstFlight.Step5	Now add the elevator, which will allow the craft to pitch upwards and downwards to change its altitude. It's quite important for airplanes.	现在添加升降舵，它能让载具上下俯仰以改变高度。对飞机来说相当重要。		
Tutorial.FirstFlight.Step6	The elevator's control surface should respond to Pitch input. Note to self: the wheels are also set to Pitch, so we'll change those later.	升降舵的控制面应响应俯仰输入。记一下：轮子也设成了俯仰，稍后我们会改掉。		
Tutorial.FirstFlight.Step7	Use the Symmetry Tool and duplicate our work to the other side.	使用对称工具，把我们的成果复制到另一侧。		
Tutorial.FirstFlight.Step8	Now add the rudder, which provides stability on the yaw axis. It's a common misconception that the rudder is for turning — that's actually the job of the main wings rolling into the turn. The rudder is for minor corrections.	现在添加方向舵，它在偏航轴上提供稳定性。常见误解是方向舵用来转向——实际上那是主机翼滚转的任务。方向舵用于小幅修正。		
Tutorial.FirstFlight.Step9	The rudder's control surface should respond to Yaw input.	方向舵的控制面应响应偏航输入。		
Tutorial.FirstFlight.Step10	Since the elevators use the Pitch input, we'll change the wheels' motor input to Throttle. Otherwise, pulling back on the stick to pitch up would also decrease the motor input.	由于升降舵使用俯仰输入，我们要把轮子的电机输入改为油门。否则拉杆抬头时也会降低电机输入。		
Tutorial.FirstFlight.Step11	When designing an airplane, the relationship between the Center of Mass (CoM) and the Center of Lift (CoL) is very important. We can visualize their positions using the View Panel.	设计飞机时，质心 (CoM) 与升力中心 (CoL) 的关系非常重要。我们可以用视图面板显示它们的位置。		
Tutorial.FirstFlight.Step12	As you can see, the red Center of Mass is slightly in front of the blue Center of Lift, so this craft should be aerodynamically stable. The further the CoM is in front of the CoL, the more stable it becomes, but it loses some maneuverability and pitch response.\n\nThe closer they are, the more aerobatic it becomes, but too close and it can turn unstable. CoM behind the CoL would be like trying to shoot an arrow backwards, feathers first.\n\nTo simplify: the red ball is in front of the blue ball, so this craft is good to go.	如你所见，红色的质心略在蓝色升力中心之前，所以这架载具在气动上是稳定的。质心越靠前越稳定，但会损失一些机动性和俯仰响应。\n\n两者越接近，机动性越强，但太近就可能变得不稳定。质心在升力中心之后，就像倒着射箭、羽毛朝前。\n\n简单说：红球在蓝球前面，所以这架载具没问题。		
Tutorial.FirstFlight.Step13	Great job! Even the Wright Brothers would be proud!	干得漂亮！连莱特兄弟都会为你骄傲！		
Tutorial.FirstFlight.Step13Instruction	Now launch this magnificent creation from the Juno Village Runway. Let's see if this thing can fly!	现在从村庄跑道发射这件杰作。看看它能不能飞！		
Tutorial.FirstOrbit.Step1	We have a craft ready for you, but its engines need a few tweaks to improve performance so it can achieve orbit.	我们为你准备了一辆载具，但它的发动机需要微调以提升性能，才能进入轨道。		
Tutorial.FirstOrbit.Step2	Open the Design Info panel.	打开设计信息面板。		
Tutorial.FirstOrbit.Step2Metric	This is the craft's total Delta V, meaning change in velocity. Theoretically, it's how fast the craft could go in a perfect environment with no gravity and no drag.	这是载具的总 Delta-V，即速度变化量。理论上，它是在无重力、无阻力的完美环境中载具能达到的速度。		
Tutorial.FirstOrbit.Step3	Realistically, we need at least 4,500m/s to reach low orbit around Droo. It looks like we have more than enough, but remember that engine performance is affected by atmospheric pressure, which changes with altitude.	实际上，要进入 Droo 低轨道至少需要 4,500m/s。看起来我们绰绰有余，但记住发动机性能受大气压影响，而大气压随高度变化。		
Tutorial.FirstOrbit.Step3Metric	We have some work to do. We'll look at each stage to see what we can do to improve performance. Don't worry, it's just rocket science.	我们还有活要干。逐级看看能如何提升性能。别担心，不过是火箭科学而已。		
Tutorial.FirstOrbit.Step4	Let's look at the first stage, which consists of five solid rocket motors.	先看第一级，它由五台固体火箭发动机构成。		
Tutorial.FirstOrbit.Step4Metric	The Delta V looks okay for this stage. We just want it to gain some altitude before starting the more efficient engines, which need a thinner atmosphere to work.	这一级的 Delta-V 看起来还行。我们只希望它先获得一定高度，再启动效率更高、需要更稀薄大气才能工作的发动机。		
Tutorial.FirstOrbit.Step5Metric	Another important metric is TWR, or Thrust to Weight Ratio. If it's less than 1, the craft can't overcome gravity during liftoff. This stage has plenty of TWR for launch.	另一个重要指标是 TWR，即推重比。如果小于 1，载具起飞时无法克服重力。这一级的 TWR 足以发射。		
Tutorial.FirstOrbit.Step6Metric	Notice the Ending TWR is higher than the Starting TWR. That's because the engines burn fuel mass throughout the stage, so the craft loses mass. This means the rocket's acceleration actually increases throughout the stage.	注意结束 TWR 高于起始 TWR。这是因为整个分级过程中发动机会烧掉燃料质量，载具随之变轻。也就是说火箭的加速度在这一级中会不断增加。		
Tutorial.FirstOrbit.Step7Metric	One last thing: the Isp, or Specific Impulse. It's kinda like gas mileage for rocket engines, and higher is better. These solid rocket motors aren't very efficient, but they're cheap and get the job done.	最后一点：Isp，即比冲。它有点像火箭发动机的油耗，越高越好。这些固体火箭发动机效率不高，但便宜且能完成任务。		
Tutorial.FirstOrbit.Step8	Let's look at the second stage. From our previous launches we have found that this stage will ignite around 8km altitude.	看看第二级。根据之前的发射经验，这一级会在约 8km 高度点火。		
Tutorial.FirstOrbit.Step8Metric	The Delta V and Starting TWR are terrible for this stage. That's because the Gnome Engine is optimized for a vacuum, but don't worry! We can do some rocket surgery here to improve its performance inside an atmosphere.	这一级的 Delta-V 和起始 TWR 都很糟。因为 Gnome 发动机是为真空优化的，但别担心！我们可以给它做点火箭手术，提升它在大气内的性能。		
Tutorial.FirstOrbit.Step9Metric	This engine is suffering from severe over-expansion, which happens when the exhaust Exit Pressure is below Air Pressure. Over-expansion is what causes shock diamonds in the exhaust. The closer Exit Pressure is to Air Pressure, the more efficient the engine.	这台发动机存在严重的过度膨胀，即排气出口压力低于大气压时发生的情况。过度膨胀会在尾焰中产生激波钻石。出口压力越接近大气压，发动机效率越高。		
Tutorial.FirstOrbit.Step10	We can shorten the nozzle and crank up the power to raise this engine's Exit Pressure closer to the Air Pressure at this altitude.	我们可以缩短喷管并加大功率，让这台发动机的出口压力更接近此高度的大气压。		
Tutorial.FirstOrbit.Step11	Let's take a look and see how things have changed.	来看看有什么变化。		
Tutorial.FirstOrbit.Step11Metric	That's a huge improvement in Delta V and TWR! Now let's take a look at the third stage.	Delta-V 和 TWR 提升巨大！现在看看第三级。		
Tutorial.FirstOrbit.Step12	The third stage engine will mostly be working in the upper atmosphere and in space.	第三级发动机主要在高空和太空中工作。		
Tutorial.FirstOrbit.Step12Metric	The Delta V is pretty good for this stage, but we can improve it by lengthening the nozzle.	这一级的 Delta-V 已经不错，但我们可以通过加长喷管进一步提升。		
Tutorial.FirstOrbit.Step13	Ideally, Exit Pressure would be 0 for a rocket engine built to work in space, but that would need an infinitely large nozzle. We'll settle for something a little shorter than that.	理想情况下，为太空工作而造的火箭发动机出口压力应为 0，但那需要无限大的喷管。我们就用比那稍短一些的。		
Tutorial.FirstOrbit.Step14	Great work! Now this rocket is ready for launch!	干得好！这枚火箭可以发射了！		
Tutorial.FirstOrbit.Step14Instruction	Click the launch button at the top right and launch from the Juno Village Pad.	点击右上角的发射按钮，从村庄发射台发射。		
Tutorial.FirstPayload.Step1	Let's start with the same rocket we built for the Vertical Shot contract, minus the nose cone.	我们从为「垂直冲高」合约建造的那枚火箭开始，去掉头锥。		
Tutorial.FirstPayload.Step2	First, let's attach the payload. This is what the customer wants us to bring to space, so be careful with it and try not to damage it.	首先，连接载荷。这是客户要我们送上太空的东西，小心别弄坏它。		
Tutorial.FirstPayload.Step3	Now, let's add an 'Interstage'. It splits the rocket into multiple 'stages' but more on that later.	现在添加一个「级间段」。它把火箭分成多个「分级」，这个稍后再细说。		
Tutorial.FirstPayload.Step4	Now let's add another fuel tank below this, but we will make it a bit fatter so it can hold more fuel.	现在在下面再加一个燃料箱，不过我们会把它加粗一些，好装更多燃料。		
Tutorial.FirstPayload.Step5	Now let's connect an engine to this fuel tank.	现在给这个燃料箱连接一台发动机。		
Tutorial.FirstPayload.Step6	Now let's duplicate this engine because we need more thrust.	现在复制这台发动机，因为我们需要更大推力。		
Tutorial.FirstPayload.Step7	Now let's add some fins to the bottom stage for more stabilization. We can clone the fins from the upper stage to save us some work.	现在给底部分级加几个尾翼以增强稳定性。我们可以克隆上级的尾翼省点事。		
Tutorial.FirstPayload.Step8	Enable symmetry for this fin.	为这个尾翼启用对称。		
Tutorial.FirstPayload.Step9StagingText	Staging is normally calculated automatically, but it's a good idea to check it before launching.\n\nThe Second Stage Engine should actually be in Stage 2 so it can activate and do its thing before the payload is deployed.	分级通常会自动计算，但发射前检查一下是个好主意。\n\n第二级发动机其实应该放在分级 2，这样它能在载荷部署前启动并完成工作。		
Tutorial.FirstPayload.Step10	Excellent! You have built a multi-stage rocket!	太棒了！你造出了一枚多级火箭！		
Tutorial.FirstPayload.Step10Instruction	Now click the Launch button and see how it flies.	现在点击发射按钮，看看它飞得怎么样。		
Tutorial.FirstRace.Step1	Great news! We have an airplane for you, all ready to go!	好消息！我们为你准备了一架飞机，随时可以起飞！		
Tutorial.FirstRace.Step2	These electric motors spin the propellers to generate thrust. They spin in opposite directions so the torque cancels out.<br><br>It's very efficient, but also a bit slow. Later, after you unlock jet engines, you'll be able to build much faster airplanes.	这些电动机带动螺旋桨旋转产生推力。它们反向旋转，扭矩相互抵消。<br><br>它非常高效，但也偏慢。之后解锁喷气发动机，你就能造出快得多的飞机。		
Tutorial.FirstRace.Step3	Good luck on your first air race!	祝你第一场空中竞速好运！		
Tutorial.FirstRace.Step3Instruction	Launch from the Juno Village Runway.	从村庄跑道发射。		
Tutorial.TheJump.Step1	Since we are building a craft that mostly moves horizontally, we'll need to change the Command Disc from Rocket to Plane configuration.	既然我们要造一辆主要水平移动的载具，就需要把指令盘从火箭配置改为飞机配置。		
Tutorial.TheJump.Step1Battery	Let's also increase the battery capacity, which will increase the driving range of this car.	顺便提高电池容量，这会增加这辆车的行驶里程。		
Tutorial.TheJump.Step2	Let's start building a car. First, add an empty fuel tank behind the Command Disc. This will serve as the body of the car.	开始造车吧。首先，在指令盘后面添加一个空燃料箱，作为车身。		
Tutorial.TheJump.Step3	Now let's add a nose cone to help reduce drag and make it look cooler too.	现在添加一个头锥，有助于减小阻力，也更好看。		
Tutorial.TheJump.Step4	Now let's add a front wheel.	现在添加一个前轮。		
Tutorial.TheJump.Step5	Now let's add a rear wheel	现在添加一个后轮		
Tutorial.TheJump.Step6	I think cars usually have wheels on both sides, so let's use the Symmetry Tool and duplicate our work to the other side.	汽车通常两侧都有轮子，所以我们用对称工具把成果复制到另一侧。		
Tutorial.TheJump.Step7	Now do the same thing for the other wheel.	现在对另一个轮子做同样的操作。		
Tutorial.TheJump.Step8	Make the front wheels turnable and reduce the engine torque to save money.\n\nSince Symmetry Mode is enabled on this wheel, the other side automatically gets any changes we make.	把前轮设为可转向，并降低发动机扭矩以省钱。\n\n由于这个轮子启用了对称模式，我们做的任何更改都会自动应用到另一侧。		
Tutorial.TheJump.Step9	Crank up the torque on those rear wheels and adjust their gear ratio. Lower gear ratios favor top speed; higher gear ratios favor acceleration.	把后轮的扭矩加大并调整它们的传动比。传动比越低越偏向最高速度，越高越偏向加速。		
Tutorial.TheJump.Step10	Change the motor input to use Pitch instead of Throttle. This will allow you to go in reverse in case you get stuck.	把电机输入从油门改为俯仰。这样万一卡住，你还能倒车。		
Tutorial.TheJump.Step11	Excellent! I've never seen a better car! I'm really proud of us!	太棒了！我从没见过更好的车！真为我们感到骄傲！		
Tutorial.TheJump.Step11Instruction	Now click the launch button at the top right and launch this magnificent creation from the Juno Village Runway.	现在点击右上角的发射按钮，从村庄跑道发射这件杰作。		
Tutorial.VerticalShot.Step1	Let's build a rocket! The first step is to add a fuel tank below the Command Disc.	来造一枚火箭！第一步是在指令盘下面添加一个燃料箱。		
Tutorial.VerticalShot.Step2	Now let's add a nose cone to help reduce drag.	现在添加一个头锥以帮助减小阻力。		
Tutorial.VerticalShot.Step3	Now connect an engine to this fuel tank. Engines draw fuel from the fuel tanks directly above them.	现在给这个燃料箱连接一台发动机。发动机从其正上方的燃料箱抽取燃料。		
Tutorial.VerticalShot.Step4	Now let's add some fins to help stabilize this beautiful creation.	现在加几个尾翼，帮助这件美丽作品保持稳定。		
Tutorial.VerticalShot.Step5	Now we can enable Symmetry Mode on this fin so we can duplicate our work instead of having to add each fin individually.	现在我们可以为这个尾翼启用对称模式，这样就能复制成果，不必逐个添加尾翼。		
Tutorial.VerticalShot.Step6	Now let's enable the gyro on the Command Disc. The gyro can help to stabilize the rocket when it's in flight.	现在启用指令盘上的陀螺仪。陀螺仪能在飞行中帮助稳定火箭。		
Tutorial.VerticalShot.Step7	Excellent! You have built your first rocket!	太棒了！你造出了自己的第一枚火箭！		
Tutorial.VerticalShot.Step7Instruction	Click the launch button at the top right and launch from the Juno Village Pad.	点击右上角的发射按钮，从村庄发射台发射。		
Tutorial.Sandbox.Step1	Let's start building. The first step is to add a fuel tank below the Command Pod.	开始建造吧。第一步是在指令舱下面添加一个燃料箱。		
Tutorial.Sandbox.Step2	Now let's connect a small engine to this fuel tank. Engines draw fuel from the fuel tanks directly above them.	现在给这个燃料箱连接一台小型发动机。发动机从其正上方的燃料箱抽取燃料。		
Tutorial.Sandbox.Step3	Now let's connect an 'Interstage'. It splits the rocket into multiple 'stages' but more on that later.	现在连接一个「级间段」。它把火箭分成多个「分级」，这个稍后再细说。		
Tutorial.Sandbox.Step4	Let's add another, larger fuel tank below the Interstage.	在级间段下面再加一个更大的燃料箱。		
Tutorial.Sandbox.Step5	Connect a more powerful engine to this fuel tank.	给这个燃料箱连接一台更强的发动机。		
Tutorial.Sandbox.Step6	We're going to add side boosters, but first we need to add a 'Side Interstage' that it can connect to.	我们要添加侧面助推器，但首先得加一个可供连接的「侧级间段」。		
Tutorial.Sandbox.Step7	Add another fuel tank here. If you have trouble connecting, try dragging your mouse directly on top of the Side Interstage part we just added.	在这里再加一个燃料箱。如果连接困难，试试把鼠标直接拖到我们刚添加的侧级间段零件上。		
Tutorial.Sandbox.Step8	Add another engine under this side fuel tank.	在这个侧燃料箱下面再加一台发动机。		
Tutorial.Sandbox.Step9	Let's add a nose cone to help reduce drag.	添加一个头锥以帮助减小阻力。		
Tutorial.Sandbox.Step10	Now we can enable Symmetry Mode on this part so we can duplicate our work over to the other side.	现在我们可以为这个零件启用对称模式，把成果复制到另一侧。		
Tutorial.Sandbox.Step11	Solar panels are fun, let's add some of those.	太阳能板很有意思，我们也加一些吧。		
Tutorial.Sandbox.Step12	Let's enable Symmetry Mode on this Solar Panel Array to duplicate our work to the other side of the rocket.	为这个太阳能板阵列启用对称模式，把成果复制到火箭另一侧。		
Tutorial.Sandbox.Step13	Like many other parts, the Solar Panel Array is highly customizable.\n	和许多其他零件一样，太阳能板阵列高度可自定义。\n		
Tutorial.Sandbox.Step14StagingText	Staging is normally calculated automatically, but sometimes you need to re-arrange things. I purposely messed up the staging for this rocket, so we'll need to fix it.\n\nThe Pixie Engine shouldn't turn on until after the large boosters have jettisoned. To do that, we need to move it to the last stage.	分级通常会自动计算，但有时需要重新安排。我故意把这枚火箭的分级弄乱了，所以得修好它。\n\n大型助推器抛离之前，Pixie 发动机不应该启动。为此，我们需要把它移到最后一级。		
Tutorial.Sandbox.Step15	Excellent! You have built a multi-stage rocket! You should check out the Flight Tutorial next to learn how to fly this masterpiece!	太棒了！你造出了一枚多级火箭！接下来去看看飞行教程，学习如何驾驶这件杰作！		
Tutorial.FlightTutorial.PressActivationGroupButtonFormat	Press the '{0}. {1}' button to enable it.	按下「{0}. {1}」按钮以启用它。		
Tutorial.FlightTutorial.OpenActivationPanel	Click on the Activation Panel icon on the right to open the Activation Panel.	点击右侧的激活面板图标以打开激活面板。		
Tutorial.FlightTutorial.ShowAnalogSticks	Click on the highlighted button to show the analog sticks.	点击高亮的按钮以显示模拟摇杆。		
Tutorial.FlightTutorial.WaitForApoapsisFormat	Wait until your apoapsis is {0}	等待远拱点达到 {0}		
Tutorial.FlightTutorial.EngageBrakesMobile	Pull the left stick down to engage the brakes.	把左摇杆向下拉以启用刹车。		
Tutorial.FlightTutorial.DisengageBrakesMobile	Release the left stick to disengage the brakes.	松开左摇杆以解除刹车。		
Tutorial.FlightTutorial.EngageBrakes	Press and hold '|Brake;+|' to engage the brakes.	按住「|Brake;+|」以启用刹车。		
Tutorial.FlightTutorial.DisengageBrakes	Release '|Brake;+|' to disengage the brakes.	松开「|Brake;+|」以解除刹车。		
Tutorial.FlightTutorial.WaitForDockingPorts	Great! Now just wait for the docking ports to connect.	很好！现在只需等待对接端口连接。		
Tutorial.FlightTutorial.DockingControlsMobile	Use the left analog stick to move forward and backward. The right stick moves the craft up/down and left/right.	用左摇杆前后移动，右摇杆让载具上下左右移动。		
Tutorial.FlightTutorial.DockingControlsYawBound	Press '|Pitch;+|', '|Pitch;-|', '|Yaw;-|', '|Yaw;+|' to move the craft up, down, left, and right. Press '|SwapRollYaw;+|' to swap Roll and Yaw inputs, then '|Yaw;+|' and '|Yaw;-|' move the craft forward and backward.	按「|Pitch;+|」「|Pitch;-|」「|Yaw;-|」「|Yaw;+|」让载具上下左右移动。按「|SwapRollYaw;+|」交换滚转与偏航输入，然后「|Yaw;+|」和「|Yaw;-|」让载具前后移动。		
Tutorial.FlightTutorial.DockingControlsRollBound	Press '|Roll;+|' and '|Roll;-|' to move the craft forward/backward, '|Pitch;+|' and '|Pitch;-|' to move it up/down. Press '|SwapRollYaw;+|' to swap Roll and Yaw inputs, then '|Roll;-|' and '|Roll;+|' to move it left/right.	按「|Roll;+|」和「|Roll;-|」让载具前进/后退，按「|Pitch;+|」和「|Pitch;-|」让它上升/下降。按「|SwapRollYaw;+|」交换滚转与偏航输入，再用「|Roll;-|」和「|Roll;+|」让它左右移动。		
Tutorial.FlightTutorial.DockingControlsDefault	Press '|Roll;+|' and '|Roll;-|' to move the craft forward and backward. Press '|Yaw;-|', '|Yaw;+|', '|Pitch;+|', and '|Pitch;-|' move the craft left, right, up, and down.	按「|Roll;+|」和「|Roll;-|」让载具前进和后退。按「|Yaw;-|」「|Yaw;+|」「|Pitch;+|」「|Pitch;-|」让载具向左、向右、向上、向下移动。		
Tutorial.FlightTutorial.SelectFastForward	Select Fast Forward (in the top right) to speed things up	选择快进（在右上角）可以加快进程		
Tutorial.FlightTutorial.GravityTurnThrottleUp	The atmosphere is thinner at this altitude, so we can throttle back up to 100%	这个高度的大气更稀薄了，所以我们可以把油门重新推回 100%		
Tutorial.FlightTutorial.GravityTurnThrottleDown	Turn the throttle down so we don't lose too much speed from high drag forces	把油门收小一些，免得过高的阻力让我们损失太多速度		
Tutorial.FlightTutorial.EnableHeadingLock	Click the Lock Heading button to enable Heading Lock.	点击「锁定航向」按钮以启用航向锁定。		
Tutorial.FlightTutorial.DisableHeadingLock	Click the Lock Heading button to disable Heading Lock.	点击「锁定航向」按钮以禁用航向锁定。		
Tutorial.FlightTutorial.LockOnPrograde	Click the Lock Velocity Prograde button on the right to lock your heading on your prograde.	点击右侧的「锁定顺行速度」按钮，把航向锁定到顺行方向。		
Tutorial.FlightTutorial.UnlockFromPrograde	Click the Lock Velocity Prograde button on the right to unlock your heading from prograde.	点击右侧的「锁定顺行速度」按钮，解除航向与顺行方向的锁定。		
Tutorial.FlightTutorial.EnterMapViewMobile	Tap the Toggle Map View button in the upper left to enter Map View	点按左上角的「切换地图视图」按钮进入地图视图		
Tutorial.FlightTutorial.ExitMapViewMobile	Tap the Toggle Map View button in the upper left to exit Map View	点按左上角的「切换地图视图」按钮退出地图视图		
Tutorial.FlightTutorial.EnterMapView	Press the '|ToggleMapView|' key to enter Map View	按「|ToggleMapView|」键进入地图视图		
Tutorial.FlightTutorial.ExitMapView	Press the '|ToggleMapView|' key to exit Map View	按「|ToggleMapView|」键退出地图视图		
Tutorial.FlightTutorial.ZoomOut	Zoom out a little farther	再拉远一点		
Tutorial.FlightTutorial.ZoomIn	Zoom in closer on your craft	拉近些，看清你的载具		
Tutorial.FlightTutorial.SelectPlayer	Click the Select Player button to focus on the player	点击「选择玩家」按钮，把镜头对准玩家		
Tutorial.FlightTutorial.ShowMapViewInspector	Click the button on the right to show the Map View Inspector window	点击右侧的按钮，显示地图视图信息窗口		
Tutorial.FlightTutorial.CloseNavBall	Close the nav ball	关闭导航球		
Tutorial.FlightTutorial.OpenNavBall	Open the nav ball	打开导航球		
Tutorial.FlightTutorial.SwitchToMapMode	Switch to map mode.	切换到地图模式。		
Tutorial.FlightTutorial.SwitchToNavMode	Switch to nav mode.	切换到导航模式。		
Tutorial.FlightTutorial.SetHeadingFormat	Click and drag anywhere on the orange nav circle until your heading is set to {0}°.	在橙色导航圆环上任意处点击并拖动，直到航向设为 {0}°。		
Tutorial.FlightTutorial.SetHeadingEast	Click and drag anywhere on the orange nav circle until your heading is set to 90° (East)	在橙色导航圆环上任意处点击并拖动，直到航向设为 90°（东）		
Tutorial.FlightTutorial.ShowNavSpherePanel	Click the button on the right side of the screen to show the Nav Sphere Panel	点击屏幕右侧的按钮，显示导航球面板		
Tutorial.FlightTutorial.SetPitchFormat	Drag anywhere on the blue nav circle until your pitch is set to {0}°.\nJust line up the blue triangle with the flashing yellow triangle.	在蓝色导航圆环上任意处拖动，直到俯仰设为 {0}°。\n只要让蓝色三角对准闪烁的黄色三角就行。		
Tutorial.FlightTutorial.ShowNavSphere	Click highlighted button to show the Nav Sphere	点击高亮的按钮以显示导航球		
Tutorial.FlightTutorial.HideNavSphere	Click highlighted button to hide the Nav Sphere	点击高亮的按钮以隐藏导航球		
Tutorial.FlightTutorial.UnpauseMobile	Tap the Play button in the top right to un-pause the game and continue	点按右上角的播放按钮解除暂停，继续游戏		
Tutorial.FlightTutorial.Unpause	Press the '|Pause|' key to un-pause the game and continue	按「|Pause|」键解除暂停，继续游戏		
Tutorial.FlightTutorial.SelectDockingPort	Click on the highlighted docking port to select it.	点击高亮的对接口以选中它。		
Tutorial.FlightTutorial.TargetDockingPort	Click the Target Part button to target the docking port.	点击「将零件设为目标」按钮，把对接口设为目标。		
Tutorial.FlightTutorial.WaitForPeriapsisFormat	Wait until your periapsis is {0}	等到你的近拱点达到 {0}		
Tutorial.FlightTutorial.ShowInputSliderFormat	Click '{0}' button to show the input slider	点击「{0}」按钮以显示输入滑块		
Tutorial.FlightTutorial.OpenAddSliderPanel	Open the Add Slider panel in the bottom left	打开左下角的「添加滑块」面板		
Tutorial.FlightTutorial.ActivateStageInstructionMobile	Tap the Activate Stage button in the bottom right	点按右下角的「激活分级」按钮		
Tutorial.FlightTutorial.ActivateStageInstruction	Press '|ActivateStage|'	按「|ActivateStage|」		
Tutorial.FlightTutorial.LockOnTarget	Click the Lock Target button to lock the heading onto the target docking port.	点击「锁定目标」按钮，把航向锁定到目标对接口上。		
Tutorial.FlightTutorial.IncreaseThrottleMobileFormat	Use the throttle slider on the left to increase throttle up to {0}	用左侧的油门滑块把油门加大到 {0}		
Tutorial.FlightTutorial.DecreaseThrottleMobileFormat	Use the throttle slider on the left to decrease throttle down to {0}	用左侧的油门滑块把油门减小到 {0}		
Tutorial.FlightTutorial.KillThrottleController	Press and hold '|Throttle;-|' to kill your throttle completely	按住「|Throttle;-|」把油门彻底关掉		
Tutorial.FlightTutorial.KillThrottle	Press the '|KillThrottle|' key to kill your throttle immediately	按「|KillThrottle|」键立刻关闭油门		
Tutorial.FlightTutorial.IncreaseThrottleFormat	Press and hold '|Throttle;+|' to throttle up to {0}	按住「|Throttle;+|」把油门加大到 {0}		
Tutorial.FlightTutorial.DecreaseThrottleFormat	Press and hold '|Throttle;-|' to throttle down to {0}	按住「|Throttle;-|」把油门减小到 {0}		
Tutorial.FlightTutorial.TimeToApoapsisFormat	Time to apoapsis: {0:n0} seconds	距远拱点：{0:n0} 秒		
Tutorial.FlightTutorial.EnableTranslationMode	Click on the highlighted button to enable Translation Mode.	点击高亮的按钮以启用平移模式。		
Tutorial.FlightTutorial.SelectTimeWarp	Select Time Warp (in the top right) to REALLY speed things up	选择时间加速（在右上角）可以大幅加快进程		
Tutorial.FlightTutorial.AltitudeTooLow	Your altitude dropped too low. Please, try again. You can do it!	你的高度掉得太低了。请再试一次，你可以的！		
Tutorial.FlightTutorial.AnalogDirection.Up	up	上		
Tutorial.FlightTutorial.AnalogDirection.Down	down	下		
Tutorial.FlightTutorial.AnalogDirection.Left	left	左		
Tutorial.FlightTutorial.AnalogDirection.Right	right	右		
Tutorial.FlightTutorial.AnalogInputIncreaseMobileFormat	Slide the thumb stick {0} and increase {1} to {2}.\nCurrent {1}: {3}	把摇杆向{0}推，将{1}加大到{2}。\n当前{1}：{3}		
Tutorial.FlightTutorial.AnalogInputDecreaseMobileFormat	Slide the thumb stick {0} and decrease {1} to {2}.\nCurrent {1}: {3}	把摇杆向{0}推，将{1}减小到{2}。\n当前{1}：{3}		
Tutorial.FlightTutorial.DisplayAnalogSticks	Click the joystick button to display the analog sticks.	点击摇杆按钮以显示模拟摇杆。		
Tutorial.FlightTutorial.SwapRollYaw	Press '|SwapRollYaw;|' to swap the 'Roll' and the 'Yaw' inputs.	按「|SwapRollYaw;|」交换「滚转」与「偏航」输入。		
Tutorial.FlightTutorial.AnalogInputIncreaseFormat	Press and hold '|{0};+|' to increase {1} to {2}.\nCurrent {1}: {3}	按住「|{0};+|」把{1}加大到{2}。\n当前{1}：{3}		
Tutorial.FlightTutorial.AnalogInputDecreaseFormat	Press and hold '|{0};-|' to decrease {1} to {2}.\nCurrent {1}: {3}	按住「|{0};-|」把{1}减小到{2}。\n当前{1}：{3}		
Tutorial.FlightTutorial.PersistentTitle	Flight Tutorial	飞行教程		
Tutorial.FlightTutorial.Step0.Intro	Let me show you how to get this craft into orbit. I may pause the game periodically so you'll have time to adjust the controls.	我来教你把这艘载具送上轨道。我会时不时暂停游戏，好让你有时间调整操作。		
Tutorial.FlightTutorial.Step0.NavSphereExplanation	The Nav Sphere controls your craft's heading. With Heading Lock enabled, your craft always tries to point toward the blue triangle. The white cone is the direction your craft currently points.	导航球控制载具的航向。启用航向锁定后，载具会始终朝蓝色三角所指的方向。白色锥体表示载具当前指向的方向。		
Tutorial.FlightTutorial.Step0.PrepareForBlastOff	Prepare for blast off.	准备发射。		
Tutorial.FlightTutorial.Step0.TimeToBlastOff	Time to blast off!	该发射啦！		
Tutorial.FlightTutorial.Step0.ActivateFirstStage	%ActivateInstruction% to activate your first stage. This will activate your engines.	%ActivateInstruction%，激活第一级。这会点燃你的发动机。		
Tutorial.FlightTutorial.Step1.KeepGoing	Keep going until your altitude is about 1,000m.	继续爬升，直到高度约 1,000m。		
Tutorial.FlightTutorial.Step2.StartGravityTurn	Time to start a 'Gravity Turn' so we can start building up lateral speed while we climb.	该开始「重力转弯」了，这样我们就能在爬升的同时开始积累横向速度。		
Tutorial.FlightTutorial.Step2.ContinueTo5km	Continue like this until your altitude is about 5,000m	就这样保持，直到高度约 5,000m		
Tutorial.FlightTutorial.Step3.AdjustGravityTurn	Adjust your Gravity Turn to help increase our lateral speed.	调整你的重力转弯角度，帮助我们提高横向速度。		
Tutorial.FlightTutorial.Step3.ContinueTo15km	Continue like this until your altitude is about 15,000m. We need a lot of lateral speed to get into orbit.	就这样保持，直到高度约 15,000m。要进入轨道，我们需要大量横向速度。		
Tutorial.FlightTutorial.Step4.AdjustGravityTurnMore	Adjust your Gravity Turn for even more lateral speed.	再调整一下重力转弯，争取更多横向速度。		
Tutorial.FlightTutorial.Step4.ContinueUntilFuelOut	Continue like this until your active engines run out of fuel	就这样保持，直到正在工作的发动机耗尽燃料		
Tutorial.FlightTutorial.Step5.ActivateNextStages	Great! Now it's time to activate the next two stages, which will jettison those empty fuel tanks and then start your next engine.	很好！现在激活接下来的两个分级：先抛掉那些空燃料箱，再启动下一台发动机。		
Tutorial.FlightTutorial.Step5.JettisonStage	%ActivateInstruction% to jettison your empty fuel tanks and engines.	%ActivateInstruction%，抛掉空燃料箱和发动机。		
Tutorial.FlightTutorial.Step5.StartNextEngine	%ActivateInstruction% again to start your next engine.	再%ActivateInstruction%，启动下一台发动机。		
Tutorial.FlightTutorial.Step5.Perfect	Perfect!	完美！		
Tutorial.FlightTutorial.Step6.DoingGreat	You're doing great!	你做得非常好！		
Tutorial.FlightTutorial.Step6.LookAtMapView	Now, let's take a look at Map View.	现在，我们来看看地图视图。		
Tutorial.FlightTutorial.Step6.MapViewIntro	This is the Map View. First, let's zoom in on your craft.	这就是地图视图。先拉近镜头，对准你的载具。		
Tutorial.FlightTutorial.Step6.ApoapsisExplanation	The blue cone is your craft and the blue line is your predicted trajectory/orbit. The green arrow is your 'apoapsis,' the highest point along your orbit.	蓝色锥体就是你的载具，蓝线是预测的轨迹/轨道。绿色箭头是你的「远拱点」，也就是整条轨道上的最高点。		
Tutorial.FlightTutorial.Step7.KillEnginesAndWait	Awesome! Now we need to kill the engines and wait.	太棒了！现在我们要关掉发动机，然后等待。		
Tutorial.FlightTutorial.Step7.WaitForApoapsisBurn	Wait until we are 30 seconds from the apoapsis to do our next burn	等到距远拱点还有 30 秒时，再进行下一次点火		
Tutorial.FlightTutorial.Step7.ThanksForPlaying	While we're waiting, I just wanted to say thanks for playing our game.	趁等待的工夫，我只想说一句：感谢你玩我们的游戏。		
Tutorial.FlightTutorial.Step8.LockOnPrograde	Now we need to Heading Lock our 'prograde.' Prograde just means the direction the craft is moving. This ensures we burn efficiently as we reach the peak of our orbit.	现在我们要把航向锁定到「顺行」方向。顺行就是载具正在运动的方向，这样能保证我们在轨道最高点处点火最高效。		
Tutorial.FlightTutorial.Step8.ContinueUntilFuelOut	Continue like this until your engine runs out of fuel.	就这样保持，直到发动机耗尽燃料。		
Tutorial.FlightTutorial.Step9.JettisonStage	%ActivateInstruction% to jettison your empty fuel tank and engine.	%ActivateInstruction%，抛掉空的燃料箱和发动机。		
Tutorial.FlightTutorial.Step9.StartLastEngine	%ActivateInstruction% again to start your last engine.	再%ActivateInstruction%，启动最后一台发动机。		
Tutorial.FlightTutorial.Step9.Excellent	Excellent!	好极了！		
Tutorial.FlightTutorial.Step10.PeriapsisExplanation	We're almost there. Now burn until the orange 'periapsis' arrow shows up. The periapsis is the lowest point in our orbit, and we want it well above the atmosphere.	我们就快到了。现在持续点火，直到橙色的「近拱点」箭头出现。近拱点是轨道上的最低点，我们要让它远高于大气层。		
Tutorial.FlightTutorial.Step10.ContinueBurning	Continue burning until the orange 'periapsis' arrow appears and is well above the atmosphere.	持续点火，直到橙色的「近拱点」箭头出现并且远高于大气层。		
Tutorial.FlightTutorial.Step11.YouDidIt	You did it! Now kill your engines.	你成功了！现在关掉发动机。		
Tutorial.FlightTutorial.Step11.ActivateSolarPanels	Now let's activate those fancy solar panels	现在把那几块漂亮的太阳能板展开吧		
Ui.AccountDialog.PasswordTooShort	Password must be at least 6 characters long.	密码长度至少为 6 个字符。		
Ui.AccountDialog.RequestFailed	The request failed. Please ensure you have Internet access and try again.	请求失败。请确认你已联网，然后重试。		
Ui.AccountDialog.RequiresModsDisabled	All mods must be disabled and the game restarted to log into an account. After logging in, you can re-enable mods and should remain logged in.	要登录账号，必须禁用所有模组并重启游戏。登录后，你可以重新启用模组，并且应当保持登录状态。		
Ui.AccountDialog.Sending	SENDING...	发送中……		
Ui.AxisCalibrator.CalibrateRange	Calibrate Range	校准范围		
Ui.AxisCalibrator.CalibrateZero	Calibrate Zero	校准零点		
Ui.AxisCalibrator.RangePrompt	Move {0} through its entire range then press any button or wait for the timer to finish.	将 {0} 推过它的整个行程范围，然后按任意按钮，或等待计时结束。		
Ui.AxisCalibrator.ZeroPrompt	Center or zero {0} and press any button or wait for the timer to finish.	将 {0} 归中或归零，然后按任意按钮，或等待计时结束。		
Ui.FpsCounter.Avg	AVG: 	平均: 		
Ui.FpsCounter.Bodies	BODIES: 	天体: 		
Ui.FpsCounter.Cpu	CPU: 	CPU: 		
Ui.FpsCounter.Crafts	CRAFTS: 	载具: 		
Ui.FpsCounter.Fps	FPS: 	FPS: 		
Ui.FpsCounter.Gpu	GPU: 	GPU: 		
Ui.FpsCounter.Low	1% LOW: 	1% 低帧: 		
Ui.FpsCounter.Max	MAX: 	最大: 		
Ui.FpsCounter.MemAllocated	MEM ALLOC: 	已分配内存: 		
Ui.FpsCounter.MemMono	MEM MONO: 	MONO 内存: 		
Ui.FpsCounter.MemTotal	MEM TOTAL: 	总内存: 		
Ui.FpsCounter.Min	MIN: 	最小: 		
Ui.FpsCounter.Model	Model: 	型号: 		
Ui.FpsCounter.Ms	MS	MS		
Ui.FpsCounter.Os	OS: 	系统: 		
Ui.FpsCounter.Ram	RAM: 	RAM: 		
Ui.FpsCounter.Screen	SCR: 	屏幕: 		
Ui.HeaderFontPath	Ui/Fonts/Pirulen/pirulen rg SDF	Ui/Fonts/Pirulen/pirulen rg SDF		
Ui.HeaderFontStyle	Normal	Normal		
Ui.PrimaryFontPath	Ui/Fonts/Roboto/Roboto-Regular SDF	ZH-Hei		
Units.Acceleration.Abbrev.FeetPerSecondSquared	ft/s2	ft/s2		
Units.Acceleration.Abbrev.MetersPerSecondSquared	m/s2	m/s2		
Units.Angle.Abbrev.Degree	°	°		
Units.AngularVelocity.Abbrev.DegreesPerSecond	deg/s	deg/s		
Units.Coordinates.Altitude	Altitude	高度		
Units.Coordinates.East	E	东		
Units.Coordinates.North	N	北		
Units.Coordinates.South	S	南		
Units.Coordinates.West	W	西		
Units.Density.Abbrev.GramsPerCubicMeter	g/m3	g/m3		
Units.Distance.Abbrev.Foot	ft	ft		
Units.Distance.Abbrev.FootArea	ft2	ft2		
Units.Distance.Abbrev.Meter	m	m		
Units.Distance.Abbrev.MeterArea	m2	m2		
Units.Distance.Feet	feet	英尺		
Units.Distance.FeetUpper	Feet	英尺		
Units.Distance.Meters	meters	米		
Units.Distance.MetersUpper	Meters	米		
Units.Energy.Abbrev.WattHour	Wh	Wh		
Units.Force.Abbrev.Newton	N	N		
Units.Force.Abbrev.PoundForce	lbf	lbf		
Units.Mass.Abbrev.Gram	g	g		
Units.Mass.Abbrev.Pound	lbs	lbs		
Units.Mass.Abbrev.Tonne	t	t		
Units.MassFlowRate.Abbrev.GramsPerSecond	g/s	g/s		
Units.MassFlowRate.Abbrev.PoundsPerSecond	lbs/s	lbs/s		
Units.Memory.Abbrev.Byte	B	B		
Units.Memory.Abbrev.Bytes	bytes	字节		
Units.MetricPrefix.Centi	c	c		
Units.MetricPrefix.Giga	G	G		
Units.MetricPrefix.Kilo	k	k		
Units.MetricPrefix.Mega	M	M		
Units.MetricPrefix.Milli	m	m		
Units.Money.Abbrev.Billion	B	B		
Units.Money.Abbrev.Million	M	M		
Units.Money.Abbrev.Thousand	k	k		
Units.Money.Symbol	$	$		
Units.NotAvailable	N/A	不可用		
Units.Power.Abbrev.Watt	W	W		
Units.Pressure.Abbrev.Pascal	Pa	Pa		
Units.Ratio.Abbrev.Times	x	x		
Units.Temperature.Abbrev.Celsius	°C	°C		
Units.Temperature.Abbrev.Fahrenheit	°F	°F		
Units.Time.Abbrev.Day	d	d		
Units.Time.Abbrev.Hour	h	h		
Units.Time.Abbrev.Minute	min	min		
Units.Time.Abbrev.MinuteCompact	m	m		
Units.Time.Abbrev.Second	s	s		
Units.Time.Abbrev.Year	y	y		
Units.Time.Days	days	天		
Units.Time.Hours	hours	小时		
Units.Time.Years	years	年		
Units.Torque.Abbrev.NewtonMeter	Nm	Nm		
Units.Velocity.Abbrev.MetersPerSecond	m/s	m/s		
Units.Velocity.Abbrev.MilesPerHour	mph	mph		
Units.Volume.Abbrev.Gallon	gal	gal		
Units.Volume.Abbrev.Liter	L	L		
Upload.AccountLoginPrompt	Login / Register	登录 / 注册		
Upload.BugReport.DescriptionLabel	Description / steps to reproduce...	描述 / 复现步骤……		
Upload.BugReport.NameLabel	Bug Title	问题标题		
Upload.BugReport.Title	Submit Bug Report	提交问题报告		
Upload.ContentResult.CommunicationFailure	Failed to upload. Please verify your Internet connection and try again.	上传失败。请检查网络连接后重试。		
Upload.Craft.Account.Label	Account	账号		
Upload.Craft.DefaultDescriptionLabel	Craft Description	载具描述		
Upload.Craft.DefaultNameLabel	Craft Name	载具名称		
Upload.Craft.DefaultTitle	Upload Craft	上传载具		
Upload.Craft.DescriptionPlaceholder	Craft Description	载具描述		
Upload.Craft.Screenshots.Title	SCREENSHOTS	截图		
Upload.Craft.Title	UPLOAD CRAFT	上传载具		
Upload.Craft.UploadButton	UPLOAD	上传		
Upload.Craft.Visibility.Label	Visibility	可见性		
Upload.Craft.Visibility.Public	Public	公开		
Upload.Craft.Visibility.Public.Tooltip	Your upload will be visible to everyone.	你的上传内容将对所有人可见。		
Upload.Craft.Visibility.Unlisted	Unlisted	不公开		
Upload.Craft.Visibility.Unlisted.Tooltip	Your upload is only visible to people that you give the link to.	只有你给出链接的人才能看到你的上传内容。		
Upload.Error.DescriptionTooShortFormat	Your description must be at least {0} characters long.	描述至少需要 {0} 个字符。		
Upload.Error.MissingScreenshot	You must provide the required screenshot.	你必须提供所需的截图。		
Upload.Error.NameRequired	Please enter a name for the upload.	请为要上传的内容输入名称。		
Upload.Error.NoAccount	You need to login and/or create an account.	你需要登录和/或创建一个账号。		
Upload.Error.UnexpectedFailureFormat	An unexpected failure occurred: {0}	发生了意外错误：{0}		
Upload.PlanetarySystem.CelestialFileMissing	An error occurred trying to upload the planetary system. The celestial file could not be found.	上传行星系时出错。找不到该天体文件。		
Upload.PlanetarySystem.DescriptionLabel	Planetary System Description	行星系描述		
Upload.PlanetarySystem.Error.AlreadyUploaded	The planetary system has already been uploaded.	该行星系已经上传过了。		
Upload.PlanetarySystem.Error.CelestialBodiesNotUploaded	Can't upload the planetary system because {0} of the celestial bodies haven't been uploaded yet. Would you like to load the next celestial body now so it can be uploaded?	无法上传行星系，因为还有 {0} 个天体尚未上传。要现在载入下一个天体，好让它被上传吗？		
Upload.PlanetarySystem.Error.NoPlanetarySystem	No planetary system is loaded.	没有载入任何行星系。		
Upload.PlanetarySystem.Error.SaveFailed	An error occurred saving the planetary system: {0}	保存行星系时出错：{0}		
Upload.PlanetarySystem.Error.SupportFileNotFound	Unable to find the support file for the planetary system: {0}	找不到该行星系的支持文件：{0}		
Upload.PlanetarySystem.Error.UploadSucceededButResaveFailed	The upload succeeded but re-saving the planetary system failed. Successor information may be incorrect if you continue to make changes and upload again.	上传成功，但重新保存行星系失败。如果你继续修改并再次上传，后继信息可能会不正确。		
Upload.PlanetarySystem.Status.MustSave	The planetary system must be saved before uploading. Please enter a file name to save it.	行星系必须先保存才能上传。请输入文件名以保存它。		
Upload.PlanetarySystem.Status.Preparing	Preparing planetary system...	正在准备行星系……		
Upload.PlanetarySystem.Status.Saving	Saving planetary system...	正在保存行星系……		
Upload.PlanetarySystem.Title	Upload Planetary System	上传行星系		
Upload.Processing	Processing...	处理中……		
Upload.ProgressFormat	Uploading: {0}%	上传中：{0}%		
Upload.Status.CredentialsProblem	There was a problem with your login credentials. Please log back in and try again.	你的登录凭据有问题。请重新登录后再试。		
Upload.Status.DeterminingFiles	Determining files to upload...	正在确定要上传哪些文件……		
Upload.Status.FileSizeExceeded	One or more files are larger than the {0} size limit.	有一个或多个文件超过了 {0} 的大小上限。		
Upload.Status.PreparingFiles	Preparing files to upload...	正在准备要上传的文件……		
Upload.Status.QueryingParameters	Querying upload parameters...	正在查询上传参数……		
Upload.Status.TotalSizeExceeded	The combined upload size is {0}, which is greater than the {1} size limit.	上传总大小为 {0}，超过了 {1} 的大小上限。		
Upload.Status.TotalSizeWarning	Total estimated upload size is {0}	预计上传总大小为 {0}		
Upload.Status.UploadingFiles	Uploading files... {0:F1}%	正在上传文件…… {0:F1}%		
Upload.Status.ValidatingCredentials	Validating credentials...	正在验证凭据……		
Upload.Unlisted.UpgradeMessageFormat	Upgrade to the {0} to unlock the ability to upload content as unlisted.	升级到{0}，即可解锁以「不公开」方式上传内容的功能。		
Upload.Verify.ContactingServer	Contacting Server...	正在连接服务器……		
Upload.Verify.MultipleResults	Unable to determine if the planetary system exists on the server. Check resources returned more than one result.	无法确定该行星系是否存在于服务器上。检查资源返回了多个结果。		
Upload.Verify.MustUploadPlanetarySystemFirst	Unable to proceed. The current planetary system and its celestial bodies must be uploaded to the website first.	无法继续。当前行星系及其天体必须先在网站上上传。		
Upload.Verify.UnableToCheckPlanetarySystem	Unable to determine the current planetary system.	无法确定当前的行星系。		
Upload.Verify.ZeroResults	Unable to determine if the planetary system exists on the server. Check resources returned zero results.	无法确定该行星系是否存在于服务器上。检查资源没有返回任何结果。		
UploadCelestialBody.AlreadyUploadedError	The celestial body has already been uploaded.	该天体已经上传过了。		
UploadCelestialBody.ContinueButton	Continue	继续		
UploadCelestialBody.DescriptionLabel	Celestial Body Description	天体描述		
UploadCelestialBody.EquirectangularMapError	Unable to generate the equirectangular map for the celestial body.	无法为该天体生成等距柱状投影图。		
UploadCelestialBody.MissingSupportFilesErrorFormat	Unable to find all support files for the celestial body. {0}{1}	无法找到该天体的全部支持文件。{0}{1}		
UploadCelestialBody.NameLabel	Celestial Body Name	天体名称		
UploadCelestialBody.NoCelestialBodyLoaded	No celestial body is loaded.	没有载入任何天体。		
UploadCelestialBody.ProgressGeneratingImages	Generating Images	正在生成图像		
UploadCelestialBody.ProgressPreparing	Preparing celestial body...	正在准备天体……		
UploadCelestialBody.ProgressSaving	Saving celestial body...	正在保存天体……		
UploadCelestialBody.ResaveFailedError	The upload succeeded but re-saving the celestial body failed. Successor information may be incorrect if you continue to make changes and upload again.	上传成功，但重新保存天体失败。如果你继续修改并再次上传，后继信息可能会不正确。		
UploadCelestialBody.SaveBeforeUploadPrompt	The celestial body must be saved before uploading. Please enter a file name to save it.	天体必须先保存才能上传。请输入文件名以保存它。		
UploadCelestialBody.SaveErrorFormat	An error occurred saving the celestial body: {0}	保存天体时出错：{0}		
UploadCelestialBody.Title	Upload Celestial Body	上传天体		
UploadCelestialBody.TotalSizeTooLargeErrorFormat	The combined upload size is {0}, which is greater than the {1} size limit.	上传总大小为 {0}，超过了 {1} 的大小上限。		
Url.Download.PlanetarySystemSuccessMessage	Download Succeeded!\n\nTo start a new game using this system, select 'New Game' in the main menu. In the new game dialog, select the Planetary System button, then choose this system from the list.	下载成功！\n\n要用这个行星系开始新游戏，请在主菜单中选择「新游戏」。在新游戏对话框里选择「行星系」按钮，然后从列表中选择该系统。		
Url.Download.PromptFormat	Click Okay to begin downloading the {0}.	点击「确定」开始下载{0}。		
Url.Download.ResourceType.CelestialBody	celestial body	天体		
Url.Download.ResourceType.Craft	craft	载具		
Url.Download.ResourceType.PlanetarySystem	planetary system	行星系		
Url.Download.ResourceType.Resource	resource	资源		
Url.Download.ResourceType.Sandbox	sandbox	沙盒		
Url.NoUrlInClipboard	Could not find valid craft or sandbox URL in your clipboard text. Please, ensure you have the entire URL in your clipboard.	剪贴板文本里找不到有效的载具或沙盒链接。请确保剪贴板中包含完整的链接。		
Utilities.RelativeDate.AMinuteAgo	a minute ago	一分钟前		
Utilities.RelativeDate.AnHourAgo	an hour ago	一小时前		
Utilities.RelativeDate.DaysAgo	{0} days ago	{0} 天前		
Utilities.RelativeDate.HoursAgo	{0} hours ago	{0} 小时前		
Utilities.RelativeDate.MinutesAgo	{0} minutes ago	{0} 分钟前		
Utilities.RelativeDate.MonthsAgo	{0} months ago	{0} 个月前		
Utilities.RelativeDate.OneMonthAgo	one month ago	一个月前		
Utilities.RelativeDate.OneSecondAgo	one second ago	一秒前		
Utilities.RelativeDate.OneYearAgo	one year ago	一年前		
Utilities.RelativeDate.SecondsAgo	{0} seconds ago	{0} 秒前		
Utilities.RelativeDate.YearsAgo	{0} years ago	{0} 年前		
Utilities.RelativeDate.Yesterday	yesterday	昨天		
Vizzy.CraftProperty.Altitude.AGL	AGL	AGL		
Vizzy.CraftProperty.Altitude.ASF	ASF	ASF		
Vizzy.CraftProperty.Altitude.ASL	ASL	ASL		
Vizzy.CraftProperty.Atmosphere.AirDensity	Air Density	空气密度		
Vizzy.CraftProperty.Atmosphere.AirPressure	Air Pressure	气压		
Vizzy.CraftProperty.Atmosphere.Composition	Composition	成分		
Vizzy.CraftProperty.Atmosphere.Elements	Elements	元素		
Vizzy.CraftProperty.Atmosphere.SpeedOfSound	Speed of Sound	音速		
Vizzy.CraftProperty.Atmosphere.Temperature	Temperature	温度		
Vizzy.CraftProperty.Craft.Altitude	Altitude	高度		
Vizzy.CraftProperty.Craft.Apoapsis	Orbit Apoapsis	轨道远拱点		
Vizzy.CraftProperty.Craft.ApoapsisTime	Orbit Apoapsis Time	轨道远拱点时间		
Vizzy.CraftProperty.Craft.BoundMax	Bounding Box Max	包围盒最大值		
Vizzy.CraftProperty.Craft.BoundMin	Bounding Box Min	包围盒最小值		
Vizzy.CraftProperty.Craft.Destroyed	Destroyed	已摧毁		
Vizzy.CraftProperty.Craft.Eccentricity	Orbit Eccentricity	轨道偏心率		
Vizzy.CraftProperty.Craft.Grounded	Grounded	已接地		
Vizzy.CraftProperty.Craft.IDToName	Name	名称		
Vizzy.CraftProperty.Craft.Inclination	Orbit Inclination	轨道倾角		
Vizzy.CraftProperty.Craft.IsPlayer	Is Player	是玩家		
Vizzy.CraftProperty.Craft.Mass	Mass	质量		
Vizzy.CraftProperty.Craft.MeanAnomaly	Orbit Mean Anomaly	轨道平近点角		
Vizzy.CraftProperty.Craft.MeanMotion	Orbit Mean Motion	轨道平均运动		
Vizzy.CraftProperty.Craft.NameToID	ID	ID		
Vizzy.CraftProperty.Craft.PartCount	Part Count	零件数		
Vizzy.CraftProperty.Craft.Periapsis	Orbit Periapsis	轨道近拱点		
Vizzy.CraftProperty.Craft.PeriapsisArgument	Orbit Periapsis Argument	轨道近拱点幅角		
Vizzy.CraftProperty.Craft.PeriapsisTime	Orbit Periapsis Time	轨道近拱点时间		
Vizzy.CraftProperty.Craft.Period	Orbit Period	轨道周期		
Vizzy.CraftProperty.Craft.Planet	Planet	行星		
Vizzy.CraftProperty.Craft.Position	Position	位置		
Vizzy.CraftProperty.Craft.RightAscension	Orbit Right Ascension	轨道赤经		
Vizzy.CraftProperty.Craft.SemiMajorAxis	Orbit Semi Major Axis	轨道半长轴		
Vizzy.CraftProperty.Craft.SemiMinorAxis	Orbit Semi Minor Axis	轨道半短轴		
Vizzy.CraftProperty.Craft.TrueAnomaly	Orbit True Anomaly	轨道真近点角		
Vizzy.CraftProperty.Craft.Velocity	Velocity	速度		
Vizzy.CraftProperty.Fuel.AllStages	All Stages	全部分级		
Vizzy.CraftProperty.Fuel.Battery	Battery	电池		
Vizzy.CraftProperty.Fuel.FuelInStage	Stage	分级		
Vizzy.CraftProperty.Fuel.Mono	Mono	单组元		
Vizzy.CraftProperty.Input.Brake	Brake	刹车		
Vizzy.CraftProperty.Input.Pitch	Pitch	俯仰		
Vizzy.CraftProperty.Input.Roll	Roll	滚转		
Vizzy.CraftProperty.Input.Slider1	Slider 1	滑块 1		
Vizzy.CraftProperty.Input.Slider2	Slider 2	滑块 2		
Vizzy.CraftProperty.Input.Slider3	Slider 3	滑块 3		
Vizzy.CraftProperty.Input.Slider4	Slider 4	滑块 4		
Vizzy.CraftProperty.Input.Throttle	Throttle	油门		
Vizzy.CraftProperty.Input.TranslateForward	Translate Forward	平移前进		
Vizzy.CraftProperty.Input.TranslateRight	Translate Right	平移右移		
Vizzy.CraftProperty.Input.TranslateUp	Translate Up	平移上升		
Vizzy.CraftProperty.Input.TranslationMode	Translation Mode	平移模式		
Vizzy.CraftProperty.Input.Yaw	Yaw	偏航		
Vizzy.CraftProperty.Mfd.AnchoredPosition	Anchored Position	锚定位置		
Vizzy.CraftProperty.Mfd.AnchorMax	Anchor Max	锚点最大值		
Vizzy.CraftProperty.Mfd.AnchorMin	Anchor Min	锚点最小值		
Vizzy.CraftProperty.Mfd.Color	Color	颜色		
Vizzy.CraftProperty.Mfd.Create.Ellipse	Ellipse	椭圆		
Vizzy.CraftProperty.Mfd.Create.Label	Label	标签		
Vizzy.CraftProperty.Mfd.Create.Line	Line	直线		
Vizzy.CraftProperty.Mfd.Create.Map	Map	地图		
Vizzy.CraftProperty.Mfd.Create.Navball	Navball	导航球		
Vizzy.CraftProperty.Mfd.Create.RadialGauge	Radial Gauge	径向仪表		
Vizzy.CraftProperty.Mfd.Create.Rectangle	Rectangle	矩形		
Vizzy.CraftProperty.Mfd.Create.Texture	Texture	贴图		
Vizzy.CraftProperty.Mfd.Destroy	Destroy Widget	销毁控件		
Vizzy.CraftProperty.Mfd.Destroy.All	Destroy All Widgets	销毁全部控件		
Vizzy.CraftProperty.Mfd.DisplayToLocal	Display to Local	显示→本地		
Vizzy.CraftProperty.Mfd.Event.Drag	Drag	拖拽		
Vizzy.CraftProperty.Mfd.Event.PointerClick	Click	点击		
Vizzy.CraftProperty.Mfd.Event.PointerDown	Pointer Down	指针按下		
Vizzy.CraftProperty.Mfd.Event.PointerUp	Pointer Up	指针抬起		
Vizzy.CraftProperty.Mfd.Event.SetDrag	Drag	拖拽		
Vizzy.CraftProperty.Mfd.Event.SetPointerClick	Click	点击		
Vizzy.CraftProperty.Mfd.Event.SetPointerDown	Pointer Down	指针按下		
Vizzy.CraftProperty.Mfd.Event.SetPointerUp	Pointer Up	指针抬起		
Vizzy.CraftProperty.Mfd.Exists	Exists	存在		
Vizzy.CraftProperty.Mfd.Gauge.BackgroundColor	Background Color	背景颜色		
Vizzy.CraftProperty.Mfd.Gauge.FillColor	Color	颜色		
Vizzy.CraftProperty.Mfd.Gauge.SetBackgroundColor	Background Color	背景颜色		
Vizzy.CraftProperty.Mfd.Gauge.SetFillColor	Color	颜色		
Vizzy.CraftProperty.Mfd.Gauge.SetText	Text	文本		
Vizzy.CraftProperty.Mfd.Gauge.SetTextColor	Text Color	文本颜色		
Vizzy.CraftProperty.Mfd.Gauge.SetValue	Value	数值		
Vizzy.CraftProperty.Mfd.Gauge.Text	Text	文本		
Vizzy.CraftProperty.Mfd.Gauge.TextColor	Text Color	文本颜色		
Vizzy.CraftProperty.Mfd.Gauge.Value	Value	数值		
Vizzy.CraftProperty.Mfd.Label.Alignment	Alignment	对齐方式		
Vizzy.CraftProperty.Mfd.Label.AutoSize	Auto Size	自动大小		
Vizzy.CraftProperty.Mfd.Label.FontSize	Font Size	字号		
Vizzy.CraftProperty.Mfd.Label.SetAlignment.BottomCenter	Bottom Center	底部居中		
Vizzy.CraftProperty.Mfd.Label.SetAlignment.BottomLeft	Bottom Left	左下		
Vizzy.CraftProperty.Mfd.Label.SetAlignment.BottomRight	Bottom Right	右下		
Vizzy.CraftProperty.Mfd.Label.SetAlignment.Center	Center	居中		
Vizzy.CraftProperty.Mfd.Label.SetAlignment.Left	Left	左		
Vizzy.CraftProperty.Mfd.Label.SetAlignment.Right	Right	右		
Vizzy.CraftProperty.Mfd.Label.SetAlignment.TopCenter	Top Center	顶部居中		
Vizzy.CraftProperty.Mfd.Label.SetAlignment.TopLeft	Top Left	左上		
Vizzy.CraftProperty.Mfd.Label.SetAlignment.TopRight	Top Right	右上		
Vizzy.CraftProperty.Mfd.Label.SetAutoSize	Auto Size	自动大小		
Vizzy.CraftProperty.Mfd.Label.SetFontSize	Font Size	字号		
Vizzy.CraftProperty.Mfd.Label.SetText	Text	文本		
Vizzy.CraftProperty.Mfd.Label.Text	Text	文本		
Vizzy.CraftProperty.Mfd.Line.SetLength	Length	长度		
Vizzy.CraftProperty.Mfd.Line.SetLinePoints	Line Points	线段点		
Vizzy.CraftProperty.Mfd.Line.SetThickness	Thickness	粗细		
Vizzy.CraftProperty.Mfd.LocaltoDisplay	Local to Display	本地→显示		
Vizzy.CraftProperty.Mfd.Map.Coordinates	Coordinates	坐标		
Vizzy.CraftProperty.Mfd.Map.Heading	Heading	航向		
Vizzy.CraftProperty.Mfd.Map.ManualMode	Manual Mode	手动模式		
Vizzy.CraftProperty.Mfd.Map.NorthUp	North Up	北向朝上		
Vizzy.CraftProperty.Mfd.Map.PlanetName	Planet	行星		
Vizzy.CraftProperty.Mfd.Map.Zoom	Zoom	缩放		
Vizzy.CraftProperty.Mfd.Navball.BottomColor	Bottom Color	底部颜色		
Vizzy.CraftProperty.Mfd.Navball.TopColor	Top Color	顶部颜色		
Vizzy.CraftProperty.Mfd.Opacity	Opacity	不透明度		
Vizzy.CraftProperty.Mfd.Order.SendToBack	Send Behind	置于下层		
Vizzy.CraftProperty.Mfd.Order.SendToFront	Bring to Front	置于顶层		
Vizzy.CraftProperty.Mfd.Parent	Parent	父级		
Vizzy.CraftProperty.Mfd.Pivot	Pivot	轴心		
Vizzy.CraftProperty.Mfd.Position	Position	位置		
Vizzy.CraftProperty.Mfd.Rotation	Rotation	旋转		
Vizzy.CraftProperty.Mfd.Scale	Scale	缩放		
Vizzy.CraftProperty.Mfd.SetAnchoredPosition	Anchored Position	锚定位置		
Vizzy.CraftProperty.Mfd.SetAnchorMax	Anchor Max	锚点最大值		
Vizzy.CraftProperty.Mfd.SetAnchorMin	Anchor Min	锚点最小值		
Vizzy.CraftProperty.Mfd.SetColor	Color	颜色		
Vizzy.CraftProperty.Mfd.SetOpacity	Opacity	不透明度		
Vizzy.CraftProperty.Mfd.SetParent	Parent	父级		
Vizzy.CraftProperty.Mfd.SetPivot	Pivot	轴心		
Vizzy.CraftProperty.Mfd.SetPosition	Position	位置		
Vizzy.CraftProperty.Mfd.SetRotation	Rotation	旋转		
Vizzy.CraftProperty.Mfd.SetScale	Scale	缩放		
Vizzy.CraftProperty.Mfd.SetSize	Size	大小		
Vizzy.CraftProperty.Mfd.SetVisible	Visible	可见		
Vizzy.CraftProperty.Mfd.Size	Size	大小		
Vizzy.CraftProperty.Mfd.Sprite.FillAmount	Fill Amount	填充量		
Vizzy.CraftProperty.Mfd.Sprite.FillMethod	Fill Method	填充方式		
Vizzy.CraftProperty.Mfd.Sprite.Icon	Icon	图标		
Vizzy.CraftProperty.Mfd.Sprite.SetFillAmount	Fill Amount	填充量		
Vizzy.CraftProperty.Mfd.Sprite.SetFillMethod	Fill Method	填充方式		
Vizzy.CraftProperty.Mfd.Sprite.SetIcon	Icon	图标		
Vizzy.CraftProperty.Mfd.Texture.DrawBox	Draw Box	绘制方框		
Vizzy.CraftProperty.Mfd.Texture.DrawLine	Draw Line	绘制直线		
Vizzy.CraftProperty.Mfd.Texture.DrawTri	Draw Triangle	绘制三角		
Vizzy.CraftProperty.Mfd.Texture.GetPixel	Get Pixel	获取像素		
Vizzy.CraftProperty.Mfd.Texture.GetPixelAlpha	Get Pixel Alpha	获取像素 Alpha		
Vizzy.CraftProperty.Mfd.Texture.Initialize	Initialize	初始化		
Vizzy.CraftProperty.Mfd.Texture.SetPixel	Set Pixel	设置像素		
Vizzy.CraftProperty.Mfd.Visible	Visible	可见		
Vizzy.CraftProperty.Mfd.Widget.SetAnchor.BottomCenter	Bottom Center	底部居中		
Vizzy.CraftProperty.Mfd.Widget.SetAnchor.BottomLeft	Bottom Left	左下		
Vizzy.CraftProperty.Mfd.Widget.SetAnchor.BottomRight	Bottom Right	右下		
Vizzy.CraftProperty.Mfd.Widget.SetAnchor.Center	Center	居中		
Vizzy.CraftProperty.Mfd.Widget.SetAnchor.Left	Left	左		
Vizzy.CraftProperty.Mfd.Widget.SetAnchor.Right	Right	右		
Vizzy.CraftProperty.Mfd.Widget.SetAnchor.TopCenter	Top Center	顶部居中		
Vizzy.CraftProperty.Mfd.Widget.SetAnchor.TopLeft	Top Left	左上		
Vizzy.CraftProperty.Mfd.Widget.SetAnchor.TopRight	Top Right	右上		
Vizzy.CraftProperty.Misc.CameraPointing	User Camera Pointing	用户相机指向		
Vizzy.CraftProperty.Misc.CameraPosition	User Camera Position	用户相机位置		
Vizzy.CraftProperty.Misc.CameraUp	User Camera Up Direction	用户相机上方向		
Vizzy.CraftProperty.Misc.Grounded	Grounded	已接地		
Vizzy.CraftProperty.Misc.NumStages	Num Stages	分级数		
Vizzy.CraftProperty.Misc.PidPitch	Pitch PIDs	俯仰 PID		
Vizzy.CraftProperty.Misc.PidRoll	Roll PIDs	滚转 PID		
Vizzy.CraftProperty.Misc.SolarRadiation	Solar Radiation	太阳辐射		
Vizzy.CraftProperty.Misc.Stage	Stage	分级		
Vizzy.CraftProperty.Name.Craft	Craft	载具		
Vizzy.CraftProperty.Nav.AngleOfAttack	Angle of Attack	攻角		
Vizzy.CraftProperty.Nav.AutopilotHeading	Autopilot Heading	自动驾驶航向		
Vizzy.CraftProperty.Nav.AutopilotPitch	Autopilot Pitch	自动驾驶俯仰		
Vizzy.CraftProperty.Nav.BankAngle	Bank Angle	倾侧角		
Vizzy.CraftProperty.Nav.CraftDirection	Craft Roll Axis	载具滚转轴		
Vizzy.CraftProperty.Nav.CraftHeading	Heading	航向		
Vizzy.CraftProperty.Nav.CraftRight	Craft Pitch Axis	载具俯仰轴		
Vizzy.CraftProperty.Nav.CraftUp	Craft Yaw Axis	载具偏航轴		
Vizzy.CraftProperty.Nav.East	East	东		
Vizzy.CraftProperty.Nav.North	North	北		
Vizzy.CraftProperty.Nav.Pitch	Pitch	俯仰		
Vizzy.CraftProperty.Nav.Position	Position	位置		
Vizzy.CraftProperty.Nav.SideSlip	Side Slip	侧滑		
Vizzy.CraftProperty.Orbit.Apoapsis	Apoapsis	远拱点		
Vizzy.CraftProperty.Orbit.Eccentricity	Eccentricity	偏心率		
Vizzy.CraftProperty.Orbit.Inclination	Inclination	倾角		
Vizzy.CraftProperty.Orbit.Periapsis	Periapsis	近拱点		
Vizzy.CraftProperty.Orbit.Period	Period	周期		
Vizzy.CraftProperty.Orbit.Planet	Planet	行星		
Vizzy.CraftProperty.Orbit.TimeToApoapsis	Time To Apoapsis	距远拱点时间		
Vizzy.CraftProperty.Orbit.TimeToPeriapsis	Time To Periapsis	距近拱点时间		
Vizzy.CraftProperty.Part.Activated	Activated	已激活		
Vizzy.CraftProperty.Part.Drag	Drag	阻力		
Vizzy.CraftProperty.Part.DryMass	Dry Mass	干重		
Vizzy.CraftProperty.Part.FuelTransfer	Fuel Transfer	燃料传输		
Vizzy.CraftProperty.Part.IDToName	Name	名称		
Vizzy.CraftProperty.Part.LocalToPci	Local to PCI	本地→PCI		
Vizzy.CraftProperty.Part.Mass	Mass	质量		
Vizzy.CraftProperty.Part.MaxID	Max Part ID	最大零件 ID		
Vizzy.CraftProperty.Part.MinID	Min Part ID	最小零件 ID		
Vizzy.CraftProperty.Part.NameToID	ID	ID		
Vizzy.CraftProperty.Part.PartType	Part Type	零件类型		
Vizzy.CraftProperty.Part.PciToLocal	PCI to Local	PCI→本地		
Vizzy.CraftProperty.Part.Position	Position	位置		
Vizzy.CraftProperty.Part.SetActivated	Activated	已激活		
Vizzy.CraftProperty.Part.SetExplode	Explode	引爆		
Vizzy.CraftProperty.Part.SetFocused	Focused	已聚焦		
Vizzy.CraftProperty.Part.SetName	Name	名称		
Vizzy.CraftProperty.Part.Temperature	Temperature	温度		
Vizzy.CraftProperty.Part.ThisID	This Part ID	此零件 ID		
Vizzy.CraftProperty.Part.UnderWater	Under Water	水下		
Vizzy.CraftProperty.Part.WetMass	Wet Mass	湿重		
Vizzy.CraftProperty.Performance.BurnTime	Stage Burn Time	分级点火时间		
Vizzy.CraftProperty.Performance.CurrentEngineThrust	Engine Thrust	发动机推力		
Vizzy.CraftProperty.Performance.CurrentIsp	Current Isp	当前 Isp		
Vizzy.CraftProperty.Performance.DryMass	Dry Mass	干重		
Vizzy.CraftProperty.Performance.FuelMass	Fuel Mass	燃料质量		
Vizzy.CraftProperty.Performance.Mass	Mass	质量		
Vizzy.CraftProperty.Performance.MaxActiveEngineThrust	Max Engine Thrust	最大发动机推力		
Vizzy.CraftProperty.Performance.StageDeltaV	Stage Delta-V	分级 Delta-V		
Vizzy.CraftProperty.Performance.TWR	TWR	TWR		
Vizzy.CraftProperty.Raycast	Raycast	射线检测		
Vizzy.CraftProperty.Sound.Beep	Beep	蜂鸣		
Vizzy.CraftProperty.Sound.Frequency	Frequency	频率		
Vizzy.CraftProperty.Target.Name	Target Name	目标名称		
Vizzy.CraftProperty.Target.Planet	Target Planet	目标行星		
Vizzy.CraftProperty.Target.Position	Target Position	目标位置		
Vizzy.CraftProperty.Target.Velocity	Target	目标		
Vizzy.CraftProperty.Terrain.Color	Color	颜色		
Vizzy.CraftProperty.Terrain.Height	Height	高度		
Vizzy.CraftProperty.Time.FrameDeltaTime	Frame Delta Time	帧间隔时间		
Vizzy.CraftProperty.Time.RealTime	Real Time	现实时间		
Vizzy.CraftProperty.Time.TimeSinceLaunch	Time Since Launch	发射后时间		
Vizzy.CraftProperty.Time.TotalTime	Total Time	总时间		
Vizzy.CraftProperty.Time.WarpAmount	Warp Amount	加速倍率		
Vizzy.CraftProperty.Tooltip.Altitude.AGL	The craft's current altitude above ground level in meters.	载具当前的离地高度（米）。		
Vizzy.CraftProperty.Tooltip.Altitude.ASF	The craft's current altitude above sea floor in meters. This is the same as AGL when not over water.	载具当前距海床的高度（米）。不在水面之上时与 AGL 相同。		
Vizzy.CraftProperty.Tooltip.Altitude.ASL	The craft's current altitude above sea level in meters.	载具当前的海拔高度（米）。		
Vizzy.CraftProperty.Tooltip.Atmosphere.AirDensity	The air density of the atmosphere at the craft's current position in kg/m3.	载具当前位置的大气密度（kg/m3）。		
Vizzy.CraftProperty.Tooltip.Atmosphere.AirPressure	The air pressure of the atmosphere at the craft's current position in Pa.	载具当前位置的大气压力（Pa）。		
Vizzy.CraftProperty.Tooltip.Atmosphere.Composition	The mass fractions of the current planet's atmospheric composition. Pairs index-by-index with Atmosphere.Elements.	当前行星大气成分的质量分数。按索引与“大气元素”逐项对应。		
Vizzy.CraftProperty.Tooltip.Atmosphere.Elements	The fuel ids of the current planet's atmospheric composition. Pairs index-by-index with Atmosphere.Composition.	当前行星大气成分的燃料 ID。按索引与“大气成分”逐项对应。		
Vizzy.CraftProperty.Tooltip.Atmosphere.SpeedOfSound	The speed of sound at the craft's current position in m/s.	载具当前位置的音速（m/s）。		
Vizzy.CraftProperty.Tooltip.Atmosphere.Temperature	The temperature at the craft's current position in K.	载具当前位置的温度（K）。		
Vizzy.CraftProperty.Tooltip.Craft.Altitude	The craft's current altitude above sea level in meters.	载具当前的海拔高度（米）。		
Vizzy.CraftProperty.Tooltip.Craft.Apoapsis	A vector indicating the apoapsis position in meters.	表示远拱点位置的向量（米）。		
Vizzy.CraftProperty.Tooltip.Craft.ApoapsisTime	The time left for the craft to reach its apoapsis in seconds.	载具到达远拱点剩余的秒数。		
Vizzy.CraftProperty.Tooltip.Craft.BoundMax	The distance of the max corner of the bounding box to the CoM. This is a performance expensive process, use it wisely.	包围盒最大角到质心的距离。此运算开销较大，请谨慎使用。		
Vizzy.CraftProperty.Tooltip.Craft.BoundMin	The distance of the min corner of the bounding box to the CoM. This is a performance expensive process, use it wisely.	包围盒最小角到质心的距离。此运算开销较大，请谨慎使用。		
Vizzy.CraftProperty.Tooltip.Craft.Destroyed	True if the craft is destroyed or does not exist.	若载具已摧毁或不存在，则为真。		
Vizzy.CraftProperty.Tooltip.Craft.Eccentricity	The eccentricity of the craft's orbit.	载具轨道的偏心率。		
Vizzy.CraftProperty.Tooltip.Craft.Grounded	True if the craft is currently in contact with the planet.	若载具当前与行星接触，则为真。		
Vizzy.CraftProperty.Tooltip.Craft.IDToName	The name of the craft with the specified ID.	指定 ID 的载具名称。		
Vizzy.CraftProperty.Tooltip.Craft.Inclination	The inclination of the craft's orbit.	载具轨道的倾角。		
Vizzy.CraftProperty.Tooltip.Craft.IsPlayer	True if it is the player craft.	若为玩家载具，则为真。		
Vizzy.CraftProperty.Tooltip.Craft.Mass	The mass of the craft in kilograms.	载具的质量（千克）。		
Vizzy.CraftProperty.Tooltip.Craft.MeanAnomaly	The mean anomaly of the craft's orbit.	载具轨道的平近点角。		
Vizzy.CraftProperty.Tooltip.Craft.MeanMotion	The mean motion of the craft's orbit.	载具轨道的平均运动。		
Vizzy.CraftProperty.Tooltip.Craft.NameToID	The ID of the first craft found with the specified name, or -1 if none are found. If no name is provided, returns the ID of the player's craft.	找到的第一个指定名称载具的 ID；找不到则返回 -1。若未提供名称，则返回玩家载具的 ID。		
Vizzy.CraftProperty.Tooltip.Craft.PartCount	The number of parts in the craft.	载具的零件数量。		
Vizzy.CraftProperty.Tooltip.Craft.Periapsis	A vector indicating the periapsis position in meters.	表示近拱点位置的向量（米）。		
Vizzy.CraftProperty.Tooltip.Craft.PeriapsisArgument	The argument of the periapsis of the craft's orbit.	载具轨道的近拱点幅角。		
Vizzy.CraftProperty.Tooltip.Craft.PeriapsisTime	The time left for the craft to reach its periapsis in seconds.	载具到达近拱点剩余的秒数。		
Vizzy.CraftProperty.Tooltip.Craft.Period	The period of the craft's orbit in seconds.	载具轨道的周期（秒）。		
Vizzy.CraftProperty.Tooltip.Craft.Planet	The name of the planet the craft is currently orbiting.	载具当前环绕的行星名称。		
Vizzy.CraftProperty.Tooltip.Craft.Position	The current position of the craft from the center of its parent planet in meters (PCI coordinates).	载具相对于其母行星中心的当前位置（米，PCI 坐标）。		
Vizzy.CraftProperty.Tooltip.Craft.RightAscension	The right ascension node of the craft's orbit.	载具轨道的赤经节点。		
Vizzy.CraftProperty.Tooltip.Craft.SemiMajorAxis	The length of the semi major axis of the craft's orbit in meters.	载具轨道半长轴的长度（米）。		
Vizzy.CraftProperty.Tooltip.Craft.SemiMinorAxis	The length of the semi minor axis of the craft's orbit in meters.	载具轨道半短轴的长度（米）。		
Vizzy.CraftProperty.Tooltip.Craft.TrueAnomaly	The true anomaly of the craft's orbit.	载具轨道的真近点角。		
Vizzy.CraftProperty.Tooltip.Craft.Velocity	The current velocity of the craft in m/s in PCI coordinates.	载具当前的速度（m/s，PCI 坐标）。		
Vizzy.CraftProperty.Tooltip.Fuel.AllStages	The percentage of fuel remaining in the entire craft.	整个载具剩余的燃料百分比。		
Vizzy.CraftProperty.Tooltip.Fuel.Battery	The percentage of battery remaining in the entire craft.	整个载具剩余的电池电量百分比。		
Vizzy.CraftProperty.Tooltip.Fuel.FuelInStage	The percentage of fuel remaining for the currently active engines.	当前活动发动机剩余的燃料百分比。		
Vizzy.CraftProperty.Tooltip.Fuel.Mono	The percentage of mono fuel remaining in the entire craft.	整个载具剩余的单组元燃料百分比。		
Vizzy.CraftProperty.Tooltip.Input.Brake	The current brake input.	当前的刹车输入。		
Vizzy.CraftProperty.Tooltip.Input.Pitch	The current pitch input.	当前的俯仰输入。		
Vizzy.CraftProperty.Tooltip.Input.Roll	The current roll input.	当前的滚转输入。		
Vizzy.CraftProperty.Tooltip.Input.Slider1	The current slider 1 input.	当前的滑块 1 输入。		
Vizzy.CraftProperty.Tooltip.Input.Slider2	The current slider 2 input.	当前的滑块 2 输入。		
Vizzy.CraftProperty.Tooltip.Input.Slider3	The current slider 3 input.	当前的滑块 3 输入。		
Vizzy.CraftProperty.Tooltip.Input.Slider4	The current slider 4 input.	当前的滑块 4 输入。		
Vizzy.CraftProperty.Tooltip.Input.Throttle	The current throttle input.	当前的油门输入。		
Vizzy.CraftProperty.Tooltip.Input.TranslateForward	The current translate forward input.	当前的平移前进输入。		
Vizzy.CraftProperty.Tooltip.Input.TranslateRight	The current translate right input.	当前的平移右移输入。		
Vizzy.CraftProperty.Tooltip.Input.TranslateUp	The current translate up input.	当前的平移上升输入。		
Vizzy.CraftProperty.Tooltip.Input.TranslationMode	1 if Translation Mode is enabled, otherwise 0.	启用平移模式时为 1，否则为 0。		
Vizzy.CraftProperty.Tooltip.Input.Yaw	The current yaw input.	当前的偏航输入。		
Vizzy.CraftProperty.Tooltip.Mfd.AnchoredPosition	The position of the MFD widget relative to its anchor point within its parent.	MFD 控件相对于其父级中锚点的位置。		
Vizzy.CraftProperty.Tooltip.Mfd.AnchorMax	The normalized position (0 to 1) in the parent widget that the upper right corner of this widget is anchored to.	此控件右上角在父控件中锚定的归一化位置（0 至 1）。		
Vizzy.CraftProperty.Tooltip.Mfd.AnchorMin	The normalized position (0 to 1) in the parent widget that the lower left corner of this widget is anchored to.	此控件左下角在父控件中锚定的归一化位置（0 至 1）。		
Vizzy.CraftProperty.Tooltip.Mfd.Color	The color of the MFD widget as a vector with (Red,Green,Blue) components, each ranging from 0 to 1.	MFD 控件的颜色，为 (红,绿,蓝) 分量组成的向量，各分量范围 0 至 1。		
Vizzy.CraftProperty.Tooltip.Mfd.Create.Ellipse	Creates an ellipse sprite on the MFD with the specified name.	在 MFD 上以指定名称创建一个椭圆精灵。		
Vizzy.CraftProperty.Tooltip.Mfd.Create.Label	Creates a label on the MFD with the specified name.	在 MFD 上以指定名称创建一个标签。		
Vizzy.CraftProperty.Tooltip.Mfd.Create.Line	Creates a line on the MFD with the specified name.	在 MFD 上以指定名称创建一条直线。		
Vizzy.CraftProperty.Tooltip.Mfd.Create.Map	Creates a map on the MFD with the specified name.	在 MFD 上以指定名称创建一张地图。		
Vizzy.CraftProperty.Tooltip.Mfd.Create.Navball	Creates a navball on the MFD with the specified name.	在 MFD 上以指定名称创建一个导航球。		
Vizzy.CraftProperty.Tooltip.Mfd.Create.RadialGauge	Creates a radial gauge on the MFD with the specified name.	在 MFD 上以指定名称创建一个径向仪表。		
Vizzy.CraftProperty.Tooltip.Mfd.Create.Rectangle	Creates a rectangle sprite on the MFD with the specified name.	在 MFD 上以指定名称创建一个矩形精灵。		
Vizzy.CraftProperty.Tooltip.Mfd.Create.Texture	Creates a blank texture on the MFD with the specified name.	在 MFD 上以指定名称创建一张空白贴图。		
Vizzy.CraftProperty.Tooltip.Mfd.Destroy	Destroys a widget on the MFD with the specified name. This will also destroy child widgets, if the widget has any.	销毁 MFD 上指定名称的控件。若该控件有子控件，也会一并销毁。		
Vizzy.CraftProperty.Tooltip.Mfd.Destroy.All	Destroys all widgets on the MFD.	销毁 MFD 上的全部控件。		
Vizzy.CraftProperty.Tooltip.Mfd.DisplayToLocal	Converts from the display's global position to the widget's local position.	将显示器的全局位置转换为控件的本地位置。		
Vizzy.CraftProperty.Tooltip.Mfd.Event.Drag	Gets the message name to broadcast when the user drags their cursor across the widget.	获取用户在控件上拖动光标时要广播的消息名称。		
Vizzy.CraftProperty.Tooltip.Mfd.Event.PointerClick	Gets the message name to broadcast when the user clicks on the widget.	获取用户点击控件时要广播的消息名称。		
Vizzy.CraftProperty.Tooltip.Mfd.Event.PointerDown	Gets the message name to broadcast when the user presses down on the widget.	获取用户在控件上按下指针时要广播的消息名称。		
Vizzy.CraftProperty.Tooltip.Mfd.Event.PointerUp	Gets the message name to broadcast when the user releases their pointer on the widget.	获取用户在控件上松开指针时要广播的消息名称。		
Vizzy.CraftProperty.Tooltip.Mfd.Event.SetDrag	Sets the message name to broadcast when the user drags their cursor across the widget. The data is the input's local position on the widget.	设置用户在控件上拖动光标时要广播的消息名称。数据为输入在控件上的本地位置。		
Vizzy.CraftProperty.Tooltip.Mfd.Event.SetPointerClick	Sets the message name to broadcast when the user clicks on the widget. The data is the local position of the input on the widget.	设置用户点击控件时要广播的消息名称。数据为输入在控件上的本地位置。		
Vizzy.CraftProperty.Tooltip.Mfd.Event.SetPointerDown	Sets the message name to broadcast when the user presses down on the widget. The data is the local position of the input on the widget.	设置用户在控件上按下指针时要广播的消息名称。数据为输入在控件上的本地位置。		
Vizzy.CraftProperty.Tooltip.Mfd.Event.SetPointerUp	Sets the message name to broadcast when the user releases their pointer on the widget. The data is the local position of the input on the widget.	设置用户在控件上松开指针时要广播的消息名称。数据为输入在控件上的本地位置。		
Vizzy.CraftProperty.Tooltip.Mfd.Exists	Returns true if the widget with the specified name exists.	若指定名称的控件存在，则返回真。		
Vizzy.CraftProperty.Tooltip.Mfd.Gauge.BackgroundColor	The color of the MFD gauge background as a vector with (Red,Green,Blue) components, each ranging from 0 to 1.	MFD 仪表背景的颜色，为 (红,绿,蓝) 分量组成的向量，各分量范围 0 至 1。		
Vizzy.CraftProperty.Tooltip.Mfd.Gauge.FillColor	The color of the MFD gauge fill as a vector with (Red,Green,Blue) components, each ranging from 0 to 1.	MFD 仪表填充部分的颜色，为 (红,绿,蓝) 分量组成的向量，各分量范围 0 至 1。		
Vizzy.CraftProperty.Tooltip.Mfd.Gauge.SetBackgroundColor	Sets the color of the MFD gauge background as a vector with (Red,Green,Blue) components, each ranging from 0 to 1.	设置 MFD 仪表背景的颜色，为 (红,绿,蓝) 分量组成的向量，各分量范围 0 至 1。		
Vizzy.CraftProperty.Tooltip.Mfd.Gauge.SetFillColor	Sets the color of the MFD gauge fill as a vector with (Red,Green,Blue) components, each ranging from 0 to 1.	设置 MFD 仪表填充部分的颜色，为 (红,绿,蓝) 分量组成的向量，各分量范围 0 至 1。		
Vizzy.CraftProperty.Tooltip.Mfd.Gauge.SetText	Sets the text of the gauge widget.	设置仪表控件的文本。		
Vizzy.CraftProperty.Tooltip.Mfd.Gauge.SetTextColor	Sets the color of the MFD gauge text as a vector with (Red,Green,Blue) components, each ranging from 0 to 1.	设置 MFD 仪表文本的颜色，为 (红,绿,蓝) 分量组成的向量，各分量范围 0 至 1。		
Vizzy.CraftProperty.Tooltip.Mfd.Gauge.SetValue	Sets the current value of the gauge, from 0 (min) to 1 (max).	设置仪表的当前数值，从 0（最小）到 1（最大）。		
Vizzy.CraftProperty.Tooltip.Mfd.Gauge.Text	The text of the gauge widget.	仪表控件的文本。		
Vizzy.CraftProperty.Tooltip.Mfd.Gauge.TextColor	The color of the MFD gauge text as a vector with (Red,Green,Blue) components, each ranging from 0 to 1.	MFD 仪表文本的颜色，为 (红,绿,蓝) 分量组成的向量，各分量范围 0 至 1。		
Vizzy.CraftProperty.Tooltip.Mfd.Gauge.Value	The current value of the gauge, from 0 (min) to 1 (max).	仪表的当前数值，从 0（最小）到 1（最大）。		
Vizzy.CraftProperty.Tooltip.Mfd.Label.Alignment	Gets the alignment of the label.	获取标签的对齐方式。		
Vizzy.CraftProperty.Tooltip.Mfd.Label.AutoSize	Determines if the label currently has Auto Size enabled.	判断标签当前是否启用了自动大小。		
Vizzy.CraftProperty.Tooltip.Mfd.Label.FontSize	The size of the label widget's font.	标签控件的字号。		
Vizzy.CraftProperty.Tooltip.Mfd.Label.SetAlignment.BottomCenter	Sets the alignment of the label to Bottom Center.	将标签的对齐方式设为底部居中。		
Vizzy.CraftProperty.Tooltip.Mfd.Label.SetAlignment.BottomLeft	Sets the alignment of the label to Bottom Left.	将标签的对齐方式设为左下。		
Vizzy.CraftProperty.Tooltip.Mfd.Label.SetAlignment.BottomRight	Sets the alignment of the label to Bottom Right.	将标签的对齐方式设为右下。		
Vizzy.CraftProperty.Tooltip.Mfd.Label.SetAlignment.Center	Sets the alignment of the label to Center.	将标签的对齐方式设为居中。		
Vizzy.CraftProperty.Tooltip.Mfd.Label.SetAlignment.Left	Sets the alignment of the label to Left.	将标签的对齐方式设为左。		
Vizzy.CraftProperty.Tooltip.Mfd.Label.SetAlignment.Right	Sets the alignment of the label to Right.	将标签的对齐方式设为右。		
Vizzy.CraftProperty.Tooltip.Mfd.Label.SetAlignment.TopCenter	Sets the alignment of the label to Top Center.	将标签的对齐方式设为顶部居中。		
Vizzy.CraftProperty.Tooltip.Mfd.Label.SetAlignment.TopLeft	Sets the alignment of the label to Top Left.	将标签的对齐方式设为左上。		
Vizzy.CraftProperty.Tooltip.Mfd.Label.SetAlignment.TopRight	Sets the alignment of the label to Top Right.	将标签的对齐方式设为右上。		
Vizzy.CraftProperty.Tooltip.Mfd.Label.SetAutoSize	Enables or disables Auto Size, which automatically changes the size of the text to fill the full extents of the label widget.	启用或禁用自动大小，该功能会自动改变文字大小，以填满标签控件的完整范围。		
Vizzy.CraftProperty.Tooltip.Mfd.Label.SetFontSize	Sets the size of the label widget's font.	设置标签控件的字号。		
Vizzy.CraftProperty.Tooltip.Mfd.Label.SetText	Sets the text of the label widget.	设置标签控件的文本。		
Vizzy.CraftProperty.Tooltip.Mfd.Label.Text	The text of the label widget.	标签控件的文本。		
Vizzy.CraftProperty.Tooltip.Mfd.Line.SetLength	Sets the length of the line.	设置直线的长度。		
Vizzy.CraftProperty.Tooltip.Mfd.Line.SetLinePoints	Sets the position of the end points of a line widget.	设置直线控件两端点的位置。		
Vizzy.CraftProperty.Tooltip.Mfd.Line.SetThickness	Sets the thickness of the line.	设置直线的粗细。		
Vizzy.CraftProperty.Tooltip.Mfd.LocaltoDisplay	Converts from the widget's local position to the display's global position.	将控件的本地位置转换为显示器的全局位置。		
Vizzy.CraftProperty.Tooltip.Mfd.Map.Coordinates	These are the lat/long coordinates in degrees of the point to center the map on. Requires Manual Mode to be on.	用于地图居中的点的经纬度坐标（度）。需要开启手动模式。		
Vizzy.CraftProperty.Tooltip.Mfd.Map.Heading	The heading to display as up on the map. Requires Manual Mode to be on.	显示为地图上方的航向。需要开启手动模式。		
Vizzy.CraftProperty.Tooltip.Mfd.Map.ManualMode	If this is set to true, the map won't track the craft, but will respond to the inputs changed with the other properties on this block.	若设为真，地图将不再跟随载具，而是响应此积木上其他属性所更改的输入。		
Vizzy.CraftProperty.Tooltip.Mfd.Map.NorthUp	Sets whether the map will point north, or track the craft's heading. Overridden by Manual Mode.	设置地图是指向北方还是跟随载具航向。会被手动模式覆盖。		
Vizzy.CraftProperty.Tooltip.Mfd.Map.PlanetName	Sets the name of the planet to show a map of. Requires Manual Mode to be on.	设置要显示地图的行星名称。需要开启手动模式。		
Vizzy.CraftProperty.Tooltip.Mfd.Map.Zoom	Sets the zoom level of the map. This should be a value between 1 and 5.	设置地图的缩放级别。取值应在 1 至 5 之间。		
Vizzy.CraftProperty.Tooltip.Mfd.Navball.BottomColor	Sets the bottom background color of the navball.	设置导航球的底部背景颜色。		
Vizzy.CraftProperty.Tooltip.Mfd.Navball.TopColor	Sets the top background color of the navball.	设置导航球的顶部背景颜色。		
Vizzy.CraftProperty.Tooltip.Mfd.Opacity	The opacity of the MFD widget from 0 (fully transparent) to 1 (fully opaque).	MFD 控件的不透明度，从 0（完全透明）到 1（完全不透明）。		
Vizzy.CraftProperty.Tooltip.Mfd.Order.SendToBack	Sends the widget behind the target widget.	将控件置于目标控件之后。		
Vizzy.CraftProperty.Tooltip.Mfd.Order.SendToFront	Brings the widget in front of the target widget.	将控件置于目标控件之前。		
Vizzy.CraftProperty.Tooltip.Mfd.Parent	Gets the name of the parent of the MFD widget, or an empty string if it does not have a parent.	获取 MFD 控件父级的名称；若无父级，则返回空字符串。		
Vizzy.CraftProperty.Tooltip.Mfd.Pivot	The point on this widget that it rotates around, in normalized position (0 to 1).	此控件旋转所围绕的点，为归一化位置（0 至 1）。		
Vizzy.CraftProperty.Tooltip.Mfd.Position	The position of the MFD widget relative to its parent.	MFD 控件相对于其父级的位置。		
Vizzy.CraftProperty.Tooltip.Mfd.Rotation	The rotation of the MFD widget in degrees.	MFD 控件的旋转角度（度）。		
Vizzy.CraftProperty.Tooltip.Mfd.Scale	The scale of the MFD widget in the x and y component of the vector.	MFD 控件的缩放，取向量的 x 和 y 分量。		
Vizzy.CraftProperty.Tooltip.Mfd.SetAnchoredPosition	Sets the position of the MFD widget relative to its anchor point within its parent.	设置 MFD 控件相对于其父级中锚点的位置。		
Vizzy.CraftProperty.Tooltip.Mfd.SetAnchorMax	Sets the normalized position (0 to 1) in the parent widget that the upper right corner of this widget is anchored to.	设置此控件右上角在父控件中锚定的归一化位置（0 至 1）。		
Vizzy.CraftProperty.Tooltip.Mfd.SetAnchorMin	Sets the normalized position (0 to 1) in the parent widget that the lower left corner of this widget is anchored to.	设置此控件左下角在父控件中锚定的归一化位置（0 至 1）。		
Vizzy.CraftProperty.Tooltip.Mfd.SetColor	Sets the color of the MFD widget as a vector with (Red,Green,Blue) components, each ranging from 0 to 1.	设置 MFD 控件的颜色，为 (红,绿,蓝) 分量组成的向量，各分量范围 0 至 1。		
Vizzy.CraftProperty.Tooltip.Mfd.SetOpacity	Sets the opacity of the MFD widget from 0 (fully transparent) to 1 (fully opaque).	设置 MFD 控件的不透明度，从 0（完全透明）到 1（完全不透明）。		
Vizzy.CraftProperty.Tooltip.Mfd.SetParent	Sets the parent of the MFD widget.	设置 MFD 控件的父级。		
Vizzy.CraftProperty.Tooltip.Mfd.SetPivot	Sets the point on this widget that it rotates around, in normalized position (0 to 1).	设置此控件旋转所围绕的点，为归一化位置（0 至 1）。		
Vizzy.CraftProperty.Tooltip.Mfd.SetPosition	Sets the position of the MFD widget relative to its parent.	设置 MFD 控件相对于其父级的位置。		
Vizzy.CraftProperty.Tooltip.Mfd.SetRotation	Sets the rotation of the MFD widget in degrees.	设置 MFD 控件的旋转角度（度）。		
Vizzy.CraftProperty.Tooltip.Mfd.SetScale	Sets the widget's scale using the vector's x and y components. Scale differs from size in that it also scales child widgets and is a percentage from 0 to 1.	使用向量的 x 和 y 分量设置控件的缩放。缩放与大小的区别在于它也会缩放子控件，且是 0 至 1 的百分比。		
Vizzy.CraftProperty.Tooltip.Mfd.SetSize	Sets the MFD widget's size using the vector's x and y components. Size differs from scale in that it doesn't necessarily resize child widgets and is in display units instead of a percentage.	使用向量的 x 和 y 分量设置 MFD 控件的大小。大小与缩放的区别在于它不一定会调整子控件的大小，且使用显示器单位而非百分比。		
Vizzy.CraftProperty.Tooltip.Mfd.SetVisible	Sets the visibility of the MFD widget.	设置 MFD 控件的可见性。		
Vizzy.CraftProperty.Tooltip.Mfd.Size	The size of the MFD widget in the x and y component of the vector.	MFD 控件的大小，取向量的 x 和 y 分量。		
Vizzy.CraftProperty.Tooltip.Mfd.Sprite.FillAmount	The amount the sprite is filled, from 0 to 1.	精灵的填充量，从 0 到 1。		
Vizzy.CraftProperty.Tooltip.Mfd.Sprite.FillMethod	The method used to fill the widget.	用于填充控件的方式。		
Vizzy.CraftProperty.Tooltip.Mfd.Sprite.Icon	The icon used by the sprite widget.	精灵控件使用的图标。		
Vizzy.CraftProperty.Tooltip.Mfd.Sprite.SetFillAmount	Sets the amount the sprite is filled, from 0 to 1.	设置精灵的填充量，从 0 到 1。		
Vizzy.CraftProperty.Tooltip.Mfd.Sprite.SetFillMethod	Sets the method used to fill the widget. Options are None, Horizontal, Vertical, Radial90, Radial180, and Radial360.	设置用于填充控件的方式。可选值为 None、Horizontal、Vertical、Radial90、Radial180 和 Radial360。		
Vizzy.CraftProperty.Tooltip.Mfd.Sprite.SetIcon	Sets the icon used by the sprite widget.	设置精灵控件使用的图标。		
Vizzy.CraftProperty.Tooltip.Mfd.Texture.DrawBox	Draws a box in the specified color and alpha (0 = transparent, 1 = opaque) between the coordinates. Note: Coordinates start at 1, not 0.	在坐标之间以指定颜色和 alpha 值（0 = 透明，1 = 不透明）绘制一个方框。注意：坐标从 1 开始，而不是 0。		
Vizzy.CraftProperty.Tooltip.Mfd.Texture.DrawLine	Draws a line in the specified color and alpha (0 = transparent, 1 = opaque) between the coordinates. Note: Coordinates start at 1, not 0.	在坐标之间以指定颜色和 alpha 值（0 = 透明，1 = 不透明）绘制一条直线。注意：坐标从 1 开始，而不是 0。		
Vizzy.CraftProperty.Tooltip.Mfd.Texture.DrawTri	Draws a triangle in the specified color and alpha (0 = transparent, 1 = opaque) between the coordinates. Note: Coordinates start at 1, not 0.	在坐标之间以指定颜色和 alpha 值（0 = 透明，1 = 不透明）绘制一个三角形。注意：坐标从 1 开始，而不是 0。		
Vizzy.CraftProperty.Tooltip.Mfd.Texture.GetPixel	Gets the pixel at the coordinates. Note: Coordinates start at 1, not 0.	获取指定坐标处的像素。注意：坐标从 1 开始，而不是 0。		
Vizzy.CraftProperty.Tooltip.Mfd.Texture.GetPixelAlpha	Gets the alpha value of the pixel at the coordinates (0 = transparent, 1 = opaque). Note: Coordinates start at 1, not 0.	获取指定坐标处像素的 alpha 值（0 = 透明，1 = 不透明）。注意：坐标从 1 开始，而不是 0。		
Vizzy.CraftProperty.Tooltip.Mfd.Texture.Initialize	Initializes the texture to the specified size.	将贴图初始化为指定大小。		
Vizzy.CraftProperty.Tooltip.Mfd.Texture.SetPixel	Sets the pixel at the coordinates to the specified color and alpha (0 = transparent, 1 = opaque). Note: Coordinates start at 1, not 0.	将指定坐标处的像素设为指定颜色和 alpha 值（0 = 透明，1 = 不透明）。注意：坐标从 1 开始，而不是 0。		
Vizzy.CraftProperty.Tooltip.Mfd.Visible	True if the MFD widget is visible, otherwise False.	若 MFD 控件可见则为真，否则为假。		
Vizzy.CraftProperty.Tooltip.Mfd.Widget.SetAnchor.BottomCenter	Sets the anchor of the widget inside its parent to the Bottom Center.	将控件在其父级内的锚点设为底部居中。		
Vizzy.CraftProperty.Tooltip.Mfd.Widget.SetAnchor.BottomLeft	Sets the anchor of the widget inside its parent to the Bottom Left.	将控件在其父级内的锚点设为左下。		
Vizzy.CraftProperty.Tooltip.Mfd.Widget.SetAnchor.BottomRight	Sets the anchor of the widget inside its parent to the Bottom Right.	将控件在其父级内的锚点设为右下。		
Vizzy.CraftProperty.Tooltip.Mfd.Widget.SetAnchor.Center	Sets the anchor of the widget inside its parent to the Center.	将控件在其父级内的锚点设为居中。		
Vizzy.CraftProperty.Tooltip.Mfd.Widget.SetAnchor.Left	Sets the anchor of the widget inside its parent to the Left.	将控件在其父级内的锚点设为左。		
Vizzy.CraftProperty.Tooltip.Mfd.Widget.SetAnchor.Right	Sets the anchor of the widget inside its parent to the Right.	将控件在其父级内的锚点设为右。		
Vizzy.CraftProperty.Tooltip.Mfd.Widget.SetAnchor.TopCenter	Sets the anchor of the widget inside its parent to the Top Center.	将控件在其父级内的锚点设为顶部居中。		
Vizzy.CraftProperty.Tooltip.Mfd.Widget.SetAnchor.TopLeft	Sets the anchor of the widget inside its parent to the Top Left.	将控件在其父级内的锚点设为左上。		
Vizzy.CraftProperty.Tooltip.Mfd.Widget.SetAnchor.TopRight	Sets the anchor of the widget inside its parent to the Top Right.	将控件在其父级内的锚点设为右上。		
Vizzy.CraftProperty.Tooltip.Misc.CameraPointing	The pointing direction of the player's camera.	玩家相机的指向方向。		
Vizzy.CraftProperty.Tooltip.Misc.CameraPosition	The position of the player's camera in PCI coordinates.	玩家相机的位置（PCI 坐标）。		
Vizzy.CraftProperty.Tooltip.Misc.CameraUp	The upward pointing direction of the player's camera.	玩家相机的朝上方向。		
Vizzy.CraftProperty.Tooltip.Misc.Grounded	One indicates the craft is currently touching the ground. Zero indicates it is not.	为 1 表示载具当前接触地面，为 0 表示未接触。		
Vizzy.CraftProperty.Tooltip.Misc.NumStages	The number of stages of the craft's active command pod.	载具当前指令舱的分级数。		
Vizzy.CraftProperty.Tooltip.Misc.PidPitch	The PID values for the pitch axis.	俯仰轴的 PID 参数。		
Vizzy.CraftProperty.Tooltip.Misc.PidRoll	The PID values for the roll axis.	滚转轴的 PID 参数。		
Vizzy.CraftProperty.Tooltip.Misc.SolarRadiation	The current amount of solar radiation the craft is receiving.	载具当前接收到的太阳辐射量。		
Vizzy.CraftProperty.Tooltip.Misc.Stage	The current stage of the craft's active command pod.	载具当前指令舱的当前分级。		
Vizzy.CraftProperty.Tooltip.Name.Craft	The name of the craft.	载具的名称。		
Vizzy.CraftProperty.Tooltip.Nav.AngleOfAttack	The current angle of attack of the craft in degrees.	载具当前的攻角（度）。		
Vizzy.CraftProperty.Tooltip.Nav.AutopilotHeading	The autopilot targeted heading in degrees.	自动驾驶的目标航向（度）。		
Vizzy.CraftProperty.Tooltip.Nav.AutopilotPitch	The autopilot targeted pitch in degrees.	自动驾驶的目标俯仰角（度）。		
Vizzy.CraftProperty.Tooltip.Nav.BankAngle	The current bank angle of the craft in degrees.	载具当前的倾侧角（度）。		
Vizzy.CraftProperty.Tooltip.Nav.CraftDirection	The unit vector representing the roll axis of the craft in PCI coordinates. This is the direction the craft is currently pointing.	表示载具滚转轴的单位向量（PCI 坐标）。即载具当前指向的方向。		
Vizzy.CraftProperty.Tooltip.Nav.CraftHeading	The current heading of the craft in degrees.	载具当前的航向（度）。		
Vizzy.CraftProperty.Tooltip.Nav.CraftRight	The unit vector representing the pitch axis of the craft in PCI coordinates.	表示载具俯仰轴的单位向量（PCI 坐标）。		
Vizzy.CraftProperty.Tooltip.Nav.CraftUp	The unit vector representing the yaw axis of the craft in PCI coordinates.	表示载具偏航轴的单位向量（PCI 坐标）。		
Vizzy.CraftProperty.Tooltip.Nav.East	The unit vector representing east from the craft's current position, in PCI coordinates.	从载具当前位置指向东方的单位向量（PCI 坐标）。		
Vizzy.CraftProperty.Tooltip.Nav.North	The unit vector representing north from the craft's current position, in PCI coordinates.	从载具当前位置指向北方的单位向量（PCI 坐标）。		
Vizzy.CraftProperty.Tooltip.Nav.Pitch	The current pitch of the craft in degrees.	载具当前的俯仰角（度）。		
Vizzy.CraftProperty.Tooltip.Nav.Position	The current position of the craft's CoM from the center of the current planet in meters (PCI coordinates).	载具质心相对于当前行星中心的当前位置（米，PCI 坐标）。		
Vizzy.CraftProperty.Tooltip.Nav.SideSlip	The current side slip of the craft in degrees.	载具当前的侧滑角（度）。		
Vizzy.CraftProperty.Tooltip.Orbit.Apoapsis	The altitude of the apoapsis above the planet's radius in meters.	远拱点高于行星半径的高度（米）。		
Vizzy.CraftProperty.Tooltip.Orbit.Eccentricity	The eccentricity of the orbit.	轨道的偏心率。		
Vizzy.CraftProperty.Tooltip.Orbit.Inclination	The inclination of the orbit in radians.	轨道的倾角（弧度）。		
Vizzy.CraftProperty.Tooltip.Orbit.Periapsis	The altitude of the periapsis above the planet's radius in meters.	近拱点高于行星半径的高度（米）。		
Vizzy.CraftProperty.Tooltip.Orbit.Period	The period of the orbit in seconds.	轨道的周期（秒）。		
Vizzy.CraftProperty.Tooltip.Orbit.Planet	The name of the planet the craft is currently orbiting.	载具当前环绕的行星名称。		
Vizzy.CraftProperty.Tooltip.Orbit.TimeToApoapsis	The time remaining to the apoapsis in seconds.	距离远拱点的剩余时间（秒）。		
Vizzy.CraftProperty.Tooltip.Orbit.TimeToPeriapsis	The time remaining to the periapsis in seconds.	距离近拱点的剩余时间（秒）。		
Vizzy.CraftProperty.Tooltip.Part.Activated	True if the part with the specified ID is activated.	若指定 ID 的零件已激活，则为真。		
Vizzy.CraftProperty.Tooltip.Part.Drag	An estimation for how much drag this part is generating in Newtons.	此零件产生阻力的估计值（牛顿）。		
Vizzy.CraftProperty.Tooltip.Part.DryMass	The dry mass of the part in kg.	零件的干重（kg）。		
Vizzy.CraftProperty.Tooltip.Part.FuelTransfer	Sets the fuel transfer node to Drain if <0, None if 0 or Fill if >0.	设置燃料传输节点：<0 为排出，0 为无，>0 为注入。		
Vizzy.CraftProperty.Tooltip.Part.IDToName	The name of the part with the specified ID.	指定 ID 的零件名称。		
Vizzy.CraftProperty.Tooltip.Part.LocalToPci	Rotates the vector from the part's local space to PCI coordinates. If no part is specified, it converts from the craft's local space to PCI coordinates.	将向量从零件的本地空间旋转到 PCI 坐标。若未指定零件，则从载具的本地空间转换到 PCI 坐标。		
Vizzy.CraftProperty.Tooltip.Part.Mass	The mass of the part in kg.	零件的质量（kg）。		
Vizzy.CraftProperty.Tooltip.Part.MaxID	Gets the largest ID of all parts in the craft.	获取载具中所有零件的最大 ID。		
Vizzy.CraftProperty.Tooltip.Part.MinID	Gets the smallest ID of all parts in the craft.	获取载具中所有零件的最小 ID。		
Vizzy.CraftProperty.Tooltip.Part.NameToID	The ID of the first part found with the specified name, or -1 if none are found.	找到的第一个指定名称零件的 ID；找不到则返回 -1。		
Vizzy.CraftProperty.Tooltip.Part.PartType	The type of the part with the specified ID.	指定 ID 零件的类型。		
Vizzy.CraftProperty.Tooltip.Part.PciToLocal	Rotates the vector from PCI coordinates to the part's local space. If no part is specified, it converts from PCI coordinates to the craft's local space.	将向量从 PCI 坐标旋转到零件的本地空间。若未指定零件，则从 PCI 坐标转换到载具的本地空间。		
Vizzy.CraftProperty.Tooltip.Part.Position	The current position of the part from the center of the current planet in meters (PCI coordinates).	零件相对于当前行星中心的当前位置（米，PCI 坐标）。		
Vizzy.CraftProperty.Tooltip.Part.SetActivated	Sets the activation state of the part.	设置零件的激活状态。		
Vizzy.CraftProperty.Tooltip.Part.SetExplode	Explodes the part with the specified power from 0 to 1. 0 just makes the part fall without exploding; 1 is maximum explosion power.	以从 0 到 1 的力度引爆零件。0 只会让零件掉落而不爆炸；1 为最大爆炸力度。		
Vizzy.CraftProperty.Tooltip.Part.SetFocused	If set to true, focuses the camera on the part; otherwise unfocuses from the part.	若设为真，将相机聚焦到该零件；否则取消聚焦。		
Vizzy.CraftProperty.Tooltip.Part.SetName	Sets the name of the part with the specified ID.	设置指定 ID 零件的名称。		
Vizzy.CraftProperty.Tooltip.Part.Temperature	The temperature of the part with the specified ID in Kelvin.	指定 ID 零件的温度（开尔文）。		
Vizzy.CraftProperty.Tooltip.Part.ThisID	The ID of the part running this flight program.	运行此飞行程序的零件 ID。		
Vizzy.CraftProperty.Tooltip.Part.UnderWater	The percentage of the part that is underwater from 0 to 1. Zero meaning not under water at all, and one meaning fully submerged.	零件位于水下的百分比，从 0 到 1。0 表示完全不在水下，1 表示完全浸没。		
Vizzy.CraftProperty.Tooltip.Part.WetMass	The wet mass of the part in kg.	零件的湿重（kg）。		
Vizzy.CraftProperty.Tooltip.Performance.BurnTime	The remaining burn time in the current stage in seconds.	当前分级剩余的燃烧时间（秒）。		
Vizzy.CraftProperty.Tooltip.Performance.CurrentEngineThrust	The current thrust generated by all active engines in N.	所有活动发动机当前产生的推力（N）。		
Vizzy.CraftProperty.Tooltip.Performance.CurrentIsp	The current specific impulse of the craft in seconds.	载具当前的比冲（秒）。		
Vizzy.CraftProperty.Tooltip.Performance.DryMass	The current dry mass of the craft in kg.	载具当前的干重（kg）。		
Vizzy.CraftProperty.Tooltip.Performance.FuelMass	The current fuel mass of the craft in kg.	载具当前的燃料质量（kg）。		
Vizzy.CraftProperty.Tooltip.Performance.Mass	The current mass of the craft in kg.	载具当前的质量（kg）。		
Vizzy.CraftProperty.Tooltip.Performance.MaxActiveEngineThrust	The thrust that could be achieved if all active engines were at 100% throttle, in N.	所有活动发动机在 100% 油门时所能达到的推力（N）。		
Vizzy.CraftProperty.Tooltip.Performance.StageDeltaV	The delta-V remaining in the current stage.	当前分级剩余的 Delta-V。		
Vizzy.CraftProperty.Tooltip.Performance.TWR	The thrust to weight ratio of the craft.	载具的推重比。		
Vizzy.CraftProperty.Tooltip.Raycast	Projects a ray from the given position in the given direction and returns the position where the ray hit something, or a zero vector if it hit nothing within a 100km radius.	从给定位置沿给定方向投射一条射线，返回射线命中某处的位置；若在 100km 半径内未命中任何物体，则返回零向量。		
Vizzy.CraftProperty.Tooltip.Sound.Beep	Plays a beep sound.	播放蜂鸣音。		
Vizzy.CraftProperty.Tooltip.Sound.Frequency	Gets the frequency of the sound.	获取声音的频率。		
Vizzy.CraftProperty.Tooltip.Target.Name	The name of the current target.	当前目标的名称。		
Vizzy.CraftProperty.Tooltip.Target.Planet	The name of the target's current planet.	目标当前所在行星的名称。		
Vizzy.CraftProperty.Tooltip.Target.Position	The current position of the target from the center of its current planet in meters (PCI coordinates).	目标相对于其当前行星中心的当前位置（米，PCI 坐标）。		
Vizzy.CraftProperty.Tooltip.Target.Velocity	The current velocity of the target in m/s in PCI coordinates.	目标当前的速度（m/s，PCI 坐标）。		
Vizzy.CraftProperty.Tooltip.Terrain.Color	Gets the color of the terrain at the specified (latitude, longitude, 0) vector. The z component of the vector is not used.	获取指定 (纬度, 经度, 0) 向量处地形的颜色。不使用向量的 z 分量。		
Vizzy.CraftProperty.Tooltip.Terrain.Height	Gets the terrain height above the radius, in meters, at the specified (latitude, longitude, 0) vector. The z component of the vector is not used.	获取指定 (纬度, 经度, 0) 向量处高于半径的地形高度（米）。不使用向量的 z 分量。		
Vizzy.CraftProperty.Tooltip.Time.FrameDeltaTime	The amount of time (in seconds) that has passed since the last frame of execution.	自上一帧执行以来经过的时间（秒）。		
Vizzy.CraftProperty.Tooltip.Time.RealTime	The amount of time in real life that has passed since the game has started.	自游戏启动以来经过的现实时间。		
Vizzy.CraftProperty.Tooltip.Time.TimeSinceLaunch	The amount of time (in seconds) that has passed since this craft launched.	自该载具发射以来经过的时间（秒）。		
Vizzy.CraftProperty.Tooltip.Time.TotalTime	The amount of time (in seconds) that has passed since the sandbox was created.	自沙盒创建以来经过的时间（秒）。		
Vizzy.CraftProperty.Tooltip.Time.WarpAmount	The amount of time multiplication applied by the time warp.	时间加速所应用的时间倍率。		
Vizzy.CraftProperty.Tooltip.Vel.Acceleration	The current acceleration of the craft in m/s2.	载具当前的加速度（m/s2）。		
Vizzy.CraftProperty.Tooltip.Vel.AngularVelocity	The current angular velocity of the craft in rad/s (pitch rate, yaw rate, roll rate).	载具当前的角速度（rad/s：俯仰速率、偏航速率、滚转速率）。		
Vizzy.CraftProperty.Tooltip.Vel.Drag	The current drag in m/s2 in PCI coordinates.	载具当前的阻力（m/s2，PCI 坐标）。		
Vizzy.CraftProperty.Tooltip.Vel.Gravity	The current gravity in m/s2 in PCI coordinates.	载具当前的重力（m/s2，PCI 坐标）。		
Vizzy.CraftProperty.Tooltip.Vel.LateralSurfaceVelocity	The current velocity tangent to the planet surface in m/s.	载具当前与行星表面相切的速度（m/s）。		
Vizzy.CraftProperty.Tooltip.Vel.MachNumber	The current mach number.	当前的马赫数。		
Vizzy.CraftProperty.Tooltip.Vel.OrbitVelocity	The current velocity of the craft in m/s in PCI coordinates.	载具当前的速度（m/s，PCI 坐标）。		
Vizzy.CraftProperty.Tooltip.Vel.SurfaceVelocity	The current velocity of the craft in m/s relative to the surface of the planet.	载具当前相对于行星表面的速度（m/s）。		
Vizzy.CraftProperty.Tooltip.Vel.VerticalSurfaceVelocity	The current velocity toward the center of the planet in m/s.	载具当前朝向行星中心的速度（m/s）。		
Vizzy.CraftProperty.Vel.Acceleration	Acceleration	加速度		
Vizzy.CraftProperty.Vel.AngularVelocity	Angular	角速度		
Vizzy.CraftProperty.Vel.Drag	Drag	阻力		
Vizzy.CraftProperty.Vel.Gravity	Gravity	重力		
Vizzy.CraftProperty.Vel.LateralSurfaceVelocity	Lateral	横向		
Vizzy.CraftProperty.Vel.MachNumber	Mach Number	马赫数		
Vizzy.CraftProperty.Vel.OrbitVelocity	Orbit	轨道		
Vizzy.CraftProperty.Vel.SurfaceVelocity	Surface	地表		
Vizzy.CraftProperty.Vel.VerticalSurfaceVelocity	Vertical	垂直		
Vizzy.CraftService.InputRequestFormat	{0} part is requesting input.\n{1}	{0} 零件正在请求输入。\n{1}		
Vizzy.CreateCustomNode.AddParameter.DuplicateError	You cannot use that parameter name because it has already been used	无法使用该参数名，因为它已被使用过		
Vizzy.CreateCustomNode.AddParameter.Message	Add Parameter\nParameters can be used to pass data into your custom expression/instruction when they are executed.	添加参数\n参数可用于在执行时将数据传入你的自定义表达式/指令。		
Vizzy.CreateCustomNode.AddParameter.Placeholder	ParameterName	参数名		
Vizzy.CreateCustomNode.AddText.Placeholder	Enter Text	输入文本		
Vizzy.CreateCustomNode.Button.AddParameter	Add Parameter	添加参数		
Vizzy.CreateCustomNode.Button.AddText	Add Text	添加文本		
Vizzy.CreateCustomNode.Create.NoTextError	You must add some text before you can create a custom expression/instruction.	必须先添加一些文本，才能创建自定义表达式/指令。		
Vizzy.CreateCustomNode.Description.Expression	Custom expressions can combine expressions to return a value, but cannot execute instructions. They're similar to a function in functional programming.	自定义表达式可以组合表达式并返回一个值，但不能执行指令。它们类似于函数式编程中的函数。		
Vizzy.CreateCustomNode.Description.Instruction	Custom instructions define a sequence of instructions to run when called, but cannot return a value. They are similar to a procedure in imperative programming.	自定义指令定义了一串在被调用时运行的指令，但不能返回值。它们类似于命令式编程中的过程。		
Vizzy.CreateCustomNode.DescriptionExt.Expression	Once created, this definition block is placed in your program so you can define exactly what it returns. A new block is also added to the Custom Expressions panel on the left, which you can use to call/execute this expression in your program.	创建后，此定义积木会被放入你的程序中，供你定义它究竟返回什么。左侧的“自定义表达式”面板中也会新增一个积木，你可以在程序中用它来调用/执行此表达式。		
Vizzy.CreateCustomNode.DescriptionExt.Instruction	Once created, this definition block is placed in your program so you can define the exact instructions this custom instruction should execute. A new block also appears in the Custom Instructions panel on the left, which you can use to call this instruction in your program.	创建后，此定义积木会被放入你的程序中，供你定义此自定义指令应执行的具体指令。左侧的“自定义指令”面板中也会出现一个新积木，你可以在程序中用它来调用此指令。		
Vizzy.CreateCustomNode.Header.Expression	CREATE CUSTOM EXPRESSION	创建自定义表达式		
Vizzy.CreateCustomNode.Header.Instruction	CREATE CUSTOM INSTRUCTION	创建自定义指令		
Vizzy.Expression.Planet.atmosphereComposition	Atmosphere Composition	大气成分		
Vizzy.Expression.Planet.atmosphereElements	Atmosphere Elements	大气元素		
Vizzy.Expression.Planet.atmosphereHeight	Atmosphere Height	大气高度		
Vizzy.Expression.Planet.atmosphereScale	Atmosphere Scale Height	大气标高		
Vizzy.Expression.Planet.childPlanets	Child Planets	子行星		
Vizzy.Expression.Planet.craftids	Craft IDs	载具 ID		
Vizzy.Expression.Planet.crafts	Crafts	载具		
Vizzy.Expression.Planet.day	Length of day	自转周期		
Vizzy.Expression.Planet.hasTerrain	Solid Ground	有固体地面		
Vizzy.Expression.Planet.hydrosphereDensity	Hydrosphere Density	水圈密度		
Vizzy.Expression.Planet.hydrosphereElement	Hydrosphere Element	水圈元素		
Vizzy.Expression.Planet.mass	Mass	质量		
Vizzy.Expression.Planet.parent	Parent	母体		
Vizzy.Expression.Planet.radius	Radius	半径		
Vizzy.Expression.Planet.soiradius	SOI radius	影响范围半径		
Vizzy.Expression.Planet.solarPosition	Solar Position	太阳位置		
Vizzy.Expression.Planet.structures	Structures	建筑		
Vizzy.Expression.Planet.Tooltip.apoapsistime	The time left for the planet to reach its apoapsis in seconds.	行星到达远拱点剩余的秒数。		
Vizzy.Expression.Planet.Tooltip.atmosphereComposition	The mass fractions of the planet's atmospheric composition. Pairs index-by-index with Atmosphere Elements.	行星大气成分的质量分数。按索引与“大气元素”逐项对应。		
Vizzy.Expression.Planet.Tooltip.atmosphereDensity	The density of the atmosphere at sea level in kg per cubic meter.	海平面处的大气密度（千克/立方米）。		
Vizzy.Expression.Planet.Tooltip.atmosphereElements	The fuel ids of the planet's atmospheric composition. Pairs index-by-index with Atmosphere Composition.	行星大气成分的燃料 ID。按索引与“大气成分”逐项对应。		
Vizzy.Expression.Planet.Tooltip.atmosphereHeight	The height of the atmosphere in meters.	大气的高度（米）。		
Vizzy.Expression.Planet.Tooltip.atmosphereScale	A function of how quick the atmosphere fades out.	描述大气消散快慢的函数。		
Vizzy.Expression.Planet.Tooltip.childPlanets	The list of names of planet's children planets.	行星的子行星名称列表。		
Vizzy.Expression.Planet.Tooltip.craftids	The list of IDs of crafts inside the SOI of the planet.	位于该行星影响范围内的载具 ID 列表。		
Vizzy.Expression.Planet.Tooltip.crafts	The list of names of crafts inside the SOI of the planet.	位于该行星影响范围内的载具名称列表。		
Vizzy.Expression.Planet.Tooltip.day	The time in seconds it takes for the planet to do a full rotation around itself.	行星自转一整圈所需的时间（秒）。		
Vizzy.Expression.Planet.Tooltip.eccentricity	The eccentricity of the planet's orbit.	行星轨道的偏心率。		
Vizzy.Expression.Planet.Tooltip.hasTerrain	Whether the planet has solid ground or not.	行星是否有固体地面。		
Vizzy.Expression.Planet.Tooltip.hydrosphereDensity	The density of the planet's ocean liquid in kg per m3, or 0 if it has no hydrosphere.	行星海洋液体的密度（千克/立方米）；若无水圈则为 0。		
Vizzy.Expression.Planet.Tooltip.hydrosphereElement	The fuel id of the planet's ocean liquid (e.g. H2O), or empty if it has no hydrosphere.	行星海洋液体的燃料 ID（例如 H2O）；若无水圈则为空。		
Vizzy.Expression.Planet.Tooltip.inclination	The inclination of the planet's orbit.	行星轨道的倾角。		
Vizzy.Expression.Planet.Tooltip.mass	The mass of the planet in kilograms.	行星的质量（千克）。		
Vizzy.Expression.Planet.Tooltip.meananomaly	The mean anomaly of the planet's orbit.	行星轨道的平近点角。		
Vizzy.Expression.Planet.Tooltip.meanmotion	The mean motion of the planet's orbit.	行星轨道的平均运动。		
Vizzy.Expression.Planet.Tooltip.parent	The name of the planet's parent.	行星母体的名称。		
Vizzy.Expression.Planet.Tooltip.periapsisargument	The argument of the periapsis of the planet's orbit.	行星轨道的近拱点幅角。		
Vizzy.Expression.Planet.Tooltip.periapsistime	The time left for the planet to reach its periapsis in seconds.	行星到达近拱点剩余的秒数。		
Vizzy.Expression.Planet.Tooltip.period	The period of the planet's orbit in seconds.	行星轨道的周期（秒）。		
Vizzy.Expression.Planet.Tooltip.radius	The radius of the planet in meters.	行星的半径（米）。		
Vizzy.Expression.Planet.Tooltip.rightascension	The right ascension node of the planet's orbit.	行星轨道的赤经节点。		
Vizzy.Expression.Planet.Tooltip.semimajoraxis	The length of the semi major axis of the planet's orbit in meters.	行星轨道半长轴的长度（米）。		
Vizzy.Expression.Planet.Tooltip.semiminoraxis	The length of the semi minor axis of the planet's orbit in meters.	行星轨道半短轴的长度（米）。		
Vizzy.Expression.Planet.Tooltip.soiradius	The radius of the sphere of influence in meters.	影响范围的半径（米）。		
Vizzy.Expression.Planet.Tooltip.solarPosition	The position of the planet relative to the sun.	行星相对于太阳的位置。		
Vizzy.Expression.Planet.Tooltip.structures	The list of names of structures on the planet.	行星上建筑的名称列表。		
Vizzy.Expression.Planet.Tooltip.trueanomaly	The true anomaly of the planet's orbit.	行星轨道的真近点角。		
Vizzy.Expression.Planet.Tooltip.velocity	The velocity vector.	速度向量。		
Vizzy.Expression.Planet.Tooltip.year	The time in seconds it takes for the planet to do a full rotation around its parent.	行星绕其母体公转一整圈所需的时间（秒）。		
Vizzy.Expression.Planet.velocity	Velocity	速度		
Vizzy.Expression.Planet.year	Length of year	公转周期		
Vizzy.Instruction.ActivateStage	Activate Stage	激活分级		
Vizzy.Instruction.Break	Break	跳出		
Vizzy.Instruction.BroadcastMessage	Broadcast Message	广播消息		
Vizzy.Instruction.CallCustom	Call Custom Instruction	调用自定义指令		
Vizzy.Instruction.CameraProperty.CameraIndex	Camera Index	相机索引		
Vizzy.Instruction.CameraProperty.CameraMode	Camera Mode	相机模式		
Vizzy.Instruction.CameraProperty.TargetOffset	Target Offset	目标偏移		
Vizzy.Instruction.CameraProperty.Tilt	Tilt	倾斜		
Vizzy.Instruction.CameraProperty.Tooltip.mode	Sets the current camera mode by name.	按名称设置当前相机模式。		
Vizzy.Instruction.CameraProperty.Tooltip.modeIndex	Sets the current camera mode by index.	按索引设置当前相机模式。		
Vizzy.Instruction.CameraProperty.Tooltip.rotationX	Rotates the camera up and down.	上下旋转相机。		
Vizzy.Instruction.CameraProperty.Tooltip.rotationY	Rotates the camera left and right.	左右旋转相机。		
Vizzy.Instruction.CameraProperty.Tooltip.targetOffset	Offsets the position of the camera target in craft space.	在载具空间中偏移相机目标的位置。		
Vizzy.Instruction.CameraProperty.Tooltip.tilt	Rotates the camera around its viewing axis.	绕相机自身视线轴旋转相机。		
Vizzy.Instruction.CameraProperty.Tooltip.zoom	Sets the distance of the camera from the target in meters.	设置相机与目标之间的距离（米）。		
Vizzy.Instruction.CameraProperty.XRotation	X Rotation	X 旋转		
Vizzy.Instruction.CameraProperty.YRotation	Y Rotation	Y 旋转		
Vizzy.Instruction.CameraProperty.Zoom	Zoom	缩放		
Vizzy.Instruction.ChangeVariable	Change Variable	修改变量		
Vizzy.Instruction.Comment	Comment	注释		
Vizzy.Instruction.CraftInput.Brake	Brake	刹车		
Vizzy.Instruction.CraftInput.Pitch	Pitch	俯仰		
Vizzy.Instruction.CraftInput.Roll	Roll	滚转		
Vizzy.Instruction.CraftInput.Slider1	Slider 1	滑块 1		
Vizzy.Instruction.CraftInput.Slider2	Slider 2	滑块 2		
Vizzy.Instruction.CraftInput.Slider3	Slider 3	滑块 3		
Vizzy.Instruction.CraftInput.Slider4	Slider 4	滑块 4		
Vizzy.Instruction.CraftInput.Throttle	Throttle	油门		
Vizzy.Instruction.CraftInput.Tooltip.brake	Sets the craft's Brake input.	设置载具的刹车输入。		
Vizzy.Instruction.CraftInput.Tooltip.pitch	Sets the craft's Pitch input.	设置载具的俯仰输入。		
Vizzy.Instruction.CraftInput.Tooltip.roll	Sets the craft's Roll input.	设置载具的滚转输入。		
Vizzy.Instruction.CraftInput.Tooltip.slider1	Sets the craft's Slider 1 input.	设置载具的滑块 1 输入。		
Vizzy.Instruction.CraftInput.Tooltip.slider2	Sets the craft's Slider 2 input.	设置载具的滑块 2 输入。		
Vizzy.Instruction.CraftInput.Tooltip.slider3	Sets the craft's Slider 3 input.	设置载具的滑块 3 输入。		
Vizzy.Instruction.CraftInput.Tooltip.slider4	Sets the craft's Slider 4 input.	设置载具的滑块 4 输入。		
Vizzy.Instruction.CraftInput.Tooltip.throttle	Sets the craft's Throttle input.	设置载具的油门输入。		
Vizzy.Instruction.CraftInput.Tooltip.translateForward	Sets the craft's Translate Forward input.	设置载具的平移前进输入。		
Vizzy.Instruction.CraftInput.Tooltip.translateRight	Sets the craft's Translate Right input.	设置载具的平移右移输入。		
Vizzy.Instruction.CraftInput.Tooltip.translateUp	Sets the craft's Translate Up input.	设置载具的平移上升输入。		
Vizzy.Instruction.CraftInput.Tooltip.translationMode	Zero disables and non-zero enables Translation Mode.	0 为禁用、非 0 为启用平移模式。		
Vizzy.Instruction.CraftInput.Tooltip.yaw	Sets the craft's Yaw input.	设置载具的偏航输入。		
Vizzy.Instruction.CraftInput.TranslateForward	Translate Forward	平移前进		
Vizzy.Instruction.CraftInput.TranslateRight	Translate Right	平移右移		
Vizzy.Instruction.CraftInput.TranslateUp	Translate Up	平移上升		
Vizzy.Instruction.CraftInput.TranslationMode	Translation Mode	平移模式		
Vizzy.Instruction.CraftInput.Yaw	Yaw	偏航		
Vizzy.Instruction.Custom	Custom Instruction	自定义指令		
Vizzy.Instruction.DisplayMessage	Display Message	显示消息		
Vizzy.Instruction.ElseIf	Else If	否则如果		
Vizzy.Instruction.Event	Event	事件		
Vizzy.Instruction.For	For	遍历		
Vizzy.Instruction.If	If	如果		
Vizzy.Instruction.LockNavSphere	Lock Nav Sphere	锁定导航球		
Vizzy.Instruction.LockNavSphere.BurnNode	BurnNode	机动节点		
Vizzy.Instruction.LockNavSphere.Current	Current	当前方向		
Vizzy.Instruction.LockNavSphere.Error.NonPlayer	This heading locking method isn't supported for non-player crafts.	非玩家载具不支持此航向锁定方式。		
Vizzy.Instruction.LockNavSphere.None	None	无		
Vizzy.Instruction.LockNavSphere.Prograde	Prograde	顺行		
Vizzy.Instruction.LockNavSphere.Retrograde	Retrograde	逆行		
Vizzy.Instruction.LockNavSphere.Target	Target	目标		
Vizzy.Instruction.LockNavSphere.Tooltip.BurnNode	Lock heading on direction required for current burn node.	将航向锁定到当前机动节点所需的方向。		
Vizzy.Instruction.LockNavSphere.Tooltip.Current	Lock heading on the craft's current direction.	将航向锁定到载具当前的方向。		
Vizzy.Instruction.LockNavSphere.Tooltip.None	Unlock current heading.	解锁当前航向。		
Vizzy.Instruction.LockNavSphere.Tooltip.Prograde	Lock heading on velocity prograde.	将航向锁定到速度顺行方向。		
Vizzy.Instruction.LockNavSphere.Tooltip.Retrograde	Lock heading on velocity retrograde.	将航向锁定到速度逆行方向。		
Vizzy.Instruction.LockNavSphere.Tooltip.Target	Lock heading on direction to target.	将航向锁定到指向目标的方向。		
Vizzy.Instruction.LogFlight	Log Flight	记录飞行		
Vizzy.Instruction.LogMessage	Log Message	记录消息		
Vizzy.Instruction.Loop	Loop	循环		
Vizzy.Instruction.PlayBeep	Play Beep	播放蜂鸣		
Vizzy.Instruction.Program	Program	程序		
Vizzy.Instruction.Repeat	Repeat	重复		
Vizzy.Instruction.SetActivationGroup	Set Activation Group	设置激活组		
Vizzy.Instruction.SetCameraProperty	Set Camera Property	设置相机属性		
Vizzy.Instruction.SetCraftInput	Set Craft Input	设置载具输入		
Vizzy.Instruction.SetCraftProperty	Set Craft Property	设置载具属性		
Vizzy.Instruction.SetList	Set List	设置列表		
Vizzy.Instruction.SetTarget	Set Target	设置目标		
Vizzy.Instruction.SetTargetHeading	Set Target Heading	设置目标航向		
Vizzy.Instruction.SetTargetHeading.Error.NonPlayer	Cannot lock nav sphere because this is not the player craft.	无法锁定导航球，因为这不是玩家载具。		
Vizzy.Instruction.SetTargetHeading.Heading	Heading	航向		
Vizzy.Instruction.SetTargetHeading.PidPitch	Pitch PIDs	俯仰 PID		
Vizzy.Instruction.SetTargetHeading.PidRoll	Roll PIDs	滚转 PID		
Vizzy.Instruction.SetTargetHeading.Pitch	Pitch	俯仰		
Vizzy.Instruction.SetTargetHeading.Tooltip.Heading	Set the nav sphere's target heading in degrees.	设置导航球的目标航向（度）。		
Vizzy.Instruction.SetTargetHeading.Tooltip.PidPitch	Set the PID values for the pitch axis.	设置俯仰轴的 PID 参数。		
Vizzy.Instruction.SetTargetHeading.Tooltip.PidRoll	Set the PID values for the roll axis in plane mode.	设置平面模式下滚转轴的 PID 参数。		
Vizzy.Instruction.SetTargetHeading.Tooltip.Pitch	Set the nav sphere's target pitch in degrees.	设置导航球的目标俯仰角（度）。		
Vizzy.Instruction.SetTimeMode	Set Time Mode	设置时间模式		
Vizzy.Instruction.SetVariable	Set Variable	设置变量		
Vizzy.Instruction.Speak	Speak	朗读		
Vizzy.Instruction.SwitchCraft	Switch Craft	切换载具		
Vizzy.Instruction.TimeMode.FastForward	Fast Forward	快进		
Vizzy.Instruction.TimeMode.Normal	Normal	正常		
Vizzy.Instruction.TimeMode.Paused	Paused	暂停		
Vizzy.Instruction.TimeMode.SlowMotion	Slow Motion	慢动作		
Vizzy.Instruction.TimeMode.TimeWarp1	Time Warp 1	时间加速 1		
Vizzy.Instruction.TimeMode.TimeWarp10	Time Warp 10	时间加速 10		
Vizzy.Instruction.TimeMode.TimeWarp2	Time Warp 2	时间加速 2		
Vizzy.Instruction.TimeMode.TimeWarp3	Time Warp 3	时间加速 3		
Vizzy.Instruction.TimeMode.TimeWarp4	Time Warp 4	时间加速 4		
Vizzy.Instruction.TimeMode.TimeWarp5	Time Warp 5	时间加速 5		
Vizzy.Instruction.TimeMode.TimeWarp6	Time Warp 6	时间加速 6		
Vizzy.Instruction.TimeMode.TimeWarp7	Time Warp 7	时间加速 7		
Vizzy.Instruction.TimeMode.TimeWarp8	Time Warp 8	时间加速 8		
Vizzy.Instruction.TimeMode.TimeWarp9	Time Warp 9	时间加速 9		
Vizzy.Instruction.UserInput	User Input	用户输入		
Vizzy.Instruction.WaitSeconds	Wait Seconds	等待秒数		
Vizzy.Instruction.WaitUntil	Wait Until	等待直到		
Vizzy.Instruction.Waveform.Noise	Noise	噪声		
Vizzy.Instruction.Waveform.Saw	Saw	锯齿		
Vizzy.Instruction.Waveform.Sine	Sine	正弦		
Vizzy.Instruction.Waveform.Square	Square	方波		
Vizzy.Instruction.Waveform.Triangle	Triangle	三角波		
Vizzy.Instruction.While	While	当循环		
Vizzy.LoadProgram.ConfirmDelete	Confirm that you want to delete the program '{0}'	确认要删除程序“{0}”		
Vizzy.LoadProgram.ImportButton	IMPORT	导入		
Vizzy.LoadProgram.ImportedMessage	Imported program '{0}'	已导入程序“{0}”		
Vizzy.LoadProgram.ImportTitle	Import Program	导入程序		
Vizzy.LoadProgram.LoadedMessage	Loaded program '{0}'	已加载程序“{0}”		
Vizzy.LoadProgram.LoadTitle	Load Program	加载程序		
Vizzy.NodeBuilder.Undefined	Undefined {0}	未定义 {0}		
Vizzy.Operator.Math.abs	abs	绝对值		
Vizzy.Operator.Math.acos	acos	反余弦		
Vizzy.Operator.Math.asin	asin	反正弦		
Vizzy.Operator.Math.atan	atan	反正切		
Vizzy.Operator.Math.ceiling	ceiling	向上取整		
Vizzy.Operator.Math.cos	cos	余弦		
Vizzy.Operator.Math.deg2rad	deg2rad	角度转弧度		
Vizzy.Operator.Math.floor	floor	向下取整		
Vizzy.Operator.Math.ln	ln	自然对数		
Vizzy.Operator.Math.log	log	常用对数		
Vizzy.Operator.Math.rad2deg	rad2deg	弧度转角度		
Vizzy.Operator.Math.round	round	四舍五入		
Vizzy.Operator.Math.sin	sin	正弦		
Vizzy.Operator.Math.sqrt	sqrt	平方根		
Vizzy.Operator.Math.tan	tan	正切		
Vizzy.Operator.Math.Tooltip.abs	Returns the absolute value of the number.	返回该数的绝对值。		
Vizzy.Operator.Math.Tooltip.acos	Calculates the arc-cosine of the number, in radians.	计算该数的反余弦（弧度）。		
Vizzy.Operator.Math.Tooltip.asin	Calculates the arc-sine of the number, in radians.	计算该数的反正弦（弧度）。		
Vizzy.Operator.Math.Tooltip.atan	Calculates the arc-tangent of the number, in radians.	计算该数的反正切（弧度）。		
Vizzy.Operator.Math.Tooltip.ceiling	Returns the smallest integer larger than or equal to the number.	返回大于或等于该数的最小整数。		
Vizzy.Operator.Math.Tooltip.cos	Calculates the cosine of the number.	计算该数的余弦。		
Vizzy.Operator.Math.Tooltip.deg2rad	Converts the number from degrees to radians.	将该数从角度转换为弧度。		
Vizzy.Operator.Math.Tooltip.floor	Returns the largest integer smaller than or equal to the number.	返回小于或等于该数的最大整数。		
Vizzy.Operator.Math.Tooltip.ln	Calculates the natural log of the number.	计算该数的自然对数。		
Vizzy.Operator.Math.Tooltip.log	Calculates the log base 10 of the number.	计算该数以 10 为底的对数。		
Vizzy.Operator.Math.Tooltip.rad2deg	Converts the number from radians to degrees.	将该数从弧度转换为角度。		
Vizzy.Operator.Math.Tooltip.round	Rounds the number to the closest integer.	将该数四舍五入为最接近的整数。		
Vizzy.Operator.Math.Tooltip.sin	Calculates the sine of the number.	计算该数的正弦。		
Vizzy.Operator.Math.Tooltip.sqrt	Calculates the square root of the number.	计算该数的平方根。		
Vizzy.Operator.Math.Tooltip.tan	Calculates the tangent of the number.	计算该数的正切。		
Vizzy.Operator.String.Friendly.acceleration	Acceleration	加速度		
Vizzy.Operator.String.Friendly.angularvelocity	Angular Velocity	角速度		
Vizzy.Operator.String.Friendly.coordinate	Coordinate	坐标		
Vizzy.Operator.String.Friendly.date	Time (date)	时间（日期）		
Vizzy.Operator.String.Friendly.density	Density	密度		
Vizzy.Operator.String.Friendly.distance	Distance	距离		
Vizzy.Operator.String.Friendly.energy	Energy	能量		
Vizzy.Operator.String.Friendly.force	Force	力		
Vizzy.Operator.String.Friendly.isp	Specific Impulse	比冲		
Vizzy.Operator.String.Friendly.mass	Mass	质量		
Vizzy.Operator.String.Friendly.power	Power	功率		
Vizzy.Operator.String.Friendly.pressure	Pressure	压强		
Vizzy.Operator.String.Friendly.temperature	Temperature	温度		
Vizzy.Operator.String.Friendly.time	Time	时间		
Vizzy.Operator.String.Friendly.Tooltip.acceleration	The acceleration in m/s2 as text formatted in a user-friendly way.	以 m/s2 为单位的加速度，格式化为便于阅读的文本。		
Vizzy.Operator.String.Friendly.Tooltip.angularvelocity	The angular velocity in degrees per second as text formatted in a user-friendly way.	以度/秒为单位的角速度，格式化为便于阅读的文本。		
Vizzy.Operator.String.Friendly.Tooltip.coordinate	The latitude and longitude given a lat,lon,agl vector. AGL will be included if not 0.	由 (纬度,经度,AGL) 向量给出的纬度和经度。AGL 不为 0 时会一并显示。		
Vizzy.Operator.String.Friendly.Tooltip.date	The time as text formatted in a user-friendly way, separating days, hours, minutes and seconds.	将时间格式化为便于阅读的文本，分列天、时、分、秒。		
Vizzy.Operator.String.Friendly.Tooltip.density	The density in kg/m3 as text formatted in a user-friendly way.	以 kg/m3 为单位的密度，格式化为便于阅读的文本。		
Vizzy.Operator.String.Friendly.Tooltip.distance	The distance in meters as text formatted in a user-friendly way.	以米为单位的距离，格式化为便于阅读的文本。		
Vizzy.Operator.String.Friendly.Tooltip.energy	The energy in Joules as text formatted in a user-friendly way.	以焦耳为单位的能量，格式化为便于阅读的文本。		
Vizzy.Operator.String.Friendly.Tooltip.force	The force in Newtons as text formatted in a user-friendly way.	以牛顿为单位的力，格式化为便于阅读的文本。		
Vizzy.Operator.String.Friendly.Tooltip.isp	The Isp in seconds as text formatted in a user-friendly way.	以秒为单位的 Isp，格式化为便于阅读的文本。		
Vizzy.Operator.String.Friendly.Tooltip.mass	The mass in kg as text formatted in a user-friendly way.	以 kg 为单位的质量，格式化为便于阅读的文本。		
Vizzy.Operator.String.Friendly.Tooltip.power	The power in Watts as text formatted in a user-friendly way.	以瓦特为单位的功率，格式化为便于阅读的文本。		
Vizzy.Operator.String.Friendly.Tooltip.pressure	The pressure in Pascals as text formatted in a user-friendly way.	以帕斯卡为单位的压强，格式化为便于阅读的文本。		
Vizzy.Operator.String.Friendly.Tooltip.temperature	The temperature in Kelvin as text formatted in a user-friendly way.	以开尔文为单位的温度，格式化为便于阅读的文本。		
Vizzy.Operator.String.Friendly.Tooltip.time	The time as text formatted in a user-friendly way showing a unique unit with decimal values.	将时间格式化为便于阅读的文本，使用单一单位加小数表示。		
Vizzy.Operator.String.Friendly.Tooltip.velocity	The velocity in m/s as text formatted in a user-friendly way.	以 m/s 为单位的速度，格式化为便于阅读的文本。		
Vizzy.Operator.String.Friendly.velocity	Velocity	速度		
Vizzy.Operator.Vector.angle	angle	夹角		
Vizzy.Operator.Vector.clamp	clamp	钳制		
Vizzy.Operator.Vector.cross	cross	叉积		
Vizzy.Operator.Vector.dist	dist	距离		
Vizzy.Operator.Vector.dot	dot	点积		
Vizzy.Operator.Vector.length	length	长度		
Vizzy.Operator.Vector.max	max	最大值		
Vizzy.Operator.Vector.min	min	最小值		
Vizzy.Operator.Vector.norm	norm	归一化		
Vizzy.Operator.Vector.project	project	投影		
Vizzy.Operator.Vector.scale	scale	分量相乘		
Vizzy.Operator.Vector.Tooltip.angle	Calculates the angle between two vectors, in degrees.	计算两个向量之间的夹角（度）。		
Vizzy.Operator.Vector.Tooltip.clamp	Clamps the magnitude of the left vector to the magnitude of the right vector or constant number.	将左侧向量的长度钳制到右侧向量或常数的长度。		
Vizzy.Operator.Vector.Tooltip.cross	Calculates the cross product of the two vectors.	计算两个向量的叉积。		
Vizzy.Operator.Vector.Tooltip.dist	Calculates the distance between the two vectors.	计算两个向量之间的距离。		
Vizzy.Operator.Vector.Tooltip.dot	Calculates the dot product of the two vectors.	计算两个向量的点积。		
Vizzy.Operator.Vector.Tooltip.length	Returns the magnitude/length of the vector.	返回向量的长度。		
Vizzy.Operator.Vector.Tooltip.max	Returns a vector made of the maximum components of each vector.	返回由各向量对应分量最大值组成的向量。		
Vizzy.Operator.Vector.Tooltip.min	Returns a vector made of the minimum components of each vector.	返回由各向量对应分量最小值组成的向量。		
Vizzy.Operator.Vector.Tooltip.norm	Returns a vector in the same direction, but ensures its length is 1.	返回方向相同、但长度保证为 1 的向量。		
Vizzy.Operator.Vector.Tooltip.project	Projects the left vector onto the right vector.	将左侧向量投影到右侧向量上。		
Vizzy.Operator.Vector.Tooltip.scale	Multiplies two vectors component-wise.	将两个向量逐分量相乘。		
Vizzy.Operator.Vector.Tooltip.x	Returns the x component of the vector.	返回向量的 x 分量。		
Vizzy.Operator.Vector.Tooltip.y	Returns the y component of the vector.	返回向量的 y 分量。		
Vizzy.Operator.Vector.Tooltip.z	Returns the z component of the vector.	返回向量的 z 分量。		
Vizzy.Operator.Vector.x	x	x		
Vizzy.Operator.Vector.y	y	y		
Vizzy.Operator.Vector.z	z	z		
Vizzy.TextInput.MustBeNegOneToPosOne	Input must be a number between -1 and 1.	输入必须是 -1 到 1 之间的数字。		
Vizzy.TextInput.MustBeNumber	Input must be a number.	输入必须是数字。		
Vizzy.TextInput.MustBeOneOrMore	Input must be a number equal to or greater than one.	输入必须是大于或等于 1 的数字。		
Vizzy.TextInput.MustBeZeroOrMore	Input must be a number equal to or greater than zero.	输入必须是大于或等于 0 的数字。		
Vizzy.TextInput.MustBeZeroToOne	Input must be a number between 0 and 1.	输入必须是 0 到 1 之间的数字。		
Vizzy.Toolbox.Category.CraftInformation	Craft Information	载具信息		
Vizzy.Toolbox.Category.CraftInstructions	Craft Instructions	载具指令		
Vizzy.Toolbox.Category.CustomExpressions	Custom Expressions	自定义表达式		
Vizzy.Toolbox.Category.CustomInstructions	Custom Instructions	自定义指令		
Vizzy.Toolbox.Category.Events	Events	事件		
Vizzy.Toolbox.Category.Lists	Lists	列表		
Vizzy.Toolbox.Category.MultiFunctionDisplay	Multi-function Display	多功能显示器		
Vizzy.Toolbox.Category.Operators	Operators	运算符		
Vizzy.Toolbox.Category.ProgramFlow	Program Flow	程序流程		
Vizzy.Toolbox.Category.Variables	Variables	变量		
Vizzy.Toolbox.Default.CommentText	Comment Text	注释文本		
Vizzy.Toolbox.Default.CraftName	CraftName	CraftName		
Vizzy.Toolbox.Default.Item	item	项		
Vizzy.Toolbox.Default.Message	message	消息		
Vizzy.Toolbox.Default.MessagePrompt	Message Text...	消息文本…		
Vizzy.Toolbox.Default.Name	name	名称		
Vizzy.Toolbox.Default.PartName	PartName	PartName		
Vizzy.Toolbox.Default.TextValue	text	文本		
Vizzy.EventVariable.Part	part	零件		
Vizzy.EventVariable.Planet	planet	行星		
Vizzy.EventVariable.CraftA	craftA	载具 A		
Vizzy.EventVariable.CraftB	craftB	载具 B		
Vizzy.EventVariable.Other	other	其他		
Vizzy.EventVariable.Velocity	velocity	速度		
Vizzy.EventVariable.Impulse	impulse	冲量		
Vizzy.EventVariable.Data	data	数据		
Vizzy.Toolbox.Format.activate-stage	activate stage	激活分级		
Vizzy.Toolbox.Format.activation-group	activation group (0:OneOrMore)	激活组 (0:OneOrMore)		
Vizzy.Toolbox.Format.break	break	跳出		
Vizzy.Toolbox.Format.broadcast-msg	broadcast (0) with data (1)	广播 (0)，数据 (1)		
Vizzy.Toolbox.Format.broadcast-msg-all-crafts	broadcast (0) with data (1) to nearby crafts	广播 (0)，数据 (1)，发送至附近载具		
Vizzy.Toolbox.Format.broadcast-msg-craft	broadcast (0) with data (1) to craft	广播 (0)，数据 (1)，发送至载具		
Vizzy.Toolbox.Format.change-soi	on enter |Vizzy.EventVariable.Planet| SOI	进入 |Vizzy.EventVariable.Planet| 影响范围时		
Vizzy.Toolbox.Format.change-variable	change variable (0) by (1)	将变量 (0) 增加 (1)		
Vizzy.Toolbox.Format.comment	# (0)	# (0)		
Vizzy.Toolbox.Format.conditional	if (0) then (1) else (2)	如果 (0) 则 (1) 否则 (2)		
Vizzy.Toolbox.Format.contains	(0) contains (1)	(0) 包含 (1)		
Vizzy.Toolbox.Format.craft	craft (0:ZeroOrMore) [x]	载具 (0:ZeroOrMore) [x]		
Vizzy.Toolbox.Format.craft-docked	on |Vizzy.EventVariable.CraftA| and |Vizzy.EventVariable.CraftB| docked	当 |Vizzy.EventVariable.CraftA| 与 |Vizzy.EventVariable.CraftB| 对接时		
Vizzy.Toolbox.Format.craft-id	craft ID of (0)	(0) 的载具 ID		
Vizzy.Toolbox.Format.create-mfd-widget	create [x] widget named (0)	创建 [x] 控件，名为 (0)		
Vizzy.Toolbox.Format.destroy-all-mfd-widgets	destroy all widgets	销毁全部控件		
Vizzy.Toolbox.Format.destroy-mfd-widget	destroy widget named (0)	销毁名为 (0) 的控件		
Vizzy.Toolbox.Format.display	display (0)	显示 (0)		
Vizzy.Toolbox.Format.else	else	否则		
Vizzy.Toolbox.Format.else-if	else if {0} then	否则如果 {0} 则		
Vizzy.Toolbox.Format.evaluate-expression	<color=#0f0>f<color=#f0f>U<color=#ff0>N<color=#f00>k (0)	<color=#0f0>f<color=#f0f>U<color=#ff0>N<color=#f00>k (0)		
Vizzy.Toolbox.Format.false	false	假		
Vizzy.Toolbox.Format.flight-start	on start	启动时		
Vizzy.Toolbox.Format.flightlog	flight log (0) {1}	飞行日志 (0) {1}		
Vizzy.Toolbox.Format.for	for |i| from (0) to (1) by (2)	循环 |i| 从 (0) 到 (1)，步长 (2)		
Vizzy.Toolbox.Format.format	format 	格式化 		
Vizzy.Toolbox.Format.friendly	friendly [friendly] (0)	友好格式 [friendly] (0)		
Vizzy.Toolbox.Format.if	if {0} then	如果 {0} 则		
Vizzy.Toolbox.Format.join	join 	连接 		
Vizzy.Toolbox.Format.length	length of (0)	(0) 的长度		
Vizzy.Toolbox.Format.letter	letter (0:OneOrMore) of (1)	(1) 的第 (0:OneOrMore) 个字符		
Vizzy.Toolbox.Format.list-add	add (1) to (0)	将 (1) 添加到 (0)		
Vizzy.Toolbox.Format.list-clear	remove all from (0)	清空 (0)		
Vizzy.Toolbox.Format.list-create	create list from (0)	用 (0) 创建列表		
Vizzy.Toolbox.Format.list-get	item (1:OneOrMore) in (0)	(0) 中的第 (1:OneOrMore) 项		
Vizzy.Toolbox.Format.list-index	index of (1) in list (0)	(1) 在列表 (0) 中的索引		
Vizzy.Toolbox.Format.list-init	set list (0) to (1)	将列表 (0) 设为 (1)		
Vizzy.Toolbox.Format.list-insert	insert (1) at (2:OneOrMore) in (0)	将 (1) 插入到 (0) 的第 (2:OneOrMore) 位		
Vizzy.Toolbox.Format.list-length	length of (0)	(0) 的长度		
Vizzy.Toolbox.Format.list-remove	remove (1:OneOrMore) from (0)	移除 (0) 中的第 (1:OneOrMore) 项		
Vizzy.Toolbox.Format.list-reverse	reverse (0)	反转 (0)		
Vizzy.Toolbox.Format.list-set	set (2:OneOrMore) in (0) to (1)	将 (0) 中的第 (2:OneOrMore) 项设为 (1)		
Vizzy.Toolbox.Format.list-sort	sort (0)	排序 (0)		
Vizzy.Toolbox.Format.lock-nav-sphere	lock heading on [x]	锁定航向为 [x]		
Vizzy.Toolbox.Format.lock-nav-sphere-vector	lock heading on vector (0)	锁定航向为向量 (0)		
Vizzy.Toolbox.Format.log	local log (0)	本地日志 (0)		
Vizzy.Toolbox.Format.note-frequency	frequency of (0) octave (1:ZeroOrMore)	(0) 在八度 (1:ZeroOrMore) 上的频率		
Vizzy.Toolbox.Format.op-add	(0:Number) + (1:Number)	(0:Number) + (1:Number)		
Vizzy.Toolbox.Format.op-and	{0} and {1}	{0} 且 {1}		
Vizzy.Toolbox.Format.op-atan-2	atan2 of (0) and (1)	(0) 和 (1) 的 atan2		
Vizzy.Toolbox.Format.op-div	(0:Number) / (1:Number)	(0:Number) / (1:Number)		
Vizzy.Toolbox.Format.op-eq	(0:Number) = (1:Number)	(0:Number) = (1:Number)		
Vizzy.Toolbox.Format.op-exp	(0:Number) ^ (1:Number)	(0:Number) ^ (1:Number)		
Vizzy.Toolbox.Format.op-gt	(0:Number) > (1:Number)	(0:Number) > (1:Number)		
Vizzy.Toolbox.Format.op-gte	(0:Number) >= (1:Number)	(0:Number) >= (1:Number)		
Vizzy.Toolbox.Format.op-lt	(0:Number) < (1:Number)	(0:Number) < (1:Number)		
Vizzy.Toolbox.Format.op-lte	(0:Number) <= (1:Number)	(0:Number) <= (1:Number)		
Vizzy.Toolbox.Format.op-math	[x] of (0:Number)	对 (0:Number) 取 [x]		
Vizzy.Toolbox.Format.op-max	max of (0:Number) and (1:Number)	(0:Number) 和 (1:Number) 的最大值		
Vizzy.Toolbox.Format.op-min	min of (0:Number) and (1:Number)	(0:Number) 和 (1:Number) 的最小值		
Vizzy.Toolbox.Format.op-mod	(0:Number) % (1:Number)	(0:Number) % (1:Number)		
Vizzy.Toolbox.Format.op-mul	(0:Number) * (1:Number)	(0:Number) * (1:Number)		
Vizzy.Toolbox.Format.op-not	not {0}	非 {0}		
Vizzy.Toolbox.Format.op-or	{0} or {1}	{0} 或 {1}		
Vizzy.Toolbox.Format.op-rand	random (0:Number) to (1:Number)	(0:Number) 到 (1:Number) 的随机数		
Vizzy.Toolbox.Format.op-sub	(0:Number) - (1:Number)	(0:Number) - (1:Number)		
Vizzy.Toolbox.Format.part	part (0:ZeroOrMore) [x]	零件 (0:ZeroOrMore) [x]		
Vizzy.Toolbox.Format.part-collision	on |Vizzy.EventVariable.Part| collide with |Vizzy.EventVariable.Other| at |Vizzy.EventVariable.Velocity| and |Vizzy.EventVariable.Impulse|	当 |Vizzy.EventVariable.Part| 与 |Vizzy.EventVariable.Other| 碰撞时，速度 |Vizzy.EventVariable.Velocity|，冲量 |Vizzy.EventVariable.Impulse|		
Vizzy.Toolbox.Format.part-explode	on |Vizzy.EventVariable.Part| exploded	当 |Vizzy.EventVariable.Part| 爆炸时		
Vizzy.Toolbox.Format.part-id	part ID of (0)	(0) 的零件 ID		
Vizzy.Toolbox.Format.part-transform	part (0) [x] (1)	零件 (0) [x] (1)		
Vizzy.Toolbox.Format.planet	planet (0) [x]	行星 (0) [x]		
Vizzy.Toolbox.Format.planet-to-lat-long-agl	convert (0) to lat/long/AGL	将 (0) 转换为纬度/经度/AGL		
Vizzy.Toolbox.Format.planet-to-lat-long-asl	convert (0) to lat/long/ASL	将 (0) 转换为纬度/经度/ASL		
Vizzy.Toolbox.Format.planet-to-position	convert (0) to position	将 (0) 转换为位置		
Vizzy.Toolbox.Format.planet-to-position-asl	convert (0) to position over sea	将 (0) 转换为海平面上的位置		
Vizzy.Toolbox.Format.play-beep	beep (0:ZeroOrMore) Hz at (1:ZeroToOne) volume for (2:ZeroOrMore) seconds	蜂鸣 (0:ZeroOrMore) Hz，音量 (1:ZeroToOne)，持续 (2:ZeroOrMore) 秒		
Vizzy.Toolbox.Format.play-beep-waveform	[waveform] beep (0:ZeroOrMore) Hz at (1:ZeroToOne) volume for (2:ZeroOrMore) seconds	[waveform] 蜂鸣 (0:ZeroOrMore) Hz，音量 (1:ZeroToOne)，持续 (2:ZeroOrMore) 秒		
Vizzy.Toolbox.Format.prop-altitude	altitude [x]	高度 [x]		
Vizzy.Toolbox.Format.prop-atmosphere	atmosphere [x]	大气 [x]		
Vizzy.Toolbox.Format.prop-fuel	fuel [x]	燃料 [x]		
Vizzy.Toolbox.Format.prop-input	input [x]	输入 [x]		
Vizzy.Toolbox.Format.prop-mfd-event	get widget (0) [x] message	获取控件 (0) 的 [x] 消息		
Vizzy.Toolbox.Format.prop-mfd-gauge	get gauge (0) [x]	获取仪表 (0) 的 [x]		
Vizzy.Toolbox.Format.prop-mfd-label	get label (0) [x]	获取标签 (0) 的 [x]		
Vizzy.Toolbox.Format.prop-mfd-pos	convert (1) [x] for (0)	换算 (1) 为 (0) 的 [x]		
Vizzy.Toolbox.Format.prop-mfd-sprite	get sprite (0) [x]	获取精灵 (0) 的 [x]		
Vizzy.Toolbox.Format.prop-mfd-texture-getpixel	get texture (0) pixel at x=(1), y=(2)	获取贴图 (0) 中 x=(1), y=(2) 处的像素		
Vizzy.Toolbox.Format.prop-mfd-texture-getpixelalpha	get texture (0) pixel alpha at x=(1), y=(2)	获取贴图 (0) 中 x=(1), y=(2) 处像素的 Alpha		
Vizzy.Toolbox.Format.prop-mfd-widget	get widget (0) [x]	获取控件 (0) 的 [x]		
Vizzy.Toolbox.Format.prop-misc	misc [x]	杂项 [x]		
Vizzy.Toolbox.Format.prop-name	name of [x]	[x] 的名称		
Vizzy.Toolbox.Format.prop-nav	nav [x]	导航 [x]		
Vizzy.Toolbox.Format.prop-orbit	orbit [x]	轨道 [x]		
Vizzy.Toolbox.Format.prop-performance	performance [x]	性能 [x]		
Vizzy.Toolbox.Format.prop-time	time [x]	时间 [x]		
Vizzy.Toolbox.Format.prop-velocity	velocity [x]	速度 [x]		
Vizzy.Toolbox.Format.raycast-query	cast a ray from (0) towards (1)	从 (0) 向 (1) 发射射线		
Vizzy.Toolbox.Format.receive-msg	receive (0) with |Vizzy.EventVariable.Data|	接收 (0)，携带 |Vizzy.EventVariable.Data|		
Vizzy.Toolbox.Format.repeat	repeat (0:ZeroOrMore)	重复 (0:ZeroOrMore)		
Vizzy.Toolbox.Format.set-ag	set activation group (0:OneOrMore) to (1)	将激活组 (0:OneOrMore) 设为 (1)		
Vizzy.Toolbox.Format.set-camera	set camera [x] to (0)	将相机 [x] 设为 (0)		
Vizzy.Toolbox.Format.set-heading	set craft [x] to (0)	将载具 [x] 设为 (0)		
Vizzy.Toolbox.Format.set-input	set [x] to (0:NegOneToPosOne)	将 [x] 设为 (0:NegOneToPosOne)		
Vizzy.Toolbox.Format.set-mfd-alignment	set label (0) alignment to [x]	将标签 (0) 的对齐方式设为 [x]		
Vizzy.Toolbox.Format.set-mfd-anchor	set widget (0) anchor to [x]	将控件 (0) 的锚点设为 [x]		
Vizzy.Toolbox.Format.set-mfd-event	set widget (0) to broadcast (1) on [x] with data (2)	将控件 (0) 设为在 [x] 时广播 (1)，数据 (2)		
Vizzy.Toolbox.Format.set-mfd-gauge	set gauge (0) [x] to (1)	将仪表 (0) 的 [x] 设为 (1)		
Vizzy.Toolbox.Format.set-mfd-label	set label (0) [x] to (1)	将标签 (0) 的 [x] 设为 (1)		
Vizzy.Toolbox.Format.set-mfd-line	set line (0) [x] to (1)	将直线 (0) 的 [x] 设为 (1)		
Vizzy.Toolbox.Format.set-mfd-line-points	set line (0) from (1) to (2)	将直线 (0) 从 (1) 连接到 (2)		
Vizzy.Toolbox.Format.set-mfd-map	set map (0) [x] to (1)	将地图 (0) 的 [x] 设为 (1)		
Vizzy.Toolbox.Format.set-mfd-navball	set navball (0) [x] to (1)	将导航球 (0) 的 [x] 设为 (1)		
Vizzy.Toolbox.Format.set-mfd-order-back	send widget (0) behind (1)	将控件 (0) 置于 (1) 之后		
Vizzy.Toolbox.Format.set-mfd-order-front	bring widget (0) in front of (1)	将控件 (0) 置于 (1) 之前		
Vizzy.Toolbox.Format.set-mfd-sprite	set sprite (0) [x] to (1)	将精灵 (0) 的 [x] 设为 (1)		
Vizzy.Toolbox.Format.set-mfd-texture-drawbox	draw box in texture (0) between x1=(1), y1=(2) and x2=(3), y2=(4) in (5) alpha (6)	在贴图 (0) 中绘制方框：x1=(1), y1=(2) 到 x2=(3), y2=(4)，颜色 (5)，Alpha (6)		
Vizzy.Toolbox.Format.set-mfd-texture-drawline	draw line in texture (0) between x1=(1), y1=(2) and x2=(3), y2=(4) in (5) alpha (6)	在贴图 (0) 中绘制直线：x1=(1), y1=(2) 到 x2=(3), y2=(4)，颜色 (5)，Alpha (6)		
Vizzy.Toolbox.Format.set-mfd-texture-drawtri	draw tri in texture (0) between X=(1) Y=(2) in (3) alpha (4)	在贴图 (0) 中绘制三角：X=(1) Y=(2)，颜色 (3)，Alpha (4)		
Vizzy.Toolbox.Format.set-mfd-texture-initialize	initialize texture (0) width (1) and height (2)	初始化贴图 (0)，宽 (1)，高 (2)		
Vizzy.Toolbox.Format.set-mfd-texture-setpixel	set pixel in texture (0) at x=(1), y=(2) to (3) alpha (4)	将贴图 (0) 中 x=(1), y=(2) 处的像素设为 (3)，Alpha (4)		
Vizzy.Toolbox.Format.set-mfd-widget	set widget (0) [x] to (1)	将控件 (0) 的 [x] 设为 (1)		
Vizzy.Toolbox.Format.set-part	set part (0) [x] to (1)	将零件 (0) 的 [x] 设为 (1)		
Vizzy.Toolbox.Format.set-target	target node (0)	目标节点 (0)		
Vizzy.Toolbox.Format.set-time-mode	set time mode to [x]	将时间模式设为 [x]		
Vizzy.Toolbox.Format.set-variable	set variable (0) to (1)	将变量 (0) 设为 (1)		
Vizzy.Toolbox.Format.speak	speak (0) at (1:ZeroOrMore) Hz for (2:ZeroOrMore) seconds	朗读 (0)，音调 (1:ZeroOrMore) Hz，持续 (2:ZeroOrMore) 秒		
Vizzy.Toolbox.Format.substring	letters (0:ZeroOrMore) to (1:ZeroOrMore) of (2)	(2) 中第 (0:ZeroOrMore) 到第 (1:ZeroOrMore) 个字符		
Vizzy.Toolbox.Format.switch-craft	switch to craft (0:ZeroOrMore)	切换到载具 (0:ZeroOrMore)		
Vizzy.Toolbox.Format.terrain-query	get terrain [x] at lat/long (0)	获取经纬度 (0) 处的地形 [x]		
Vizzy.Toolbox.Format.true	true	真		
Vizzy.Toolbox.Format.user-input	set variable (0) to user input (1)	将变量 (0) 设为用户输入 (1)		
Vizzy.Toolbox.Format.vec	vec (0),(1),(2)	向量 (0),(1),(2)		
Vizzy.Toolbox.Format.vec-op-1	(0) [op]	(0) [op]		
Vizzy.Toolbox.Format.vec-op-2	(0) [op] (1)	(0) [op] (1)		
Vizzy.Toolbox.Format.vec-op-color	hex color (0)	十六进制颜色 (0)		
Vizzy.Toolbox.Format.wait-seconds	wait (0:ZeroOrMore) seconds	等待 (0:ZeroOrMore) 秒		
Vizzy.Toolbox.Format.wait-until	wait until {0}	等待直到 {0}		
Vizzy.Toolbox.Format.while	while {0}	当 {0} 时		
Vizzy.Toolbox.Tooltip.activate-stage	Activates the next stage in the craft.	激活载具的下一分级。		
Vizzy.Toolbox.Tooltip.activation-group	Returns the status of the activation group. True indicates the AG is active.	返回该激活组的状态。为真表示该激活组已激活。		
Vizzy.Toolbox.Tooltip.break	Breaks out of a while or repeat loop.	跳出 while 或 repeat 循环。		
Vizzy.Toolbox.Tooltip.broadcast-msg	Sends a message with the specified data to all matching receive message events in this program.	向本程序中所有匹配的接收消息事件发送带指定数据的消息。		
Vizzy.Toolbox.Tooltip.broadcast-msg-all-crafts	Sends a message with the specified data to all matching receive message events in all nearby crafts, consuming some energy based on the message size.	向附近所有载具中匹配的接收消息事件发送带指定数据的消息，并根据消息大小消耗一定能量。		
Vizzy.Toolbox.Tooltip.broadcast-msg-craft	Sends a message with the specified data to all matching receive message events in this craft.	向本载具中所有匹配的接收消息事件发送带指定数据的消息。		
Vizzy.Toolbox.Tooltip.change-soi	Event called when the craft enters a planet's sphere of influence.	当载具进入某行星的影响范围时触发的事件。		
Vizzy.Toolbox.Tooltip.change-variable	Changes the value of the number variable by the specified amount.	将数值变量的值改变指定的数量。		
Vizzy.Toolbox.Tooltip.comment	This instruction does not execute and can be used to place comments in your program to help explain how it works.	该指令不会执行，可用于在程序中添加注释，帮助说明程序的运作方式。		
Vizzy.Toolbox.Tooltip.comment-text	Empty instruction that does not execute so you can place comments in your program.	不会执行的空指令，可用于在程序中添加注释。		
Vizzy.Toolbox.Tooltip.conditional	Evaluates the condition and returns the specified result.	判断条件并返回指定的结果。		
Vizzy.Toolbox.Tooltip.contains	Returns true if the text on the left contains the text on the right.	若左侧文本包含右侧文本，则返回真。		
Vizzy.Toolbox.Tooltip.craft	Gets a property of the craft with the specified ID.	获取指定 ID 的载具的属性。		
Vizzy.Toolbox.Tooltip.craft-docked	Event called when this craft docks with another craft. NOTE: Part IDs may change after docking with another craft.	当本载具与另一载具对接时触发的事件。注意：与其他载具对接后，零件 ID 可能会发生变化。		
Vizzy.Toolbox.Tooltip.craft-id	The ID of the first craft found with the specified name, or -1 if none are found. If no name is provided, returns the ID of the craft running the program.	返回按指定名称找到的第一个载具的 ID，未找到时为 -1。若未提供名称，则返回运行本程序的载具的 ID。		
Vizzy.Toolbox.Tooltip.create-mfd-widget	Creates the MFD widget of the specified type with the specified name.	创建指定类型、指定名称的 MFD 控件。		
Vizzy.Toolbox.Tooltip.destroy-all-mfd-widgets	Destroys all the MFD widgets.	销毁所有 MFD 控件。		
Vizzy.Toolbox.Tooltip.destroy-mfd-widget	Destroys the MFD widget with the specified name.	销毁指定名称的 MFD 控件。		
Vizzy.Toolbox.Tooltip.display	Displays the message at the top of the screen.	在屏幕顶部显示消息。		
Vizzy.Toolbox.Tooltip.else	Only executes if all previous if/else if blocks were false. Must follow an if or else if block.	仅当之前所有 if/else if 块都为假时才执行。必须紧跟在 if 或 else if 块之后。		
Vizzy.Toolbox.Tooltip.else-if	Only executes if previous if/else if blocks were false and this condition is true. Must follow an if or else if block.	仅当之前的 if/else if 块都为假且本条件为真时才执行。必须紧跟在 if 或 else if 块之后。		
Vizzy.Toolbox.Tooltip.evaluate-expression	Evaluates an input expression in this part's context. Time-based functions may be inaccurate if the input is evaluated at different intervals — for better results, create an InputController and reference its value from Vizzy.	在本零件的上下文中计算输入的表达式。若在不同时间间隔下计算该输入，基于时间的函数可能不准确——为获得更好的效果，请创建一个 InputController，并在 Vizzy 中引用它的值。		
Vizzy.Toolbox.Tooltip.false	Constant value for false.	假的常量值。		
Vizzy.Toolbox.Tooltip.flight-start	Event called when the craft enters the flight scene for the first time.	当载具首次进入飞行场景时触发的事件。		
Vizzy.Toolbox.Tooltip.flightlog	Logs the message to the flight log. If the second parameter is true, it overrides the message; if false, it writes a new one every time.	将消息记录到飞行日志。若第二个参数为真，则覆盖原消息；若为假，则每次都写入新消息。		
Vizzy.Toolbox.Tooltip.for	Loops from the starting value to the end value by the step and provides a local variable 'i' with the current value.	从起始值按步长循环到结束值，并提供带当前值的局部变量 i。		
Vizzy.Toolbox.Tooltip.format	Advanced formatting that uses C#'s built-in System.String method. Refer to Microsoft's documentation for more information.	使用 C# 内置 System.String 方法的高级格式化。更多信息请参阅微软的文档。		
Vizzy.Toolbox.Tooltip.friendly	Formats a value of a specified unit to user friendly text.	将指定单位的值格式化为便于阅读的文本。		
Vizzy.Toolbox.Tooltip.global-variable	Variable that can change its value.	值可以改变的变量。		
Vizzy.Toolbox.Tooltip.if	Only executes the code if the condition is true.	仅当条件为真时才执行代码。		
Vizzy.Toolbox.Tooltip.join	Returns the result of joining the two or more strings of text together.	返回将两段或更多文本连接在一起的结果。		
Vizzy.Toolbox.Tooltip.length	Returns the length of the string of text.	返回文本的长度。		
Vizzy.Toolbox.Tooltip.letter	Returns the letter at the specified location.	返回指定位置的字符。		
Vizzy.Toolbox.Tooltip.list-add	Adds the item to the end of the list.	将项添加到列表末尾。		
Vizzy.Toolbox.Tooltip.list-clear	Removes all items in the list.	移除列表中的所有项。		
Vizzy.Toolbox.Tooltip.list-create	Creates a new list from a list of comma separated values.	用逗号分隔的值创建新列表。		
Vizzy.Toolbox.Tooltip.list-get	Gets the item in the list at the index. Index 1 is the first item in the list.	获取列表中指定索引处的项。索引 1 是列表的第一项。		
Vizzy.Toolbox.Tooltip.list-index	Gets the item's index in the list. Index 1 is the first item. If the item isn't in the list, 0 is returned.	获取项在列表中的索引。索引 1 是第一项。若列表中不存在该项，则返回 0。		
Vizzy.Toolbox.Tooltip.list-init	Initializes the list with a set of comma separated values.	用一组逗号分隔的值初始化列表。		
Vizzy.Toolbox.Tooltip.list-insert	Inserts the item at the index in the list. Index 1 is the first item in the list.	将项插入到列表的指定索引处。索引 1 是列表的第一项。		
Vizzy.Toolbox.Tooltip.list-length	Returns the length of the list.	返回列表的长度。		
Vizzy.Toolbox.Tooltip.list-remove	Removes the item at the index from the list. Index 1 is the first item in the list.	从列表中移除指定索引处的项。索引 1 是列表的第一项。		
Vizzy.Toolbox.Tooltip.list-reverse	Reverses the order of the items in the list.	反转列表中各项的顺序。		
Vizzy.Toolbox.Tooltip.list-set	Sets the item at the index in the list. If the list has no item at that index, nothing is set. Index 1 is the first item in the list.	设置列表中指定索引处的项。若列表在该索引处没有项，则不进行任何设置。索引 1 是列表的第一项。		
Vizzy.Toolbox.Tooltip.list-sort	Sorts the items in the list in ascending order.	按升序对列表中的项排序。		
Vizzy.Toolbox.Tooltip.list-variable	Variable that can hold a list of items.	可存放多项列表的变量。		
Vizzy.Toolbox.Tooltip.lock-nav-sphere	Locks the nav sphere on the specified indicator.	将导航球锁定在指定的指示器上。		
Vizzy.Toolbox.Tooltip.lock-nav-sphere-vector	Locks the nav sphere on the specified vector in PCI coordinates.	将导航球锁定在 PCI 坐标系中的指定向量上。		
Vizzy.Toolbox.Tooltip.log	Logs the message to the output log in the part running this program, viewable by clicking View Log in the part's inspector panel during flight.	将消息记录到运行本程序的零件的输出日志中，飞行时可在零件检查面板中点击「查看日志」查看。		
Vizzy.Toolbox.Tooltip.note-frequency	Gets the frequency of the note at the octave.	获取某音在指定八度上的频率。		
Vizzy.Toolbox.Tooltip.op-add	Adds the left and right numbers together and returns the result.	将左右两个数相加并返回结果。		
Vizzy.Toolbox.Tooltip.op-and	Returns true if both sides are true.	两侧都为真时返回真。		
Vizzy.Toolbox.Tooltip.op-atan-2	Returns the angle in radians between the positive x-axis and the ray to the point.	返回 x 轴正方向与指向该点的射线之间的夹角（弧度）。		
Vizzy.Toolbox.Tooltip.op-div	Divides the left number by the right number and returns the result.	用左侧的数除以右侧的数并返回结果。		
Vizzy.Toolbox.Tooltip.op-eq	Returns true if both sides are equal.	两侧相等时返回真。		
Vizzy.Toolbox.Tooltip.op-exp	Raises the left number to the power specified on the right side.	计算左侧数的右侧数次幂。		
Vizzy.Toolbox.Tooltip.op-gt	Returns true if the left number is greater than the right number.	左侧数大于右侧数时返回真。		
Vizzy.Toolbox.Tooltip.op-gte	Returns true if the left number is greater than or equal to the right number.	左侧数大于或等于右侧数时返回真。		
Vizzy.Toolbox.Tooltip.op-lt	Returns true if the left number is less than the right number.	左侧数小于右侧数时返回真。		
Vizzy.Toolbox.Tooltip.op-lte	Returns true if the left number is less than or equal to the right number.	左侧数小于或等于右侧数时返回真。		
Vizzy.Toolbox.Tooltip.op-math	Returns the result of running the math function on the specified number. Math functions such as sin, cos, and tan expect the angle to be in radians.	返回对指定数值执行该数学函数的结果。sin、cos、tan 等数学函数要求角度以弧度为单位。		
Vizzy.Toolbox.Tooltip.op-max	Returns the larger of the two numbers.	返回两个数中较大的那个。		
Vizzy.Toolbox.Tooltip.op-min	Returns the smaller of the two numbers.	返回两个数中较小的那个。		
Vizzy.Toolbox.Tooltip.op-mod	Returns the remainder of the left number divided by the right number.	返回左侧数除以右侧数的余数。		
Vizzy.Toolbox.Tooltip.op-mul	Multiplies the left and right numbers together and returns the result.	将左右两个数相乘并返回结果。		
Vizzy.Toolbox.Tooltip.op-not	Returns true if the condition is false. Returns false if the condition is true.	条件为假时返回真，条件为真时返回假。		
Vizzy.Toolbox.Tooltip.op-or	Returns true if either side is true.	任一侧为真时返回真。		
Vizzy.Toolbox.Tooltip.op-rand	Returns a random number between the two numbers.	返回两个数之间的随机数。		
Vizzy.Toolbox.Tooltip.op-sub	Subtracts the right number from the left number and returns the result.	用左侧的数减去右侧的数并返回结果。		
Vizzy.Toolbox.Tooltip.part	Gets a property of the part with the specified ID.	获取指定 ID 的零件的属性。		
Vizzy.Toolbox.Tooltip.part-collision	Event called when a part in the craft has collided with something else.	当载具中的某个零件与其他物体发生碰撞时触发的事件。		
Vizzy.Toolbox.Tooltip.part-explode	Event called when a part in the craft explodes.	当载具中的某个零件爆炸时触发的事件。		
Vizzy.Toolbox.Tooltip.part-id	The ID of the first part found with the specified name or -1 if none are found.	按指定名称找到的第一个零件的 ID，未找到时为 -1。		
Vizzy.Toolbox.Tooltip.part-transform	Converts the vector between local and PCI coordinates.	在本地坐标与 PCI 坐标之间转换向量。		
Vizzy.Toolbox.Tooltip.planet	Gets a property of the specified planet.	获取指定行星的属性。		
Vizzy.Toolbox.Tooltip.planet-to-lat-long-agl	Converts the position vector to a (latitude, longitude, AGL) vector.	将位置向量转换为 (纬度, 经度, AGL) 向量。		
Vizzy.Toolbox.Tooltip.planet-to-lat-long-asl	Converts the position vector to a (latitude, longitude, ASL) vector. It is much faster than the AGL counterpart.	将位置向量转换为 (纬度, 经度, ASL) 向量。它比对应的 AGL 版本快得多。		
Vizzy.Toolbox.Tooltip.planet-to-position	Converts the (latitude, longitude, AGL) vector to a position vector.	将 (纬度, 经度, AGL) 向量转换为位置向量。		
Vizzy.Toolbox.Tooltip.planet-to-position-asl	Converts the (latitude, longitude, ASL) vector to a position vector. It is much faster than the AGL counterpart.	将 (纬度, 经度, ASL) 向量转换为位置向量。它比对应的 AGL 版本快得多。		
Vizzy.Toolbox.Tooltip.play-beep	Plays a beep sound with the specified parameters.	按指定参数播放蜂鸣声。		
Vizzy.Toolbox.Tooltip.play-beep-waveform	Plays a beep with the selected waveform, pitch, volume, and duration.	以选定的波形、音调、音量和时长播放蜂鸣声。		
Vizzy.Toolbox.Tooltip.prop-altitude	Returns the altitude in meters.	返回高度，单位为米。		
Vizzy.Toolbox.Tooltip.prop-atmosphere	Returns the atmosphere property.	返回大气属性。		
Vizzy.Toolbox.Tooltip.prop-fuel	Returns the remaining fuel.	返回剩余燃料。		
Vizzy.Toolbox.Tooltip.prop-input	Returns the craft's current value for the specified input. The value returned will be between -1 and 1.	返回载具指定输入的当前值。返回的值在 -1 到 1 之间。		
Vizzy.Toolbox.Tooltip.prop-mfd-event	Gets the message name to broadcast when the widget receives the input.	获取控件接收到该输入时要广播的消息名称。		
Vizzy.Toolbox.Tooltip.prop-mfd-gauge	Returns information about the MFD gauge with the specified name.	返回指定名称的 MFD 仪表的信息。		
Vizzy.Toolbox.Tooltip.prop-mfd-label	Returns information about the MFD label widget with the specified name.	返回指定名称的 MFD 标签控件的信息。		
Vizzy.Toolbox.Tooltip.prop-mfd-pos	Converts the position vector between a widget's local coordinate system and the display's global coordinate system.	在控件的本地坐标系与显示器的全局坐标系之间转换位置向量。		
Vizzy.Toolbox.Tooltip.prop-mfd-sprite	Returns information about the MFD sprite with the specified name.	返回指定名称的 MFD 精灵的信息。		
Vizzy.Toolbox.Tooltip.prop-mfd-texture-getpixel	Gets the pixel at the specified coordinates. Note: Coordinates start at 1, not 0.	获取指定坐标处的像素。注意：坐标从 1 开始，而不是 0。		
Vizzy.Toolbox.Tooltip.prop-mfd-texture-getpixelalpha	Gets the alpha value of the pixel at the specified coordinates (0 = transparent, 1 = opaque). Note: Coordinates start at 1, not 0.	获取指定坐标处像素的 Alpha 值（0 = 透明，1 = 不透明）。注意：坐标从 1 开始，而不是 0。		
Vizzy.Toolbox.Tooltip.prop-mfd-widget	Returns information about the MFD widget with the specified name.	返回指定名称的 MFD 控件的信息。		
Vizzy.Toolbox.Tooltip.prop-misc	Miscellaneous properties.	杂项属性。		
Vizzy.Toolbox.Tooltip.prop-name	Returns the current name of the selected item.	返回所选项目的当前名称。		
Vizzy.Toolbox.Tooltip.prop-nav	Returns the specified navigation property of the craft.	返回载具指定的导航属性。		
Vizzy.Toolbox.Tooltip.prop-orbit	Returns the orbit parameter.	返回轨道参数。		
Vizzy.Toolbox.Tooltip.prop-performance	Returns the performance property of the craft.	返回载具的性能属性。		
Vizzy.Toolbox.Tooltip.prop-time	Returns the specified time in seconds.	返回指定的时间，单位为秒。		
Vizzy.Toolbox.Tooltip.prop-velocity	Returns the specified velocity in m/s (or m/s2 for accelerations).	返回指定的速度，单位为 m/s（加速度则为 m/s2）。		
Vizzy.Toolbox.Tooltip.receive-msg	Called when the flight program receives a message, with its data set to the value that was broadcasted.	当飞行程序收到消息时调用，其数据被设为广播时发送的值。		
Vizzy.Toolbox.Tooltip.repeat	Repeats the block of code the number of times specified.	将代码块重复执行指定的次数。		
Vizzy.Toolbox.Tooltip.set-ag	Activates or deactivates the specified activation group. Setting an AG to true activates it. False deactivates it.	激活或停用指定的激活组。将 AG 设为真会激活它，设为假则会停用它。		
Vizzy.Toolbox.Tooltip.set-camera	Sets the property on the camera.	设置相机的属性。		
Vizzy.Toolbox.Tooltip.set-heading	Sets the pitch or heading the craft should target.	设置载具要瞄准的俯仰或航向。		
Vizzy.Toolbox.Tooltip.set-input	Sets the selected craft input to the specified amount. Value must be between -1 and 1. For example, to set throttle to 65%, set this to 0.65.	将所选载具输入设为指定的值。该值必须在 -1 到 1 之间。例如，要将油门设为 65%，此处应填 0.65。		
Vizzy.Toolbox.Tooltip.set-mfd-alignment	Sets alignment of the label's text.	设置标签文本的对齐方式。		
Vizzy.Toolbox.Tooltip.set-mfd-anchor	Sets where the widget is anchored to its parent.	设置控件相对其父级的锚定位置。		
Vizzy.Toolbox.Tooltip.set-mfd-event	Sets the message name to broadcast when the widget receives the input. The message includes a data list: the first element is the data specified here, the second is the widget name, and the third is the local position of the input relative to the widget.	设置控件接收到该输入时要广播的消息名称。该消息包含一个数据列表：第一个元素是此处指定的数据，第二个是控件名称，第三个是该输入相对控件的本地位置。		
Vizzy.Toolbox.Tooltip.set-mfd-gauge	Sets the property of MFD gauge widget with the specified name.	设置指定名称的 MFD 仪表控件的属性。		
Vizzy.Toolbox.Tooltip.set-mfd-label	Sets the property of MFD text widget with the specified name.	设置指定名称的 MFD 文本控件的属性。		
Vizzy.Toolbox.Tooltip.set-mfd-line	Sets the property of the line widget.	设置直线控件的属性。		
Vizzy.Toolbox.Tooltip.set-mfd-line-points	Sets the line widget to connect the first point to the second point.	将直线控件设置为连接第一个点与第二个点。		
Vizzy.Toolbox.Tooltip.set-mfd-map	Sets the property of MFD map widget with the specified name.	设置指定名称的 MFD 地图控件的属性。		
Vizzy.Toolbox.Tooltip.set-mfd-navball	Sets the property of MFD navball widget with the specified name.	设置指定名称的 MFD 导航球控件的属性。		
Vizzy.Toolbox.Tooltip.set-mfd-order-back	Sends the widget behind the target widget, or behind everything if the target widget does not exist. Note: Widgets must share the same parent.	将控件置于目标控件之后；若目标控件不存在，则置于所有控件之后。注意：控件必须拥有相同的父级。		
Vizzy.Toolbox.Tooltip.set-mfd-order-front	Brings the widget in front of the target widget, or in front of all widgets if the target doesn't exist. Note: Widgets must share the same parent.	将控件置于目标控件之前；若目标控件不存在，则置于所有控件之前。注意：控件必须拥有相同的父级。		
Vizzy.Toolbox.Tooltip.set-mfd-sprite	Sets the property of MFD sprite widget with the specified name.	设置指定名称的 MFD 精灵控件的属性。		
Vizzy.Toolbox.Tooltip.set-mfd-texture-initialize	Initializes the texture to the specified width and height.	将贴图初始化为指定的宽度和高度。		
Vizzy.Toolbox.Tooltip.set-mfd-texture-setpixel	Sets the pixel at the coordinate to the specified color and alpha (0 = transparent, 1 = opaque). Note: Coordinates start at 1, not 0.	将坐标处的像素设为指定的颜色和 Alpha 值（0 = 透明，1 = 不透明）。注意：坐标从 1 开始，而不是 0。		
Vizzy.Toolbox.Tooltip.set-mfd-widget	Sets the property of MFD widget with the specified name.	设置指定名称的 MFD 控件的属性。		
Vizzy.Toolbox.Tooltip.set-part	Sets the property of the part with the specified ID.	设置指定 ID 的零件的属性。		
Vizzy.Toolbox.Tooltip.set-target	Sets the craft's current target planet or craft.	设置载具当前的目标行星或载具。		
Vizzy.Toolbox.Tooltip.set-time-mode	Sets the current time mode of the game.	设置游戏当前的时间模式。		
Vizzy.Toolbox.Tooltip.set-variable	Sets the value of the variable.	设置变量的值。		
Vizzy.Toolbox.Tooltip.speak	Speaks the text aloud. Pitch is in Hz and duration is in seconds; pass 0 on either for the default.	朗读文本。音调单位为 Hz，时长单位为秒；任一项填 0 表示使用默认值。		
Vizzy.Toolbox.Tooltip.substring	Returns the letters of the text between the start and end locations. If 0 is specified for start/end then the start/end of the text will be used.	返回文本中起始与结束位置之间的字符。若起始/结束位置填 0，则使用文本的开头/结尾。		
Vizzy.Toolbox.Tooltip.switch-craft	Switches to the craft with the specified ID. If the craft is far away, then this program may stop executing.	切换到指定 ID 的载具。若该载具距离过远，本程序可能会停止执行。		
Vizzy.Toolbox.Tooltip.terrain-query	Gets information about the current planet's terrain at the specified (latitude, longitude, 0) vector. The z component of the vector is not used.	获取指定 (纬度, 经度, 0) 向量处当前行星的地形信息。该向量的 z 分量不会被使用。		
Vizzy.Toolbox.Tooltip.true	Constant value for true.	真的常量值。		
Vizzy.Toolbox.Tooltip.user-input	Sets the value of the variable to text received from an input dialog presented to the user with the specified message.	将变量的值设为用户通过带指定消息的输入对话框所输入的文本。		
Vizzy.Toolbox.Tooltip.vec	Creates a vector from the x, y, and z components.	用 x、y、z 分量创建向量。		
Vizzy.Toolbox.Tooltip.vec-op-1	Access information from a vector.	访问向量中的信息。		
Vizzy.Toolbox.Tooltip.vec-op-2	Returns the result of the operation between the two vectors.	返回两个向量之间运算的结果。		
Vizzy.Toolbox.Tooltip.vec-op-color	Converts a hexadecimal color (ie #FF0000) into a color vector (ie 1,0,0).	将十六进制颜色（如 #FF0000）转换为颜色向量（如 1,0,0）。		
Vizzy.Toolbox.Tooltip.wait-seconds	Waits the specified number of seconds. It's also recommended to place a wait at the end of while and repeat loops, as it can improve performance.	等待指定的秒数。也建议在 while 和 repeat 循环末尾放一个等待，这样可以提升性能。		
Vizzy.Toolbox.Tooltip.wait-until	Waits until the condition is true.	等待直到条件为真。		
Vizzy.Toolbox.Tooltip.while	Loops until its condition is no longer true.	循环执行，直到其条件不再为真。		
Vizzy.UI.CreateButton.Expression.Text	Create Custom Expression	创建自定义表达式		
Vizzy.UI.CreateButton.Expression.Tooltip	Create a custom expression to use in the program.	创建可在程序中使用的自定义表达式。		
Vizzy.UI.CreateButton.Instruction.Text	Create Custom Instruction	创建自定义指令		
Vizzy.UI.CreateButton.Instruction.Tooltip	Create a custom instruction to use in the program.	创建可在程序中使用的自定义指令。		
Vizzy.UI.CreateButton.List.Text	Create List Variable	创建列表变量		
Vizzy.UI.CreateButton.List.Tooltip	Create a new list variable to use in the program.	创建可在程序中使用的列表变量。		
Vizzy.UI.CreateButton.Variable.Text	Create Variable	创建变量		
Vizzy.UI.CreateButton.Variable.Tooltip	Create a new variable to use in the program.	创建可在程序中使用的变量。		
Vizzy.UI.CreateCustomExpression.NameExists	There is already a Custom Expression with this name. Please choose a different name.	已存在同名的自定义表达式，请换一个名称。		
Vizzy.UI.CreateCustomExpression.NamePlaceholder	Expression Name	表达式名称		
Vizzy.UI.CreateCustomExpression.NamePrompt	Enter a name for this Custom Expression.	请输入此自定义表达式的名称。		
Vizzy.UI.CreateCustomInstruction.NameExists	There is already a Custom Instruction with this name. Please choose a different name.	已存在同名的自定义指令，请换一个名称。		
Vizzy.UI.CreateCustomInstruction.NamePlaceholder	Instruction Name	指令名称		
Vizzy.UI.CreateCustomInstruction.NamePrompt	Enter a name for this Custom Instruction.	请输入此自定义指令的名称。		
Vizzy.UI.CreateVariable.Message	CREATE VARIABLE\nOnly letters and numbers are allowed. No special characters and no spaces.	创建变量\n仅允许字母和数字。不允许特殊字符，也不允许空格。		
Vizzy.UI.CreateVariable.OkayButton	CREATE	创建		
Vizzy.UI.CustomExpressionInUse.Error	Custom Expression '{0}' is used in the program and cannot be deleted ({1} references).\n	自定义表达式“{0}”正在程序中使用，无法删除（{1} 处引用）。\n		
Vizzy.UI.CustomInstructionInUse.Error	Custom Instruction '{0}' is used in the program and cannot be deleted ({1} references).\n	自定义指令“{0}”正在程序中使用，无法删除（{1} 处引用）。\n		
Vizzy.UI.DiscardAndExit.Label	DISCARD AND EXIT	放弃并退出		
Vizzy.UI.DiscardAndExit.Tooltip	Discard the changes you've made to the craft's flight program.	放弃你对载具飞行程序所做的更改。		
Vizzy.UI.DiscardChanges.Confirm	Are you sure you want to discard your changes to the craft's flight program? Unsaved changes will be lost.	确定要放弃对载具飞行程序的更改吗？未保存的更改将会丢失。		
Vizzy.UI.EditVariable.Confirm	Would you like to rename this variable or delete it from the program?	你想重命名此变量，还是将其从程序中删除？		
Vizzy.UI.EditVariable.RenameButton	RENAME	重命名		
Vizzy.UI.Grid.Label	Grid	网格		
Vizzy.UI.ImportConflict.Expression	Cannot import custom expression with name '{0}' because that name is already being used in the program.	无法导入名称为“{0}”的自定义表达式，因为该名称已在程序中使用。		
Vizzy.UI.ImportConflict.Header	Unable to import program because of the following errors:\n\n	由于以下错误，无法导入程序：\n\n		
Vizzy.UI.ImportConflict.Instruction	Cannot import custom instruction with name '{0}' because that name is already being used in the program.	无法导入名称为“{0}”的自定义指令，因为该名称已在程序中使用。		
Vizzy.UI.ImportConflict.Truncated	\nThere are {0} more error(s) that have been truncated.	\n还有 {0} 个错误已被截断。		
Vizzy.UI.ImportProgram.Label	IMPORT PROGRAM	导入程序		
Vizzy.UI.ImportProgram.Tooltip	Import an existing program into this program.	将已有的程序导入到此程序中。		
Vizzy.UI.LoadFailed.Message	Unable to load flight program.	无法加载飞行程序。		
Vizzy.UI.LoadProgram.Label	LOAD PROGRAM	加载程序		
Vizzy.UI.LoadProgram.Tooltip	Load an existing program from your hard drive.	从硬盘加载已有的程序。		
Vizzy.UI.MfdRequired.Message	This program might require an MFD and therefore might not work correctly on this part.	此程序可能需要 MFD，因此在该零件上可能无法正常工作。		
Vizzy.UI.MoreInfo.Label	MORE INFO	更多信息		
Vizzy.UI.MoreInfo.Tooltip	Start here to learn more about how to use Vizzy.	从这里开始了解如何使用 Vizzy。		
Vizzy.UI.NewProgram.Confirm	Are you sure you want to create a new program? Unsaved changes will be lost.	确定要新建程序吗？未保存的更改将会丢失。		
Vizzy.UI.NewProgram.Label	NEW PROGRAM	新建程序		
Vizzy.UI.NewProgram.Tooltip	Start over with a new program.	用新程序重新开始。		
Vizzy.UI.ProgramDiscarded.Message	Program changes discarded.	已放弃程序更改。		
Vizzy.UI.ProgramExists.Confirm	A program already exists with that name. Do you wish to overwrite it?	已存在同名的程序。是否覆盖它？		
Vizzy.UI.ProgramImported.Message	Imported Program	已导入程序		
Vizzy.UI.ProgramLoaded.Message	Loaded Program	已加载程序		
Vizzy.UI.ProgramSaved.Message	Program saved to craft.	程序已保存到载具。		
Vizzy.UI.ReadOnly.Message	Vizzy is currently read-only and programs cannot be modified.\nUpgrade to the {0} to fully unlock Vizzy.	Vizzy 当前为只读状态，无法修改程序。\n升级到 {0} 即可完全解锁 Vizzy。		
Vizzy.UI.Redo.Label	REDO	重做		
Vizzy.UI.Redo.Tooltip	Redoes the last step.	重做上一步。		
Vizzy.UI.RedoComplete.Message	Redo complete.	重做完成。		
Vizzy.UI.RenameLocalVariable.Message	RENAME LOCAL VARIABLE	重命名局部变量		
Vizzy.UI.RenameVariable.Message	RENAME VARIABLE	重命名变量		
Vizzy.UI.SaveProgram.Label	SAVE PROGRAM	保存程序		
Vizzy.UI.SaveProgram.PlaceholderText	PROGRAM NAME	程序名称		
Vizzy.UI.SaveProgram.Tooltip	Save this program to your hard drive.	将此程序保存到你的硬盘。		
Vizzy.UI.SaveToCraft.Label	SAVE TO CRAFT	保存到载具		
Vizzy.UI.SaveToCraft.Tooltip	Save the changes to the craft's flight program.	将更改保存到载具的飞行程序。		
Vizzy.UI.SelectionCannotBeDeleted.Prefix	Selection cannot be deleted:\n	无法删除所选内容：\n		
Vizzy.UI.Undo.Label	UNDO	撤销		
Vizzy.UI.Undo.Tooltip	Undoes the last step.	撤销上一步。		
Vizzy.UI.UndoComplete.Message	Undo complete.	撤销完成。		
Vizzy.UI.Upgrade.Label	Upgrade	升级		
Vizzy.UI.VariableExists.Error	A variable with that name already exists. Please use a different name.	已存在同名变量。请使用其他名称。		
Vizzy.UI.VariableName.Placeholder	VariableName	变量名		
Wing.CustomDragCoefficientsDisabled	This career doesn't allow the use of custom Drag Coefficients.	此生涯模式不允许使用自定义阻力系数。		
Wing.CustomLiftCoefficientsDisabled	This career doesn't allow the use of custom Lift Coefficients.	此生涯模式不允许使用自定义升力系数。		
